{"type": "Collection Version", "uuid": "20508", "id": "1", "short_code": "CIELImmunizationContent", "name": "CIEL Immunization Content", "full_name": "CIEL Immunization Content", "description": "Basic content", "collection_type": "Dictionary", "custom_validation_schema": "None", "public_access": "View", "default_locale": "eng", "supported_locales": ["eng"], "website": null, "url": "/orgs/openmrs/collections/CIELImmunizationContent/", "owner": "openmrs", "owner_type": "Organization", "owner_url": "/orgs/openmrs/", "version_url": "/orgs/openmrs/collections/CIELImmunizationContent/1/", "previous_version_url": "/orgs/openmrs/collections/CIELImmunizationContent/", "created_on": "2022-10-05T20:29:53.516900Z", "updated_on": "2022-10-05T20:29:53.962349Z", "created_by": "gpotma", "updated_by": "gpotma", "extras": {}, "external_id": null, "version": "1", "concepts_url": "/orgs/openmrs/collections/CIELImmunizationContent/1/concepts/", "mappings_url": "/orgs/openmrs/collections/CIELImmunizationContent/1/mappings/", "expansions_url": "/orgs/openmrs/collections/CIELImmunizationContent/1/expansions/", "is_processing": true, "released": true, "retired": false, "canonical_url": null, "identifier": {}, "publisher": null, "contact": {}, "jurisdiction": {}, "purpose": null, "copyright": null, "meta": null, "immutable": null, "revision_date": null, "text": null, "experimental": null, "locked_date": null, "autoexpand": true, "expansion_url": "/orgs/openmrs/collections/CIELImmunizationContent/1/expansions/autoexpand-1/", "collection": {"id": "CIELImmunizationContent", "url": "/orgs/openmrs/collections/CIELImmunizationContent/", "meta": null, "name": "CIEL Immunization Content", "text": null, "type": "Collection", "uuid": "20505", "owner": "openmrs", "extras": {}, "contact": {}, "purpose": null, "version": "HEAD", "website": null, "logo_url": null, "copyright": null, "full_name": "CIEL Immunization Content", "immutable": null, "owner_url": "/orgs/openmrs/", "publisher": null, "created_by": "gpotma", "created_on": "2022-10-05T20:07:04.886823Z", "identifier": {}, "owner_type": "Organization", "references": [], "short_code": "CIELImmunizationContent", "updated_by": "gpotma", "updated_on": "2022-10-05T20:29:03.666898Z", "description": null, "external_id": null, "locked_date": null, "concepts_url": "/orgs/openmrs/collections/CIELImmunizationContent/concepts/", "experimental": null, "jurisdiction": {}, "mappings_url": "/orgs/openmrs/collections/CIELImmunizationContent/mappings/", "versions_url": "/orgs/openmrs/collections/CIELImmunizationContent/versions/", "canonical_url": null, "expansion_url": "/orgs/openmrs/collections/CIELImmunizationContent/HEAD/expansions/autoexpand-HEAD/", "public_access": "View", "revision_date": null, "default_locale": "eng", "expansions_url": "/orgs/openmrs/collections/CIELImmunizationContent/expansions/", "autoexpand_head": true, "collection_type": "Dictionary", "repository_type": "Collection", "preferred_source": "", "supported_locales": ["eng"], "custom_validation_schema": "None", "custom_resources_linked_source": ""}, "concepts": [{"type": "Concept", "uuid": "2237600", "id": "984", "external_id": "984AAAAAAAAAAAAAAAAAAAAAAAAAAAAAAAAA", "concept_class": "ConvSet", "datatype": "Coded", "display_name": "Immunizations", "display_locale": "en", "names": [{"uuid": "2776300", "name": "Immunizations", "external_id": "1034BBBBBBBBBBBBBBBBBBBBBBBBBBBBBBBB", "type": "ConceptName", "locale": "en", "locale_preferred": true, "name_type": "FULLY_SPECIFIED"}, {"uuid": "2776301", "name": "Immunisations", "external_id": "135660BBBBBBBBBBBBBBBBBBBBBBBBBBBBBB", "type": "ConceptName", "locale": "fr", "locale_preferred": true, "name_type": "FULLY_SPECIFIED"}, {"uuid": "2776302", "name": "VAKSEN YO", "external_id": "135661BBBBBBBBBBBBBBBBBBBBBBBBBBBBBB", "type": "ConceptName", "locale": "ht", "locale_preferred": true, "name_type": "FULLY_SPECIFIED"}], "descriptions": [{"uuid": "2776303", "description": "Information gathered from the pediatric return visit form.  Captures basic information about immunizations administered during a visit.", "external_id": "986FFFFFFFFFFFFFFFFFFFFFFFFFFFFFFFFF", "type": "ConceptDescription", "locale": "en", "locale_preferred": false, "description_type": null}], "extras": {}, "retired": false, "source": "CIEL", "source_url": "/orgs/CIEL/sources/CIEL/", "owner": "CIEL", "owner_name": "CIEL", "owner_url": "/orgs/CIEL/", "version": "2237600", "created_on": "2022-08-17T00:37:48.477846Z", "updated_on": "2022-08-17T00:37:48.481067Z", "version_created_on": "2022-08-17T00:37:48.477846Z", "version_created_by": "ocladmin", "update_comment": null, "is_latest_version": true, "locale": null, "url": "/orgs/CIEL/sources/CIEL/concepts/984/", "owner_type": "Organization", "version_url": "/orgs/CIEL/sources/CIEL/concepts/984/2237600/", "previous_version_url": "/orgs/CIEL/sources/CIEL/concepts/984/1675366/", "parent_concept_urls": [], "child_concept_urls": []}, {"type": "Concept", "uuid": "2233526", "id": "1421", "external_id": "1421AAAAAAAAAAAAAAAAAAAAAAAAAAAAAAAA", "concept_class": "Finding", "datatype": "N/A", "display_name": "Immunization history", "display_locale": "en", "names": [{"uuid": "2765091", "name": "Immunization history", "external_id": "1585BBBBBBBBBBBBBBBBBBBBBBBBBBBBBBBB", "type": "ConceptName", "locale": "en", "locale_preferred": true, "name_type": "FULLY_SPECIFIED"}, {"uuid": "2765092", "name": "Historique vaccinale", "external_id": "1586BBBBBBBBBBBBBBBBBBBBBBBBBBBBBBBB", "type": "ConceptName", "locale": "fr", "locale_preferred": true, "name_type": "FULLY_SPECIFIED"}, {"uuid": "2765093", "name": "immunization hx", "external_id": "86876BBBBBBBBBBBBBBBBBBBBBBBBBBBBBBB", "type": "ConceptName", "locale": "en", "locale_preferred": false, "name_type": "SHORT"}, {"uuid": "2765094", "name": "vaccination history", "external_id": "107785BBBBBBBBBBBBBBBBBBBBBBBBBBBBBB", "type": "ConceptName", "locale": "en", "locale_preferred": false, "name_type": null}, {"uuid": "2765095", "name": "vaccination hx", "external_id": "107786BBBBBBBBBBBBBBBBBBBBBBBBBBBBBB", "type": "ConceptName", "locale": "en", "locale_preferred": false, "name_type": null}, {"uuid": "2765096", "name": "Historia ya Chanjo", "external_id": "110133BBBBBBBBBBBBBBBBBBBBBBBBBBBBBB", "type": "ConceptName", "locale": "sw", "locale_preferred": true, "name_type": "FULLY_SPECIFIED"}, {"uuid": "2765097", "name": "ISTWA DE VAKSEN", "external_id": "135659BBBBBBBBBBBBBBBBBBBBBBBBBBBBBB", "type": "ConceptName", "locale": "ht", "locale_preferred": true, "name_type": "FULLY_SPECIFIED"}], "descriptions": [], "extras": {"is_set": 1}, "retired": false, "source": "CIEL", "source_url": "/orgs/CIEL/sources/CIEL/", "owner": "CIEL", "owner_name": "CIEL", "owner_url": "/orgs/CIEL/", "version": "2233526", "created_on": "2022-08-17T00:29:45.465674Z", "updated_on": "2022-08-17T00:29:45.468389Z", "version_created_on": "2022-08-17T00:29:45.465674Z", "version_created_by": "ocladmin", "update_comment": null, "is_latest_version": true, "locale": null, "url": "/orgs/CIEL/sources/CIEL/concepts/1421/", "owner_type": "Organization", "version_url": "/orgs/CIEL/sources/CIEL/concepts/1421/2233526/", "previous_version_url": "/orgs/CIEL/sources/CIEL/concepts/1421/1675806/", "parent_concept_urls": [], "child_concept_urls": []}, {"type": "Concept", "uuid": "2233035", "id": "1418", "external_id": "1418AAAAAAAAAAAAAAAAAAAAAAAAAAAAAAAA", "concept_class": "Finding", "datatype": "Numeric", "display_name": "Immunization sequence number", "display_locale": "en", "names": [{"uuid": "2763726", "name": "Immunization sequence number", "external_id": "1577BBBBBBBBBBBBBBBBBBBBBBBBBBBBBBBB", "type": "ConceptName", "locale": "en", "locale_preferred": true, "name_type": "FULLY_SPECIFIED"}, {"uuid": "2763727", "name": "Num\u00e9ro des vaccinations", "external_id": "1578BBBBBBBBBBBBBBBBBBBBBBBBBBBBBBBB", "type": "ConceptName", "locale": "fr", "locale_preferred": true, "name_type": "FULLY_SPECIFIED"}, {"uuid": "2763728", "name": "immunization no", "external_id": "86873BBBBBBBBBBBBBBBBBBBBBBBBBBBBBBB", "type": "ConceptName", "locale": "en", "locale_preferred": false, "name_type": "SHORT"}, {"uuid": "2763729", "name": "Vaccination sequence number", "external_id": "107783BBBBBBBBBBBBBBBBBBBBBBBBBBBBBB", "type": "ConceptName", "locale": "en", "locale_preferred": false, "name_type": null}, {"uuid": "2763730", "name": "Nimewo doz vaksen", "external_id": "135665BBBBBBBBBBBBBBBBBBBBBBBBBBBBBB", "type": "ConceptName", "locale": "ht", "locale_preferred": true, "name_type": "FULLY_SPECIFIED"}], "descriptions": [], "extras": {"units": "", "low_absolute": 0, "allow_decimal": false}, "retired": false, "source": "CIEL", "source_url": "/orgs/CIEL/sources/CIEL/", "owner": "CIEL", "owner_name": "CIEL", "owner_url": "/orgs/CIEL/", "version": "2233035", "created_on": "2022-08-17T00:28:48.530595Z", "updated_on": "2022-08-17T00:28:48.533817Z", "version_created_on": "2022-08-17T00:28:48.530595Z", "version_created_by": "ocladmin", "update_comment": null, "is_latest_version": true, "locale": null, "url": "/orgs/CIEL/sources/CIEL/concepts/1418/", "owner_type": "Organization", "version_url": "/orgs/CIEL/sources/CIEL/concepts/1418/2233035/", "previous_version_url": "/orgs/CIEL/sources/CIEL/concepts/1418/1675800/", "parent_concept_urls": [], "child_concept_urls": []}, {"type": "Concept", "uuid": "2218992", "id": "165907", "external_id": "165907AAAAAAAAAAAAAAAAAAAAAAAAAAAAAA", "concept_class": "Finding", "datatype": "Date", "display_name": "Vaccine lot expiration date", "display_locale": "en", "names": [{"uuid": "2725745", "name": "Vaccine lot expiration date", "external_id": "143501BBBBBBBBBBBBBBBBBBBBBBBBBBBBBB", "type": "ConceptName", "locale": "en", "locale_preferred": true, "name_type": "FULLY_SPECIFIED"}], "descriptions": [], "extras": {}, "retired": false, "source": "CIEL", "source_url": "/orgs/CIEL/sources/CIEL/", "owner": "CIEL", "owner_name": "CIEL", "owner_url": "/orgs/CIEL/", "version": "2218992", "created_on": "2022-08-17T00:01:52.478853Z", "updated_on": "2022-08-17T00:01:52.481670Z", "version_created_on": "2022-08-17T00:01:52.478853Z", "version_created_by": "ocladmin", "update_comment": null, "is_latest_version": true, "locale": null, "url": "/orgs/CIEL/sources/CIEL/concepts/165907/", "owner_type": "Organization", "version_url": "/orgs/CIEL/sources/CIEL/concepts/165907/2218992/", "previous_version_url": "/orgs/CIEL/sources/CIEL/concepts/165907/1728312/", "parent_concept_urls": [], "child_concept_urls": []}, {"type": "Concept", "uuid": "99342", "id": "166011", "external_id": "166011AAAAAAAAAAAAAAAAAAAAAAAAAAAAAA", "concept_class": "Question", "datatype": "Text", "display_name": "Immunization, non-coded", "display_locale": "en", "names": [{"uuid": "2726264", "name": "Immunization, non-coded", "external_id": "143957BBBBBBBBBBBBBBBBBBBBBBBBBBBBBB", "type": "ConceptName", "locale": "en", "locale_preferred": true, "name_type": "FULLY_SPECIFIED"}, {"uuid": "2726265", "name": "Vaccine, non-coded", "external_id": "143958BBBBBBBBBBBBBBBBBBBBBBBBBBBBBB", "type": "ConceptName", "locale": "en", "locale_preferred": false, "name_type": null}], "descriptions": [], "extras": {}, "retired": false, "source": "CIEL", "source_url": "/orgs/CIEL/sources/CIEL/", "owner": "CIEL", "owner_name": "CIEL", "owner_url": "/orgs/CIEL/", "version": "99342", "created_on": "2021-03-29T05:02:34.218755Z", "updated_on": "2022-08-17T00:02:16.022018Z", "version_created_on": "2021-03-29T05:02:34.218755Z", "version_created_by": "ocladmin", "update_comment": null, "is_latest_version": false, "locale": null, "url": "/orgs/CIEL/sources/CIEL/concepts/166011/", "owner_type": "Organization", "version_url": "/orgs/CIEL/sources/CIEL/concepts/166011/2219200/", "previous_version_url": null, "parent_concept_urls": [], "child_concept_urls": []}, {"type": "Concept", "uuid": "98209", "id": "163100", "external_id": "163100AAAAAAAAAAAAAAAAAAAAAAAAAAAAAA", "concept_class": "Question", "datatype": "Coded", "display_name": "Procedure received by patient", "display_locale": "en", "names": [{"uuid": "2710558", "name": "Procedure received by patient", "external_id": "134365BBBBBBBBBBBBBBBBBBBBBBBBBBBBBB", "type": "ConceptName", "locale": "en", "locale_preferred": true, "name_type": "FULLY_SPECIFIED"}, {"uuid": "2710559", "name": "Proc\u00e9dure re\u00e7ue par le patient", "external_id": "135767BBBBBBBBBBBBBBBBBBBBBBBBBBBBBB", "type": "ConceptName", "locale": "fr", "locale_preferred": true, "name_type": "FULLY_SPECIFIED"}, {"uuid": "2710560", "name": "Pasyan te resevwa pwosedi", "external_id": "135768BBBBBBBBBBBBBBBBBBBBBBBBBBBBBB", "type": "ConceptName", "locale": "ht", "locale_preferred": true, "name_type": "FULLY_SPECIFIED"}], "descriptions": [{"uuid": "2710561", "description": "Question as to whether the procedure (immunization, etc.) was actually received by the patient.", "external_id": "17575FFFFFFFFFFFFFFFFFFFFFFFFFFFFFFF", "type": "ConceptDescription", "locale": "en", "locale_preferred": false, "description_type": null}], "extras": {}, "retired": false, "source": "CIEL", "source_url": "/orgs/CIEL/sources/CIEL/", "owner": "CIEL", "owner_name": "CIEL", "owner_url": "/orgs/CIEL/", "version": "98209", "created_on": "2021-03-29T05:02:25.154253Z", "updated_on": "2022-08-16T23:50:58.392568Z", "version_created_on": "2021-03-29T05:02:25.154253Z", "version_created_by": "ocladmin", "update_comment": null, "is_latest_version": false, "locale": null, "url": "/orgs/CIEL/sources/CIEL/concepts/163100/", "owner_type": "Organization", "version_url": "/orgs/CIEL/sources/CIEL/concepts/163100/2213353/", "previous_version_url": null, "parent_concept_urls": [], "child_concept_urls": []}, {"type": "Concept", "uuid": "4340", "id": "1410", "external_id": "1410AAAAAAAAAAAAAAAAAAAAAAAAAAAAAAAA", "concept_class": "Finding", "datatype": "Date", "display_name": "Vaccination date", "display_locale": "en", "names": [{"uuid": "2759321", "name": "Vaccination date", "external_id": "1565BBBBBBBBBBBBBBBBBBBBBBBBBBBBBBBB", "type": "ConceptName", "locale": "en", "locale_preferred": true, "name_type": "FULLY_SPECIFIED"}, {"uuid": "2759322", "name": "Date de vaccination", "external_id": "1566BBBBBBBBBBBBBBBBBBBBBBBBBBBBBBBB", "type": "ConceptName", "locale": "fr", "locale_preferred": true, "name_type": "FULLY_SPECIFIED"}, {"uuid": "2759323", "name": "tarehe ya kupewa chanjo/Kinga", "external_id": "1567BBBBBBBBBBBBBBBBBBBBBBBBBBBBBBBB", "type": "ConceptName", "locale": "sw", "locale_preferred": true, "name_type": "FULLY_SPECIFIED"}, {"uuid": "2759324", "name": "Vaccination date", "external_id": "86865BBBBBBBBBBBBBBBBBBBBBBBBBBBBBBB", "type": "ConceptName", "locale": "en", "locale_preferred": false, "name_type": "SHORT"}, {"uuid": "2759325", "name": "immunization date", "external_id": "107781BBBBBBBBBBBBBBBBBBBBBBBBBBBBBB", "type": "ConceptName", "locale": "en", "locale_preferred": false, "name_type": null}, {"uuid": "2759326", "name": "Dat vaksen", "external_id": "135664BBBBBBBBBBBBBBBBBBBBBBBBBBBBBB", "type": "ConceptName", "locale": "ht", "locale_preferred": true, "name_type": "FULLY_SPECIFIED"}], "descriptions": [{"uuid": "2759327", "description": "The full date of a vaccination", "external_id": "1379FFFFFFFFFFFFFFFFFFFFFFFFFFFFFFFF", "type": "ConceptDescription", "locale": "en", "locale_preferred": false, "description_type": null}], "extras": {}, "retired": false, "source": "CIEL", "source_url": "/orgs/CIEL/sources/CIEL/", "owner": "CIEL", "owner_name": "CIEL", "owner_url": "/orgs/CIEL/", "version": "4340", "created_on": "2021-03-29T03:51:56.185522Z", "updated_on": "2022-08-17T00:25:50.517846Z", "version_created_on": "2021-03-29T03:51:56.185522Z", "version_created_by": "ocladmin", "update_comment": null, "is_latest_version": false, "locale": null, "url": "/orgs/CIEL/sources/CIEL/concepts/1410/", "owner_type": "Organization", "version_url": "/orgs/CIEL/sources/CIEL/concepts/1410/2231530/", "previous_version_url": null, "parent_concept_urls": [], "child_concept_urls": []}, {"type": "Concept", "uuid": "4149", "id": "1419", "external_id": "1419AAAAAAAAAAAAAAAAAAAAAAAAAAAAAAAA", "concept_class": "Finding", "datatype": "Text", "display_name": "Vaccine manufacturer", "display_locale": "en", "names": [{"uuid": "2764302", "name": "Vaccine manufacturer", "external_id": "1579BBBBBBBBBBBBBBBBBBBBBBBBBBBBBBBB", "type": "ConceptName", "locale": "en", "locale_preferred": true, "name_type": "FULLY_SPECIFIED"}, {"uuid": "2764303", "name": "Fabricant du vaccin", "external_id": "1580BBBBBBBBBBBBBBBBBBBBBBBBBBBBBBBB", "type": "ConceptName", "locale": "fr", "locale_preferred": true, "name_type": "FULLY_SPECIFIED"}, {"uuid": "2764304", "name": "Kiwanda cha kutengeneza chanjo", "external_id": "1581BBBBBBBBBBBBBBBBBBBBBBBBBBBBBBBB", "type": "ConceptName", "locale": "sw", "locale_preferred": true, "name_type": "FULLY_SPECIFIED"}, {"uuid": "2764305", "name": "vaccine maker", "external_id": "86874BBBBBBBBBBBBBBBBBBBBBBBBBBBBBBB", "type": "ConceptName", "locale": "en", "locale_preferred": false, "name_type": "SHORT"}], "descriptions": [], "extras": {}, "retired": false, "source": "CIEL", "source_url": "/orgs/CIEL/sources/CIEL/", "owner": "CIEL", "owner_name": "CIEL", "owner_url": "/orgs/CIEL/", "version": "4149", "created_on": "2021-03-29T03:51:54.702534Z", "updated_on": "2022-08-17T00:29:09.604259Z", "version_created_on": "2021-03-29T03:51:54.702534Z", "version_created_by": "ocladmin", "update_comment": null, "is_latest_version": false, "locale": null, "url": "/orgs/CIEL/sources/CIEL/concepts/1419/", "owner_type": "Organization", "version_url": "/orgs/CIEL/sources/CIEL/concepts/1419/2233214/", "previous_version_url": null, "parent_concept_urls": [], "child_concept_urls": []}, {"type": "Concept", "uuid": "3095", "id": "1420", "external_id": "1420AAAAAAAAAAAAAAAAAAAAAAAAAAAAAAAA", "concept_class": "Finding", "datatype": "Text", "display_name": "Vaccine lot number", "display_locale": "en", "names": [{"uuid": "2764717", "name": "Vaccine lot number", "external_id": "1582BBBBBBBBBBBBBBBBBBBBBBBBBBBBBBBB", "type": "ConceptName", "locale": "en", "locale_preferred": true, "name_type": "FULLY_SPECIFIED"}, {"uuid": "2764718", "name": "Num\u00e9ro du lot du vaccin", "external_id": "1583BBBBBBBBBBBBBBBBBBBBBBBBBBBBBBBB", "type": "ConceptName", "locale": "fr", "locale_preferred": true, "name_type": "FULLY_SPECIFIED"}, {"uuid": "2764719", "name": "Namba ya chanjo", "external_id": "1584BBBBBBBBBBBBBBBBBBBBBBBBBBBBBBBB", "type": "ConceptName", "locale": "sw", "locale_preferred": true, "name_type": "FULLY_SPECIFIED"}, {"uuid": "2764720", "name": "vaccine lot no", "external_id": "86875BBBBBBBBBBBBBBBBBBBBBBBBBBBBBBB", "type": "ConceptName", "locale": "en", "locale_preferred": false, "name_type": "SHORT"}, {"uuid": "2764721", "name": "immunization lot number", "external_id": "107782BBBBBBBBBBBBBBBBBBBBBBBBBBBBBB", "type": "ConceptName", "locale": "en", "locale_preferred": false, "name_type": null}], "descriptions": [], "extras": {}, "retired": false, "source": "CIEL", "source_url": "/orgs/CIEL/sources/CIEL/", "owner": "CIEL", "owner_name": "CIEL", "owner_url": "/orgs/CIEL/", "version": "3095", "created_on": "2021-03-29T03:51:46.014361Z", "updated_on": "2022-08-17T00:29:29.274808Z", "version_created_on": "2021-03-29T03:51:46.014361Z", "version_created_by": "ocladmin", "update_comment": null, "is_latest_version": false, "locale": null, "url": "/orgs/CIEL/sources/CIEL/concepts/1420/", "owner_type": "Organization", "version_url": "/orgs/CIEL/sources/CIEL/concepts/1420/2233378/", "previous_version_url": null, "parent_concept_urls": [], "child_concept_urls": []}], "references": [{"expression": "/orgs/CIEL/sources/CIEL/concepts/1421/", "reference_type": "concepts", "id": 1252420, "last_resolved_at": "2022-10-05T20:29:53.914810Z", "uri": "/orgs/openmrs/collections/CIELImmunizationContent/1/references/1252420/", "uuid": "1252420", "include": true, "type": "CollectionReference"}, {"expression": "/orgs/CIEL/sources/CIEL/mappings/6886/", "reference_type": "mappings", "id": 1252419, "last_resolved_at": "2022-10-05T20:29:53.899326Z", "uri": "/orgs/openmrs/collections/CIELImmunizationContent/1/references/1252419/", "uuid": "1252419", "include": true, "type": "CollectionReference"}, {"expression": "/orgs/CIEL/sources/CIEL/mappings/5907/", "reference_type": "mappings", "id": 1252418, "last_resolved_at": "2022-10-05T20:29:53.883876Z", "uri": "/orgs/openmrs/collections/CIELImmunizationContent/1/references/1252418/", "uuid": "1252418", "include": true, "type": "CollectionReference"}, {"expression": "/orgs/CIEL/sources/CIEL/mappings/7886/", "reference_type": "mappings", "id": 1252417, "last_resolved_at": "2022-10-05T20:29:53.870943Z", "uri": "/orgs/openmrs/collections/CIELImmunizationContent/1/references/1252417/", "uuid": "1252417", "include": true, "type": "CollectionReference"}, {"expression": "/orgs/CIEL/sources/CIEL/mappings/7208/", "reference_type": "mappings", "id": 1252416, "last_resolved_at": "2022-10-05T20:29:53.856501Z", "uri": "/orgs/openmrs/collections/CIELImmunizationContent/1/references/1252416/", "uuid": "1252416", "include": true, "type": "CollectionReference"}, {"expression": "/orgs/CIEL/sources/CIEL/mappings/8063/", "reference_type": "mappings", "id": 1252415, "last_resolved_at": "2022-10-05T20:29:53.839239Z", "uri": "/orgs/openmrs/collections/CIELImmunizationContent/1/references/1252415/", "uuid": "1252415", "include": true, "type": "CollectionReference"}, {"expression": "/orgs/CIEL/sources/CIEL/mappings/1010595/", "reference_type": "mappings", "id": 1252414, "last_resolved_at": "2022-10-05T20:29:53.824593Z", "uri": "/orgs/openmrs/collections/CIELImmunizationContent/1/references/1252414/", "uuid": "1252414", "include": true, "type": "CollectionReference"}, {"expression": "/orgs/CIEL/sources/CIEL/mappings/6890/", "reference_type": "mappings", "id": 1252413, "last_resolved_at": "2022-10-05T20:29:53.809528Z", "uri": "/orgs/openmrs/collections/CIELImmunizationContent/1/references/1252413/", "uuid": "1252413", "include": true, "type": "CollectionReference"}, {"expression": "/orgs/CIEL/sources/CIEL/mappings/7755/", "reference_type": "mappings", "id": 1252412, "last_resolved_at": "2022-10-05T20:29:53.791437Z", "uri": "/orgs/openmrs/collections/CIELImmunizationContent/1/references/1252412/", "uuid": "1252412", "include": true, "type": "CollectionReference"}, {"expression": "/orgs/CIEL/sources/CIEL/mappings/7068/", "reference_type": "mappings", "id": 1252411, "last_resolved_at": "2022-10-05T20:29:53.776879Z", "uri": "/orgs/openmrs/collections/CIELImmunizationContent/1/references/1252411/", "uuid": "1252411", "include": true, "type": "CollectionReference"}, {"expression": "/orgs/CIEL/sources/CIEL/mappings/7983/", "reference_type": "mappings", "id": 1252410, "last_resolved_at": "2022-10-05T20:29:53.760131Z", "uri": "/orgs/openmrs/collections/CIELImmunizationContent/1/references/1252410/", "uuid": "1252410", "include": true, "type": "CollectionReference"}, {"expression": "/orgs/CIEL/sources/CIEL/mappings/7925/", "reference_type": "mappings", "id": 1252409, "last_resolved_at": "2022-10-05T20:29:53.745325Z", "uri": "/orgs/openmrs/collections/CIELImmunizationContent/1/references/1252409/", "uuid": "1252409", "include": true, "type": "CollectionReference"}, {"expression": "/orgs/CIEL/sources/CIEL/concepts/984/", "reference_type": "concepts", "id": 1252408, "last_resolved_at": "2022-10-05T20:29:53.728156Z", "uri": "/orgs/openmrs/collections/CIELImmunizationContent/1/references/1252408/", "uuid": "1252408", "include": true, "type": "CollectionReference"}, {"expression": "/orgs/CIEL/sources/CIEL/concepts/166011/", "reference_type": "concepts", "id": 1252407, "last_resolved_at": "2022-10-05T20:29:53.711380Z", "uri": "/orgs/openmrs/collections/CIELImmunizationContent/1/references/1252407/", "uuid": "1252407", "include": true, "type": "CollectionReference"}, {"expression": "/orgs/CIEL/sources/CIEL/concepts/1419/", "reference_type": "concepts", "id": 1252406, "last_resolved_at": "2022-10-05T20:29:53.683679Z", "uri": "/orgs/openmrs/collections/CIELImmunizationContent/1/references/1252406/", "uuid": "1252406", "include": true, "type": "CollectionReference"}, {"expression": "/orgs/CIEL/sources/CIEL/concepts/1418/", "reference_type": "concepts", "id": 1252405, "last_resolved_at": "2022-10-05T20:29:53.652162Z", "uri": "/orgs/openmrs/collections/CIELImmunizationContent/1/references/1252405/", "uuid": "1252405", "include": true, "type": "CollectionReference"}, {"expression": "/orgs/CIEL/sources/CIEL/concepts/1410/", "reference_type": "concepts", "id": 1252404, "last_resolved_at": "2022-10-05T20:29:53.620364Z", "uri": "/orgs/openmrs/collections/CIELImmunizationContent/1/references/1252404/", "uuid": "1252404", "include": true, "type": "CollectionReference"}, {"expression": "/orgs/CIEL/sources/CIEL/concepts/165907/", "reference_type": "concepts", "id": 1252403, "last_resolved_at": "2022-10-05T20:29:53.604288Z", "uri": "/orgs/openmrs/collections/CIELImmunizationContent/1/references/1252403/", "uuid": "1252403", "include": true, "type": "CollectionReference"}, {"expression": "/orgs/CIEL/sources/CIEL/concepts/163100/", "reference_type": "concepts", "id": 1252402, "last_resolved_at": "2022-10-05T20:29:53.583997Z", "uri": "/orgs/openmrs/collections/CIELImmunizationContent/1/references/1252402/", "uuid": "1252402", "include": true, "type": "CollectionReference"}, {"expression": "/orgs/CIEL/sources/CIEL/concepts/1420/", "reference_type": "concepts", "id": 1252401, "last_resolved_at": "2022-10-05T20:29:53.561673Z", "uri": "/orgs/openmrs/collections/CIELImmunizationContent/1/references/1252401/", "uuid": "1252401", "include": true, "type": "CollectionReference"}], "mappings": [{"external_id": "2819AEEEEEEEEEEEEEEEEEEEEEEEEEEEEEEE", "retired": false, "map_type": "CONCEPT-SET", "source": "CIEL", "owner": "CIEL", "owner_type": "Organization", "from_concept_code": "1421", "from_concept_name": null, "from_concept_url": "/orgs/CIEL/sources/CIEL/concepts/1421/", "to_concept_code": "166011", "to_concept_name": null, "to_concept_url": "/orgs/CIEL/sources/CIEL/concepts/166011/", "from_source_owner": "CIEL", "from_source_owner_type": "Organization", "from_source_url": "/orgs/CIEL/sources/CIEL/", "from_source_name": "CIEL", "to_source_owner": "CIEL", "to_source_owner_type": "Organization", "to_source_url": "/orgs/CIEL/sources/CIEL/", "to_source_name": "CIEL", "url": "/orgs/CIEL/sources/CIEL/mappings/7925/", "version": "2776807", "id": "7925", "versioned_object_id": 7925, "versioned_object_url": "/orgs/CIEL/sources/CIEL/mappings/7925/", "is_latest_version": true, "update_comment": null, "version_url": "/orgs/CIEL/sources/CIEL/mappings/7925/2776807/", "uuid": "2776807", "version_created_on": "2022-08-17T01:27:26.515700Z", "from_source_version": null, "to_source_version": null, "from_concept_name_resolved": "Immunization history", "to_concept_name_resolved": "Immunization, non-coded", "extras": {"sort_weight": 7}, "type": "Mapping", "created_on": "2022-08-17T01:27:26.515700Z", "updated_on": "2022-08-17T01:27:26.534987Z", "created_by": "ocladmin", "updated_by": "ocladmin", "public_can_view": true}, {"external_id": "173AEEEEEEEEEEEEEEEEEEEEEEEEEEEEEEEE", "retired": false, "map_type": "CONCEPT-SET", "source": "CIEL", "owner": "CIEL", "owner_type": "Organization", "from_concept_code": "1421", "from_concept_name": null, "from_concept_url": "/orgs/CIEL/sources/CIEL/concepts/1421/", "to_concept_code": "1420", "to_concept_name": null, "to_concept_url": "/orgs/CIEL/sources/CIEL/concepts/1420/", "from_source_owner": "CIEL", "from_source_owner_type": "Organization", "from_source_url": "/orgs/CIEL/sources/CIEL/", "from_source_name": "CIEL", "to_source_owner": "CIEL", "to_source_owner_type": "Organization", "to_source_url": "/orgs/CIEL/sources/CIEL/", "to_source_name": "CIEL", "url": "/orgs/CIEL/sources/CIEL/mappings/7983/", "version": "2776801", "id": "7983", "versioned_object_id": 7983, "versioned_object_url": "/orgs/CIEL/sources/CIEL/mappings/7983/", "is_latest_version": true, "update_comment": null, "version_url": "/orgs/CIEL/sources/CIEL/mappings/7983/2776801/", "uuid": "2776801", "version_created_on": "2022-08-17T01:27:25.875430Z", "from_source_version": null, "to_source_version": null, "from_concept_name_resolved": "Immunization history", "to_concept_name_resolved": "Vaccine lot number", "extras": {"sort_weight": 1}, "type": "Mapping", "created_on": "2022-08-17T01:27:25.875430Z", "updated_on": "2022-08-17T01:27:25.890109Z", "created_by": "ocladmin", "updated_by": "ocladmin", "public_can_view": true}, {"external_id": "169AEEEEEEEEEEEEEEEEEEEEEEEEEEEEEEEE", "retired": false, "map_type": "CONCEPT-SET", "source": "CIEL", "owner": "CIEL", "owner_type": "Organization", "from_concept_code": "1421", "from_concept_name": null, "from_concept_url": "/orgs/CIEL/sources/CIEL/concepts/1421/", "to_concept_code": "1418", "to_concept_name": null, "to_concept_url": "/orgs/CIEL/sources/CIEL/concepts/1418/", "from_source_owner": "CIEL", "from_source_owner_type": "Organization", "from_source_url": "/orgs/CIEL/sources/CIEL/", "from_source_name": "CIEL", "to_source_owner": "CIEL", "to_source_owner_type": "Organization", "to_source_url": "/orgs/CIEL/sources/CIEL/", "to_source_name": "CIEL", "url": "/orgs/CIEL/sources/CIEL/mappings/8063/", "version": "2776797", "id": "8063", "versioned_object_id": 8063, "versioned_object_url": "/orgs/CIEL/sources/CIEL/mappings/8063/", "is_latest_version": true, "update_comment": null, "version_url": "/orgs/CIEL/sources/CIEL/mappings/8063/2776797/", "uuid": "2776797", "version_created_on": "2022-08-17T01:27:25.429233Z", "from_source_version": null, "to_source_version": null, "from_concept_name_resolved": "Immunization history", "to_concept_name_resolved": "Immunization sequence number", "extras": {"sort_weight": 0}, "type": "Mapping", "created_on": "2022-08-17T01:27:25.429233Z", "updated_on": "2022-08-17T01:27:25.438936Z", "created_by": "ocladmin", "updated_by": "ocladmin", "public_can_view": true}, {"external_id": "113AEEEEEEEEEEEEEEEEEEEEEEEEEEEEEEEE", "retired": false, "map_type": "CONCEPT-SET", "source": "CIEL", "owner": "CIEL", "owner_type": "Organization", "from_concept_code": "1421", "from_concept_name": null, "from_concept_url": "/orgs/CIEL/sources/CIEL/concepts/1421/", "to_concept_code": "984", "to_concept_name": null, "to_concept_url": "/orgs/CIEL/sources/CIEL/concepts/984/", "from_source_owner": "CIEL", "from_source_owner_type": "Organization", "from_source_url": "/orgs/CIEL/sources/CIEL/", "from_source_name": "CIEL", "to_source_owner": "CIEL", "to_source_owner_type": "Organization", "to_source_url": "/orgs/CIEL/sources/CIEL/", "to_source_name": "CIEL", "url": "/orgs/CIEL/sources/CIEL/mappings/6886/", "version": "2776794", "id": "6886", "versioned_object_id": 6886, "versioned_object_url": "/orgs/CIEL/sources/CIEL/mappings/6886/", "is_latest_version": true, "update_comment": null, "version_url": "/orgs/CIEL/sources/CIEL/mappings/6886/2776794/", "uuid": "2776794", "version_created_on": "2022-08-17T01:27:25.104156Z", "from_source_version": null, "to_source_version": null, "from_concept_name_resolved": "Immunization history", "to_concept_name_resolved": "Immunizations", "extras": {"sort_weight": 3}, "type": "Mapping", "created_on": "2022-08-17T01:27:25.104156Z", "updated_on": "2022-08-17T01:27:25.111422Z", "created_by": "ocladmin", "updated_by": "ocladmin", "public_can_view": true}, {"external_id": "133fb9b0-d650-305f-b44a-3ed59a0cc521", "retired": false, "map_type": "SAME-AS", "source": "CIEL", "owner": "CIEL", "owner_type": "Organization", "from_concept_code": "1421", "from_concept_name": null, "from_concept_url": "/orgs/CIEL/sources/CIEL/concepts/1421/", "to_concept_code": "1421", "to_concept_name": null, "to_concept_url": "/orgs/CIEL/sources/CIEL/concepts/1421/", "from_source_owner": "CIEL", "from_source_owner_type": "Organization", "from_source_url": "/orgs/CIEL/sources/CIEL/", "from_source_name": "CIEL", "to_source_owner": "CIEL", "to_source_owner_type": "Organization", "to_source_url": "/orgs/CIEL/sources/CIEL/", "to_source_name": "CIEL", "url": "/orgs/CIEL/sources/CIEL/mappings/1010595/", "version": "2776791", "id": "1010595", "versioned_object_id": 1010595, "versioned_object_url": "/orgs/CIEL/sources/CIEL/mappings/1010595/", "is_latest_version": true, "update_comment": null, "version_url": "/orgs/CIEL/sources/CIEL/mappings/1010595/2776791/", "uuid": "2776791", "version_created_on": "2022-08-17T01:27:24.890377Z", "from_source_version": null, "to_source_version": null, "from_concept_name_resolved": "Immunization history", "to_concept_name_resolved": "Immunization history", "extras": {}, "type": "Mapping", "created_on": "2022-08-17T01:27:24.890377Z", "updated_on": "2022-08-17T01:27:24.901719Z", "created_by": "ocladmin", "updated_by": "ocladmin", "public_can_view": true}, {"external_id": "135027ABBBBBBBBBBBBBBBBBBBBBBBBBBBBB", "retired": false, "map_type": "SAME-AS", "source": "CIEL", "owner": "CIEL", "owner_type": "Organization", "from_concept_code": "1421", "from_concept_name": null, "from_concept_url": "/orgs/CIEL/sources/CIEL/concepts/1421/", "to_concept_code": "1390", "to_concept_name": null, "to_concept_url": null, "from_source_owner": "CIEL", "from_source_owner_type": "Organization", "from_source_url": "/orgs/CIEL/sources/CIEL/", "from_source_name": "CIEL", "to_source_owner": "AMPATH", "to_source_owner_type": "Organization", "to_source_url": "/orgs/AMPATH/sources/AMPATH/", "to_source_name": "AMPATH", "url": "/orgs/CIEL/sources/CIEL/mappings/7068/", "version": "2776787", "id": "7068", "versioned_object_id": 7068, "versioned_object_url": "/orgs/CIEL/sources/CIEL/mappings/7068/", "is_latest_version": true, "update_comment": null, "version_url": "/orgs/CIEL/sources/CIEL/mappings/7068/2776787/", "uuid": "2776787", "version_created_on": "2022-08-17T01:27:24.595196Z", "from_source_version": null, "to_source_version": null, "from_concept_name_resolved": "Immunization history", "extras": {}, "type": "Mapping", "created_on": "2022-08-17T01:27:24.595196Z", "updated_on": "2022-08-17T01:27:24.607048Z", "created_by": "ocladmin", "updated_by": "ocladmin", "public_can_view": true}, {"external_id": "171AEEEEEEEEEEEEEEEEEEEEEEEEEEEEEEEE", "retired": false, "map_type": "CONCEPT-SET", "source": "CIEL", "owner": "CIEL", "owner_type": "Organization", "from_concept_code": "1421", "from_concept_name": null, "from_concept_url": "/orgs/CIEL/sources/CIEL/concepts/1421/", "to_concept_code": "1419", "to_concept_name": null, "to_concept_url": "/orgs/CIEL/sources/CIEL/concepts/1419/", "from_source_owner": "CIEL", "from_source_owner_type": "Organization", "from_source_url": "/orgs/CIEL/sources/CIEL/", "from_source_name": "CIEL", "to_source_owner": "CIEL", "to_source_owner_type": "Organization", "to_source_url": "/orgs/CIEL/sources/CIEL/", "to_source_name": "CIEL", "url": "/orgs/CIEL/sources/CIEL/mappings/7886/", "version": "7886", "id": "7886", "versioned_object_id": 7886, "versioned_object_url": "/orgs/CIEL/sources/CIEL/mappings/7886/", "is_latest_version": false, "update_comment": null, "version_url": "/orgs/CIEL/sources/CIEL/mappings/7886/2776799/", "uuid": "7886", "version_created_on": "2021-03-29T05:05:13.483475Z", "from_source_version": null, "to_source_version": null, "from_concept_name_resolved": "Immunization history", "to_concept_name_resolved": "Vaccine manufacturer", "extras": {"sort_weight": 4}, "type": "Mapping", "created_on": "2021-03-29T05:05:13.483475Z", "updated_on": "2022-08-17T01:27:25.744750Z", "created_by": "ocladmin", "updated_by": "ocladmin", "public_can_view": true}, {"external_id": "136923ABBBBBBBBBBBBBBBBBBBBBBBBBBBBB", "retired": false, "map_type": "SAME-AS", "source": "CIEL", "owner": "CIEL", "owner_type": "Organization", "from_concept_code": "1421", "from_concept_name": null, "from_concept_url": "/orgs/CIEL/sources/CIEL/concepts/1421/", "to_concept_code": "425457005", "to_concept_name": null, "to_concept_url": null, "from_source_owner": "CIEL", "from_source_owner_type": "Organization", "from_source_url": "/orgs/CIEL/sources/CIEL/", "from_source_name": "CIEL", "to_source_owner": "IHTSDO", "to_source_owner_type": "Organization", "to_source_url": "/orgs/IHTSDO/sources/SNOMED-CT/", "to_source_name": "SNOMED-CT", "url": "/orgs/CIEL/sources/CIEL/mappings/7755/", "version": "7755", "id": "7755", "versioned_object_id": 7755, "versioned_object_url": "/orgs/CIEL/sources/CIEL/mappings/7755/", "is_latest_version": false, "update_comment": null, "version_url": "/orgs/CIEL/sources/CIEL/mappings/7755/2776790/", "uuid": "7755", "version_created_on": "2021-03-29T05:05:12.734562Z", "from_source_version": null, "to_source_version": null, "from_concept_name_resolved": "Immunization history", "extras": {}, "type": "Mapping", "created_on": "2021-03-29T05:05:12.734562Z", "updated_on": "2022-08-17T01:27:24.748697Z", "created_by": "ocladmin", "updated_by": "ocladmin", "public_can_view": true}, {"external_id": "2799AEEEEEEEEEEEEEEEEEEEEEEEEEEEEEEE", "retired": false, "map_type": "CONCEPT-SET", "source": "CIEL", "owner": "CIEL", "owner_type": "Organization", "from_concept_code": "1421", "from_concept_name": null, "from_concept_url": "/orgs/CIEL/sources/CIEL/concepts/1421/", "to_concept_code": "165907", "to_concept_name": null, "to_concept_url": "/orgs/CIEL/sources/CIEL/concepts/165907/", "from_source_owner": "CIEL", "from_source_owner_type": "Organization", "from_source_url": "/orgs/CIEL/sources/CIEL/", "from_source_name": "CIEL", "to_source_owner": "CIEL", "to_source_owner_type": "Organization", "to_source_url": "/orgs/CIEL/sources/CIEL/", "to_source_name": "CIEL", "url": "/orgs/CIEL/sources/CIEL/mappings/7208/", "version": "7208", "id": "7208", "versioned_object_id": 7208, "versioned_object_url": "/orgs/CIEL/sources/CIEL/mappings/7208/", "is_latest_version": false, "update_comment": null, "version_url": "/orgs/CIEL/sources/CIEL/mappings/7208/2776805/", "uuid": "7208", "version_created_on": "2021-03-29T05:05:09.427562Z", "from_source_version": null, "to_source_version": null, "from_concept_name_resolved": "Immunization history", "to_concept_name_resolved": "Vaccine lot expiration date", "extras": {"sort_weight": 6}, "type": "Mapping", "created_on": "2021-03-29T05:05:09.427562Z", "updated_on": "2022-08-17T01:27:26.320688Z", "created_by": "ocladmin", "updated_by": "ocladmin", "public_can_view": true}, {"external_id": "1991AEEEEEEEEEEEEEEEEEEEEEEEEEEEEEEE", "retired": false, "map_type": "CONCEPT-SET", "source": "CIEL", "owner": "CIEL", "owner_type": "Organization", "from_concept_code": "1421", "from_concept_name": null, "from_concept_url": "/orgs/CIEL/sources/CIEL/concepts/1421/", "to_concept_code": "163100", "to_concept_name": null, "to_concept_url": "/orgs/CIEL/sources/CIEL/concepts/163100/", "from_source_owner": "CIEL", "from_source_owner_type": "Organization", "from_source_url": "/orgs/CIEL/sources/CIEL/", "from_source_name": "CIEL", "to_source_owner": "CIEL", "to_source_owner_type": "Organization", "to_source_url": "/orgs/CIEL/sources/CIEL/", "to_source_name": "CIEL", "url": "/orgs/CIEL/sources/CIEL/mappings/6890/", "version": "6890", "id": "6890", "versioned_object_id": 6890, "versioned_object_url": "/orgs/CIEL/sources/CIEL/mappings/6890/", "is_latest_version": false, "update_comment": null, "version_url": "/orgs/CIEL/sources/CIEL/mappings/6890/2776803/", "uuid": "6890", "version_created_on": "2021-03-29T05:05:07.603942Z", "from_source_version": null, "to_source_version": null, "from_concept_name_resolved": "Immunization history", "to_concept_name_resolved": "Procedure received by patient", "extras": {"sort_weight": 5}, "type": "Mapping", "created_on": "2021-03-29T05:05:07.603942Z", "updated_on": "2022-08-17T01:27:26.112321Z", "created_by": "ocladmin", "updated_by": "ocladmin", "public_can_view": true}, {"external_id": "167AEEEEEEEEEEEEEEEEEEEEEEEEEEEEEEEE", "retired": false, "map_type": "CONCEPT-SET", "source": "CIEL", "owner": "CIEL", "owner_type": "Organization", "from_concept_code": "1421", "from_concept_name": null, "from_concept_url": "/orgs/CIEL/sources/CIEL/concepts/1421/", "to_concept_code": "1410", "to_concept_name": null, "to_concept_url": "/orgs/CIEL/sources/CIEL/concepts/1410/", "from_source_owner": "CIEL", "from_source_owner_type": "Organization", "from_source_url": "/orgs/CIEL/sources/CIEL/", "from_source_name": "CIEL", "to_source_owner": "CIEL", "to_source_owner_type": "Organization", "to_source_url": "/orgs/CIEL/sources/CIEL/", "to_source_name": "CIEL", "url": "/orgs/CIEL/sources/CIEL/mappings/5907/", "version": "5907", "id": "5907", "versioned_object_id": 5907, "versioned_object_url": "/orgs/CIEL/sources/CIEL/mappings/5907/", "is_latest_version": false, "update_comment": null, "version_url": "/orgs/CIEL/sources/CIEL/mappings/5907/2776795/", "uuid": "5907", "version_created_on": "2021-03-29T05:05:00.762022Z", "from_source_version": null, "to_source_version": null, "from_concept_name_resolved": "Immunization history", "to_concept_name_resolved": "Vaccination date", "extras": {"sort_weight": 2}, "type": "Mapping", "created_on": "2021-03-29T05:05:00.762022Z", "updated_on": "2022-08-17T01:27:25.300734Z", "created_by": "ocladmin", "updated_by": "ocladmin", "public_can_view": true}]}