{"type": "Collection Version", "uuid": "34651", "id": "5", "short_code": "PD", "name": "Patient Data", "full_name": "Reference Application Patient-Specific Concepts", "description": "Add handler for Pt ID photo", "collection_type": "Dictionary", "custom_validation_schema": "OpenMRS", "public_access": "View", "default_locale": "en", "supported_locales": ["en"], "website": null, "url": "/orgs/openmrs/collections/PD/", "owner": "openmrs", "owner_type": "Organization", "owner_url": "/orgs/openmrs/", "version_url": "/orgs/openmrs/collections/PD/5/", "previous_version_url": "/orgs/openmrs/collections/PD/4/", "created_on": "2024-06-04T14:47:29.102619Z", "updated_on": "2024-06-04T14:47:29.219751Z", "created_by": "ibacher", "updated_by": "ibacher", "extras": {"source": "/orgs/openmrs/sources/PD/"}, "external_id": null, "version": "5", "concepts_url": "/orgs/openmrs/collections/PD/5/concepts/", "mappings_url": "/orgs/openmrs/collections/PD/5/mappings/", "expansions_url": "/orgs/openmrs/collections/PD/5/expansions/", "is_processing": true, "released": true, "retired": false, "canonical_url": null, "identifier": {}, "publisher": null, "contact": {}, "jurisdiction": {}, "purpose": null, "copyright": null, "meta": null, "immutable": null, "revision_date": null, "text": null, "experimental": null, "locked_date": null, "autoexpand": true, "expansion_url": "/orgs/openmrs/collections/PD/5/expansions/autoexpand-5/", "checksums": {"smart": "e68da43dad5112bbc88b47ee3a7c92dc", "standard": "312a7844b19c61675478fa44f80c21ca"}, "collection": {"id": "PD", "url": "/orgs/openmrs/collections/PD/", "meta": null, "name": "Patient Data", "text": null, "type": "Collection", "uuid": "25209", "owner": "openmrs", "extras": {"source": "/orgs/openmrs/sources/PD/"}, "contact": {}, "purpose": null, "version": "HEAD", "website": null, "logo_url": null, "checksums": {"smart": "f798e6a33bd5963e9e92588ee3b342e2", "standard": "312a7844b19c61675478fa44f80c21ca"}, "copyright": null, "full_name": "Reference Application Patient-Specific Concepts", "immutable": null, "owner_url": "/orgs/openmrs/", "publisher": null, "created_by": "ibacher", "created_on": "2023-04-13T12:14:16.505362Z", "identifier": {}, "owner_type": "Organization", "short_code": "PD", "updated_by": "ibacher", "updated_on": "2024-06-04T14:46:39.429522Z", "description": null, "external_id": null, "locked_date": null, "concepts_url": "/orgs/openmrs/collections/PD/concepts/", "experimental": null, "jurisdiction": {}, "mappings_url": "/orgs/openmrs/collections/PD/mappings/", "versions_url": "/orgs/openmrs/collections/PD/versions/", "canonical_url": null, "expansion_url": "/orgs/openmrs/collections/PD/HEAD/expansions/autoexpand-HEAD/", "public_access": "View", "revision_date": null, "default_locale": "en", "expansions_url": "/orgs/openmrs/collections/PD/expansions/", "autoexpand_head": true, "collection_type": "Dictionary", "preferred_source": "", "supported_locales": ["en"], "custom_validation_schema": "OpenMRS", "custom_resources_linked_source": ""}, "concepts": [{"type": "Concept", "uuid": "5623429", "id": "1", "external_id": "736e8771-e501-4615-bfa7-570c03f4bef5", "concept_class": "Misc", "datatype": "Complex", "display_name": "Patient Identification Photo", "display_locale": "en", "names": [{"uuid": "18614206", "name": "Patient Identification Photo", "external_id": "db0fb76b-1ad4-4c7c-9f84-6a2ef133a22f", "type": "ConceptName", "locale": "en", "locale_preferred": true, "name_type": "Fully-Specified", "checksum": "54791d8498e02e32818cda10787d7469"}], "descriptions": [{"uuid": "1713556", "description": "A photograph of the patient, used for patient identification purposes.", "external_id": "846edb72-8e9b-4390-bdb8-2fc023ad1a29", "type": "ConceptDescription", "locale": "en", "locale_preferred": false, "description_type": "None", "checksum": "b029b7220172791c94c4bf80e5963adc"}], "extras": {"handler": "org.openmrs.obs.handler.ImageHandler"}, "retired": false, "source": "PD", "source_url": "/orgs/openmrs/sources/PD/", "owner": "openmrs", "owner_name": "openmrs", "owner_url": "/orgs/openmrs/", "version": "5623429", "created_on": "2024-06-04T14:02:44.352228Z", "updated_on": "2024-06-04T14:02:44.370288Z", "version_created_on": "2024-06-04T14:02:44.352228Z", "version_created_by": "ibacher", "update_comment": "Add handler attribute to photo", "is_latest_version": true, "locale": null, "url": "/orgs/openmrs/sources/PD/concepts/1/", "owner_type": "Organization", "version_url": "/orgs/openmrs/sources/PD/concepts/1/5623429/", "previous_version_url": "/orgs/openmrs/sources/PD/concepts/1/5254077/", "parent_concept_urls": [], "child_concept_urls": [], "version_updated_on": "2024-06-04T14:02:44.370288Z", "version_updated_by": "ibacher", "checksums": {"smart": "f38fed6d2c47f71690ef550fd49f1e83", "standard": "e1ded96ee561eb1b1d78ce69dd0085d0"}}], "references": [{"expression": "/orgs/openmrs/sources/PD/concepts/1/5623429/", "reference_type": "concepts", "id": 7040312, "last_resolved_at": "2024-06-04T14:47:29.169382Z", "uri": "/orgs/openmrs/collections/PD/5/references/7040312/", "uuid": "7040312", "include": true, "type": "CollectionReference"}], "mappings": [], "export_time": "7.14secs"}