{"type": "Source Version", "uuid": "4503", "id": "2", "short_code": "P-Tracker", "name": "P-Tracker", "full_name": "P-Tracker", "description": "2", "source_type": "Dictionary", "custom_validation_schema": "OpenMRS", "public_access": "None", "default_locale": "en", "supported_locales": ["en"], "website": "", "url": "/orgs/OHRITechGroup/sources/P-Tracker/", "owner": "OHRITechGroup", "owner_type": "Organization", "owner_url": "/orgs/OHRITechGroup/", "retired": false, "version_url": "/orgs/OHRITechGroup/sources/P-Tracker/2/", "previous_version_url": "/orgs/OHRITechGroup/sources/P-Tracker/1/", "created_on": "2023-07-21T10:40:53.958930Z", "updated_on": "2023-07-21T10:40:53.958945Z", "created_by": "wamathaga", "updated_by": "wamathaga", "extras": {}, "external_id": "b8ca78a2-33f7-4785-955a-9e41cd8ff471", "version": "2", "concepts_url": "/orgs/OHRITechGroup/sources/P-Tracker/2/concepts/", "mappings_url": "/orgs/OHRITechGroup/sources/P-Tracker/2/mappings/", "is_processing": true, "released": false, "canonical_url": null, "identifier": {}, "publisher": null, "contact": {}, "jurisdiction": {}, "purpose": null, "copyright": null, "content_type": null, "revision_date": null, "text": null, "meta": null, "experimental": null, "case_sensitive": null, "collection_reference": null, "hierarchy_meaning": null, "compositional": null, "version_needed": null, "hierarchy_root_url": null, "checksums": null, "source": {"id": "P-Tracker", "url": "/orgs/OHRITechGroup/sources/P-Tracker/", "meta": null, "name": "P-Tracker", "text": null, "type": "Source", "uuid": "4093", "owner": "OHRITechGroup", "extras": {}, "contact": {}, "purpose": null, "version": "HEAD", "website": "", "logo_url": null, "checksums": null, "copyright": null, "full_name": "P-Tracker", "owner_url": "/orgs/OHRITechGroup/", "publisher": null, "created_by": "wamathaga", "created_on": "2022-09-29T06:53:45.474930Z", "identifier": {}, "owner_type": "Organization", "short_code": "P-Tracker", "updated_by": "wamathaga", "updated_on": "2023-06-09T13:50:01.936163Z", "description": "Collection of PTracker concepts", "external_id": "b8ca78a2-33f7-4785-955a-9e41cd8ff471", "source_type": "Dictionary", "concepts_url": "/orgs/OHRITechGroup/sources/P-Tracker/concepts/", "content_type": null, "experimental": null, "jurisdiction": {}, "mappings_url": "/orgs/OHRITechGroup/sources/P-Tracker/mappings/", "versions_url": "/orgs/OHRITechGroup/sources/P-Tracker/versions/", "canonical_url": null, "compositional": null, "public_access": "None", "revision_date": null, "case_sensitive": null, "default_locale": "en", "version_needed": null, "hierarchy_meaning": null, "supported_locales": ["en"], "hierarchy_root_url": null, "collection_reference": null, "autoid_concept_mnemonic": null, "autoid_mapping_mnemonic": "sequential", "custom_validation_schema": "OpenMRS", "autoid_concept_external_id": null, "autoid_mapping_external_id": null, "autoid_concept_mnemonic_start_from": 1, "autoid_mapping_mnemonic_start_from": 1, "autoid_concept_external_id_start_from": 1, "autoid_mapping_external_id_start_from": 1}, "concepts": [{"type": "Concept", "uuid": "3251076", "id": "P-Tracker14", "external_id": "8c64a106-3db1-4a78-af11-df6f5a054945", "concept_class": "Finding", "datatype": "None", "display_name": "Currently Exposed", "display_locale": "en", "names": [{"uuid": "6431326", "name": "Currently Exposed", "external_id": "", "type": "ConceptName", "locale": "en", "locale_preferred": false, "name_type": "Fully-Specified", "checksum": null}], "descriptions": [], "extras": {}, "retired": false, "source": "P-Tracker", "source_url": "/orgs/OHRITechGroup/sources/P-Tracker/", "owner": "OHRITechGroup", "owner_name": "OHRITechGroup", "owner_url": "/orgs/OHRITechGroup/", "version": "3251076", "created_on": "2023-07-21T10:35:56.531544Z", "updated_on": "2023-07-21T10:35:56.540874Z", "version_created_on": "2023-07-21T10:35:56.531544Z", "version_created_by": "wamathaga", "update_comment": null, "is_latest_version": true, "locale": null, "url": "/orgs/OHRITechGroup/sources/P-Tracker/concepts/P-Tracker14/", "owner_type": "Organization", "version_url": "/orgs/OHRITechGroup/sources/P-Tracker/concepts/P-Tracker14/3251076/", "previous_version_url": null, "parent_concept_urls": [], "child_concept_urls": []}, {"type": "Concept", "uuid": "3251071", "id": "P-Tracker13", "external_id": "3cc14c25-3117-4541-8f8e-705943087385", "concept_class": "Finding", "datatype": "None", "display_name": "Stopped CTX Prophylaxis according to guideline", "display_locale": "en", "names": [{"uuid": "6431320", "name": "Stopped CTX Prophylaxis according to guideline", "external_id": "", "type": "ConceptName", "locale": "en", "locale_preferred": false, "name_type": "Fully-Specified", "checksum": null}], "descriptions": [], "extras": {}, "retired": false, "source": "P-Tracker", "source_url": "/orgs/OHRITechGroup/sources/P-Tracker/", "owner": "OHRITechGroup", "owner_name": "OHRITechGroup", "owner_url": "/orgs/OHRITechGroup/", "version": "3251071", "created_on": "2023-07-21T10:25:26.273799Z", "updated_on": "2023-07-21T10:25:26.279587Z", "version_created_on": "2023-07-21T10:25:26.273799Z", "version_created_by": "wamathaga", "update_comment": null, "is_latest_version": true, "locale": null, "url": "/orgs/OHRITechGroup/sources/P-Tracker/concepts/P-Tracker13/", "owner_type": "Organization", "version_url": "/orgs/OHRITechGroup/sources/P-Tracker/concepts/P-Tracker13/3251071/", "previous_version_url": null, "parent_concept_urls": [], "child_concept_urls": []}, {"type": "Concept", "uuid": "3251067", "id": "P-Tracker12", "external_id": "a1cab110-9652-4891-90e2-c01a5dbca453", "concept_class": "Finding", "datatype": "None", "display_name": "Never Received CTX Prophylaxis", "display_locale": "en", "names": [{"uuid": "6431316", "name": "Never Received CTX Prophylaxis", "external_id": "", "type": "ConceptName", "locale": "en", "locale_preferred": false, "name_type": "Fully-Specified", "checksum": null}], "descriptions": [], "extras": {}, "retired": false, "source": "P-Tracker", "source_url": "/orgs/OHRITechGroup/sources/P-Tracker/", "owner": "OHRITechGroup", "owner_name": "OHRITechGroup", "owner_url": "/orgs/OHRITechGroup/", "version": "3251067", "created_on": "2023-07-21T10:24:17.426515Z", "updated_on": "2023-07-21T10:24:17.434683Z", "version_created_on": "2023-07-21T10:24:17.426515Z", "version_created_by": "wamathaga", "update_comment": null, "is_latest_version": true, "locale": null, "url": "/orgs/OHRITechGroup/sources/P-Tracker/concepts/P-Tracker12/", "owner_type": "Organization", "version_url": "/orgs/OHRITechGroup/sources/P-Tracker/concepts/P-Tracker12/3251067/", "previous_version_url": null, "parent_concept_urls": [], "child_concept_urls": []}, {"type": "Concept", "uuid": "3251065", "id": "P-Tracker11", "external_id": "f3a26c7d-a612-4b71-bd30-a359cae817bc", "concept_class": "Finding", "datatype": "None", "display_name": "Received CTX Prophylaxis", "display_locale": "en", "names": [{"uuid": "6431314", "name": "Received CTX Prophylaxis", "external_id": "", "type": "ConceptName", "locale": "en", "locale_preferred": false, "name_type": "Fully-Specified", "checksum": null}], "descriptions": [], "extras": {}, "retired": false, "source": "P-Tracker", "source_url": "/orgs/OHRITechGroup/sources/P-Tracker/", "owner": "OHRITechGroup", "owner_name": "OHRITechGroup", "owner_url": "/orgs/OHRITechGroup/", "version": "3251065", "created_on": "2023-07-21T10:22:56.346273Z", "updated_on": "2023-07-21T10:22:56.354274Z", "version_created_on": "2023-07-21T10:22:56.346273Z", "version_created_by": "wamathaga", "update_comment": null, "is_latest_version": true, "locale": null, "url": "/orgs/OHRITechGroup/sources/P-Tracker/concepts/P-Tracker11/", "owner_type": "Organization", "version_url": "/orgs/OHRITechGroup/sources/P-Tracker/concepts/P-Tracker11/3251065/", "previous_version_url": null, "parent_concept_urls": [], "child_concept_urls": []}, {"type": "Concept", "uuid": "3251061", "id": "P-Tracker10", "external_id": "ee8c0292-47f8-4c01-8b60-8ba13a560e1a", "concept_class": "Test", "datatype": "Coded", "display_name": "Infant HIV Test", "display_locale": "en", "names": [{"uuid": "6431310", "name": "Infant HIV Test", "external_id": "", "type": "ConceptName", "locale": "en", "locale_preferred": false, "name_type": "Fully-Specified", "checksum": null}], "descriptions": [], "extras": {}, "retired": false, "source": "P-Tracker", "source_url": "/orgs/OHRITechGroup/sources/P-Tracker/", "owner": "OHRITechGroup", "owner_name": "OHRITechGroup", "owner_url": "/orgs/OHRITechGroup/", "version": "3251061", "created_on": "2023-07-21T08:31:17.802968Z", "updated_on": "2023-07-21T08:31:17.812651Z", "version_created_on": "2023-07-21T08:31:17.802968Z", "version_created_by": "wamathaga", "update_comment": null, "is_latest_version": true, "locale": null, "url": "/orgs/OHRITechGroup/sources/P-Tracker/concepts/P-Tracker10/", "owner_type": "Organization", "version_url": "/orgs/OHRITechGroup/sources/P-Tracker/concepts/P-Tracker10/3251061/", "previous_version_url": null, "parent_concept_urls": [], "child_concept_urls": []}, {"type": "Concept", "uuid": "3251059", "id": "P-Tracker9", "external_id": "6027869c-5d7e-4a82-b22f-6d9c57d61a4d", "concept_class": "Question", "datatype": "Coded", "display_name": "HIV Exposure Status", "display_locale": "en", "names": [{"uuid": "6431308", "name": "HIV Exposure Status", "external_id": "", "type": "ConceptName", "locale": "en", "locale_preferred": false, "name_type": "Fully-Specified", "checksum": null}], "descriptions": [], "extras": {}, "retired": false, "source": "P-Tracker", "source_url": "/orgs/OHRITechGroup/sources/P-Tracker/", "owner": "OHRITechGroup", "owner_name": "OHRITechGroup", "owner_url": "/orgs/OHRITechGroup/", "version": "3251059", "created_on": "2023-07-21T08:29:34.175292Z", "updated_on": "2023-07-21T08:29:34.181745Z", "version_created_on": "2023-07-21T08:29:34.175292Z", "version_created_by": "wamathaga", "update_comment": null, "is_latest_version": true, "locale": null, "url": "/orgs/OHRITechGroup/sources/P-Tracker/concepts/P-Tracker9/", "owner_type": "Organization", "version_url": "/orgs/OHRITechGroup/sources/P-Tracker/concepts/P-Tracker9/3251059/", "previous_version_url": null, "parent_concept_urls": [], "child_concept_urls": []}, {"type": "Concept", "uuid": "3251057", "id": "P-Tracker8", "external_id": "efc87cd5-2fd8-411c-ba52-b0d858f541e7", "concept_class": "Question", "datatype": "Coded", "display_name": "Facility of next appointment", "display_locale": "en", "names": [{"uuid": "6431306", "name": "Facility of next appointment", "external_id": "", "type": "ConceptName", "locale": "en", "locale_preferred": false, "name_type": "Fully-Specified", "checksum": null}], "descriptions": [], "extras": {}, "retired": false, "source": "P-Tracker", "source_url": "/orgs/OHRITechGroup/sources/P-Tracker/", "owner": "OHRITechGroup", "owner_name": "OHRITechGroup", "owner_url": "/orgs/OHRITechGroup/", "version": "3251057", "created_on": "2023-07-21T08:27:43.118682Z", "updated_on": "2023-07-21T08:27:43.126719Z", "version_created_on": "2023-07-21T08:27:43.118682Z", "version_created_by": "wamathaga", "update_comment": null, "is_latest_version": true, "locale": null, "url": "/orgs/OHRITechGroup/sources/P-Tracker/concepts/P-Tracker8/", "owner_type": "Organization", "version_url": "/orgs/OHRITechGroup/sources/P-Tracker/concepts/P-Tracker8/3251057/", "previous_version_url": null, "parent_concept_urls": [], "child_concept_urls": []}, {"type": "Concept", "uuid": "3251055", "id": "P-Tracker7", "external_id": "f3de6eb3-5d4a-43ca-8648-74649271238c", "concept_class": "Question", "datatype": "Coded", "display_name": "CTX Prophylaxis Status", "display_locale": "en", "names": [{"uuid": "6431304", "name": "CTX Prophylaxis Status", "external_id": "", "type": "ConceptName", "locale": "en", "locale_preferred": false, "name_type": "Fully-Specified", "checksum": null}], "descriptions": [], "extras": {}, "retired": false, "source": "P-Tracker", "source_url": "/orgs/OHRITechGroup/sources/P-Tracker/", "owner": "OHRITechGroup", "owner_name": "OHRITechGroup", "owner_url": "/orgs/OHRITechGroup/", "version": "3251055", "created_on": "2023-07-21T08:25:47.829448Z", "updated_on": "2023-07-21T08:25:47.839249Z", "version_created_on": "2023-07-21T08:25:47.829448Z", "version_created_by": "wamathaga", "update_comment": null, "is_latest_version": true, "locale": null, "url": "/orgs/OHRITechGroup/sources/P-Tracker/concepts/P-Tracker7/", "owner_type": "Organization", "version_url": "/orgs/OHRITechGroup/sources/P-Tracker/concepts/P-Tracker7/3251055/", "previous_version_url": null, "parent_concept_urls": [], "child_concept_urls": []}, {"type": "Concept", "uuid": "3251053", "id": "P-Tracker6", "external_id": "c5f74c86-62cd-4d22-9260-4238f1e45fe0", "concept_class": "Question", "datatype": "Coded", "display_name": "ANC HIV Status First Visit", "display_locale": "en", "names": [{"uuid": "6431301", "name": "ANC HIV Status First Visit", "external_id": "", "type": "ConceptName", "locale": "en", "locale_preferred": false, "name_type": "Fully-Specified", "checksum": null}], "descriptions": [], "extras": {}, "retired": false, "source": "P-Tracker", "source_url": "/orgs/OHRITechGroup/sources/P-Tracker/", "owner": "OHRITechGroup", "owner_name": "OHRITechGroup", "owner_url": "/orgs/OHRITechGroup/", "version": "3251053", "created_on": "2023-07-21T08:23:45.879742Z", "updated_on": "2023-07-21T08:23:45.883054Z", "version_created_on": "2023-07-21T08:23:45.879742Z", "version_created_by": "wamathaga", "update_comment": ".", "is_latest_version": true, "locale": null, "url": "/orgs/OHRITechGroup/sources/P-Tracker/concepts/P-Tracker6/", "owner_type": "Organization", "version_url": "/orgs/OHRITechGroup/sources/P-Tracker/concepts/P-Tracker6/3251053/", "previous_version_url": "/orgs/OHRITechGroup/sources/P-Tracker/concepts/P-Tracker6/3251052/", "parent_concept_urls": [], "child_concept_urls": []}, {"type": "Concept", "uuid": "3251050", "id": "P-Tracker5", "external_id": "a40d8bc4-56b8-4f28-a1dd-412da5cf20ed", "concept_class": "Question", "datatype": "Coded", "display_name": "Linked to ART", "display_locale": "en", "names": [{"uuid": "6431298", "name": "Linked to ART", "external_id": "", "type": "ConceptName", "locale": "en", "locale_preferred": false, "name_type": "Fully-Specified", "checksum": null}], "descriptions": [], "extras": {}, "retired": false, "source": "P-Tracker", "source_url": "/orgs/OHRITechGroup/sources/P-Tracker/", "owner": "OHRITechGroup", "owner_name": "OHRITechGroup", "owner_url": "/orgs/OHRITechGroup/", "version": "3251050", "created_on": "2023-07-21T08:06:54.941231Z", "updated_on": "2023-07-21T08:06:54.949122Z", "version_created_on": "2023-07-21T08:06:54.941231Z", "version_created_by": "wamathaga", "update_comment": null, "is_latest_version": true, "locale": null, "url": "/orgs/OHRITechGroup/sources/P-Tracker/concepts/P-Tracker5/", "owner_type": "Organization", "version_url": "/orgs/OHRITechGroup/sources/P-Tracker/concepts/P-Tracker5/3251050/", "previous_version_url": null, "parent_concept_urls": [], "child_concept_urls": []}, {"type": "Concept", "uuid": "3251048", "id": "P-Tracker4", "external_id": "c5f74c86-62cd-4d22-9260-4238f1e45fe0", "concept_class": "Question", "datatype": "Date", "display_name": "Date Partner Tested", "display_locale": "en", "names": [{"uuid": "6431296", "name": "Date Partner Tested", "external_id": "", "type": "ConceptName", "locale": "en", "locale_preferred": false, "name_type": "Fully-Specified", "checksum": null}], "descriptions": [], "extras": {}, "retired": false, "source": "P-Tracker", "source_url": "/orgs/OHRITechGroup/sources/P-Tracker/", "owner": "OHRITechGroup", "owner_name": "OHRITechGroup", "owner_url": "/orgs/OHRITechGroup/", "version": "3251048", "created_on": "2023-07-21T08:05:42.432626Z", "updated_on": "2023-07-21T08:05:42.439345Z", "version_created_on": "2023-07-21T08:05:42.432626Z", "version_created_by": "wamathaga", "update_comment": null, "is_latest_version": true, "locale": null, "url": "/orgs/OHRITechGroup/sources/P-Tracker/concepts/P-Tracker4/", "owner_type": "Organization", "version_url": "/orgs/OHRITechGroup/sources/P-Tracker/concepts/P-Tracker4/3251048/", "previous_version_url": null, "parent_concept_urls": [], "child_concept_urls": []}, {"type": "Concept", "uuid": "3251046", "id": "P-Tracker3", "external_id": "8c2b3506-5b77-4916-a5c8-677a37a65007", "concept_class": "Question", "datatype": "Coded", "display_name": "Confirmatory test performed on this visit", "display_locale": "en", "names": [{"uuid": "6431294", "name": "Confirmatory test performed on this visit", "external_id": "", "type": "ConceptName", "locale": "en", "locale_preferred": false, "name_type": "Fully-Specified", "checksum": null}], "descriptions": [], "extras": {}, "retired": false, "source": "P-Tracker", "source_url": "/orgs/OHRITechGroup/sources/P-Tracker/", "owner": "OHRITechGroup", "owner_name": "OHRITechGroup", "owner_url": "/orgs/OHRITechGroup/", "version": "3251046", "created_on": "2023-07-21T07:46:58.475726Z", "updated_on": "2023-07-21T07:46:58.483225Z", "version_created_on": "2023-07-21T07:46:58.475726Z", "version_created_by": "wamathaga", "update_comment": null, "is_latest_version": true, "locale": null, "url": "/orgs/OHRITechGroup/sources/P-Tracker/concepts/P-Tracker3/", "owner_type": "Organization", "version_url": "/orgs/OHRITechGroup/sources/P-Tracker/concepts/P-Tracker3/3251046/", "previous_version_url": null, "parent_concept_urls": [], "child_concept_urls": []}, {"type": "Concept", "uuid": "3251044", "id": "PT1", "external_id": "c5f74c86-62cd-4d22-9260-4238f1e45fe0", "concept_class": "Finding", "datatype": "Coded", "display_name": "ART Initiation Status", "display_locale": "en", "names": [{"uuid": "6431291", "name": "ART Initiation Status", "external_id": "", "type": "ConceptName", "locale": "en", "locale_preferred": false, "name_type": "Fully-Specified", "checksum": null}], "descriptions": [{"uuid": "503215", "description": "Concept used by Namibia PTracker", "external_id": "47c65fc0-00cf-4cad-b328-5aa04c6c6921", "type": "ConceptDescription", "locale": "en", "locale_preferred": false, "description_type": "Definition", "checksum": null}], "extras": {}, "retired": false, "source": "P-Tracker", "source_url": "/orgs/OHRITechGroup/sources/P-Tracker/", "owner": "OHRITechGroup", "owner_name": "OHRITechGroup", "owner_url": "/orgs/OHRITechGroup/", "version": "3251044", "created_on": "2023-07-21T07:39:42.760727Z", "updated_on": "2023-07-21T07:39:42.767497Z", "version_created_on": "2023-07-21T07:39:42.760727Z", "version_created_by": "wamathaga", "update_comment": ".", "is_latest_version": true, "locale": null, "url": "/orgs/OHRITechGroup/sources/P-Tracker/concepts/PT1/", "owner_type": "Organization", "version_url": "/orgs/OHRITechGroup/sources/P-Tracker/concepts/PT1/3251044/", "previous_version_url": "/orgs/OHRITechGroup/sources/P-Tracker/concepts/PT1/3251040/", "parent_concept_urls": [], "child_concept_urls": []}, {"type": "Concept", "uuid": "3251043", "id": "PT2", "external_id": "6c45421e-2566-47cb-bbb3-07586fffbfe2", "concept_class": "Misc", "datatype": "Text", "display_name": "PTrackerID", "display_locale": "en", "names": [{"uuid": "6431289", "name": "PTrackerID", "external_id": "", "type": "ConceptName", "locale": "en", "locale_preferred": false, "name_type": "Fully-Specified", "checksum": null}], "descriptions": [{"uuid": "503213", "description": "Namibia PTracker Concept", "external_id": "47c65fc0-00cf-4cad-b328-5aa04c6c6921", "type": "ConceptDescription", "locale": "en", "locale_preferred": false, "description_type": "Definition", "checksum": null}], "extras": {}, "retired": false, "source": "P-Tracker", "source_url": "/orgs/OHRITechGroup/sources/P-Tracker/", "owner": "OHRITechGroup", "owner_name": "OHRITechGroup", "owner_url": "/orgs/OHRITechGroup/", "version": "3251043", "created_on": "2023-07-21T07:37:35.729584Z", "updated_on": "2023-07-21T07:37:35.735989Z", "version_created_on": "2023-07-21T07:37:35.729584Z", "version_created_by": "wamathaga", "update_comment": ".", "is_latest_version": true, "locale": null, "url": "/orgs/OHRITechGroup/sources/P-Tracker/concepts/PT2/", "owner_type": "Organization", "version_url": "/orgs/OHRITechGroup/sources/P-Tracker/concepts/PT2/3251043/", "previous_version_url": "/orgs/OHRITechGroup/sources/P-Tracker/concepts/PT2/3251042/", "parent_concept_urls": [], "child_concept_urls": []}, {"type": "Concept", "uuid": "3075515", "id": "ChildDetails", "external_id": "1c70c490-cafa-4c95-9fdd-a30b62bb78b8", "concept_class": "Misc", "datatype": "Rule", "display_name": "Labor & Delivery Details for Child", "display_locale": "en", "names": [{"uuid": "5466340", "name": "Labor & Delivery Details for Child", "external_id": "aa8084a6-06cc-11ee-be56-0242ac120002", "type": "ConceptName", "locale": "en", "locale_preferred": false, "name_type": "Fully-Specified", "checksum": null}], "descriptions": [], "extras": {}, "retired": false, "source": "P-Tracker", "source_url": "/orgs/OHRITechGroup/sources/P-Tracker/", "owner": "OHRITechGroup", "owner_name": "OHRITechGroup", "owner_url": "/orgs/OHRITechGroup/", "version": "3075515", "created_on": "2023-06-09T13:51:22.439017Z", "updated_on": "2023-06-09T13:51:22.445212Z", "version_created_on": "2023-06-09T13:51:22.439017Z", "version_created_by": "wamathaga", "update_comment": "updated", "is_latest_version": true, "locale": null, "url": "/orgs/OHRITechGroup/sources/P-Tracker/concepts/ChildDetails/", "owner_type": "Organization", "version_url": "/orgs/OHRITechGroup/sources/P-Tracker/concepts/ChildDetails/3075515/", "previous_version_url": "/orgs/OHRITechGroup/sources/P-Tracker/concepts/ChildDetails/3075514/", "parent_concept_urls": [], "child_concept_urls": []}], "mappings": [{"external_id": null, "retired": false, "map_type": "SAME-AS", "source": "P-Tracker", "owner": "OHRITechGroup", "owner_type": "Organization", "from_concept_code": "P-Tracker14", "from_concept_name": null, "from_concept_url": "/orgs/OHRITechGroup/sources/P-Tracker/concepts/P-Tracker14/", "to_concept_code": "822", "to_concept_name": null, "to_concept_url": "/orgs/CIEL/sources/CIEL/concepts/822/", "from_source_owner": "OHRITechGroup", "from_source_owner_type": "Organization", "from_source_url": "/orgs/OHRITechGroup/sources/P-Tracker/", "from_source_name": "P-Tracker", "to_source_owner": "CIEL", "to_source_owner_type": "Organization", "to_source_url": "/orgs/CIEL/sources/CIEL/", "to_source_name": "CIEL", "url": "/orgs/OHRITechGroup/sources/P-Tracker/mappings/10/", "version": "5162189", "id": "10", "versioned_object_id": 5162188, "versioned_object_url": "/orgs/OHRITechGroup/sources/P-Tracker/mappings/10/", "is_latest_version": true, "update_comment": null, "version_url": "/orgs/OHRITechGroup/sources/P-Tracker/mappings/10/5162189/", "uuid": "5162189", "version_created_on": "2023-07-21T10:36:27.899874Z", "from_source_version": null, "to_source_version": null, "from_concept_name_resolved": "Currently Exposed", "to_concept_name_resolved": "Exposure to HIV", "extras": {}, "type": "Mapping", "sort_weight": null, "created_on": "2023-07-21T10:36:27.899874Z", "updated_on": "2023-07-21T10:36:27.907929Z", "created_by": "ocladmin", "updated_by": "ocladmin", "public_can_view": false, "checksums": null}, {"external_id": null, "retired": false, "map_type": "SAME-AS", "source": "P-Tracker", "owner": "OHRITechGroup", "owner_type": "Organization", "from_concept_code": "P-Tracker11", "from_concept_name": null, "from_concept_url": "/orgs/OHRITechGroup/sources/P-Tracker/concepts/P-Tracker11/", "to_concept_code": "1256", "to_concept_name": null, "to_concept_url": "/orgs/CIEL/sources/CIEL/concepts/1256/", "from_source_owner": "OHRITechGroup", "from_source_owner_type": "Organization", "from_source_url": "/orgs/OHRITechGroup/sources/P-Tracker/", "from_source_name": "P-Tracker", "to_source_owner": "CIEL", "to_source_owner_type": "Organization", "to_source_url": "/orgs/CIEL/sources/CIEL/", "to_source_name": "CIEL", "url": "/orgs/OHRITechGroup/sources/P-Tracker/mappings/9/", "version": "5162187", "id": "9", "versioned_object_id": 5162186, "versioned_object_url": "/orgs/OHRITechGroup/sources/P-Tracker/mappings/9/", "is_latest_version": true, "update_comment": null, "version_url": "/orgs/OHRITechGroup/sources/P-Tracker/mappings/9/5162187/", "uuid": "5162187", "version_created_on": "2023-07-21T10:30:45.814163Z", "from_source_version": null, "to_source_version": null, "from_concept_name_resolved": "Received CTX Prophylaxis", "to_concept_name_resolved": "Start drugs", "extras": {}, "type": "Mapping", "sort_weight": null, "created_on": "2023-07-21T10:30:45.814163Z", "updated_on": "2023-07-21T10:30:45.821682Z", "created_by": "ocladmin", "updated_by": "ocladmin", "public_can_view": false, "checksums": null}, {"external_id": null, "retired": false, "map_type": "SAME-AS", "source": "P-Tracker", "owner": "OHRITechGroup", "owner_type": "Organization", "from_concept_code": "P-Tracker12", "from_concept_name": null, "from_concept_url": "/orgs/OHRITechGroup/sources/P-Tracker/concepts/P-Tracker12/", "to_concept_code": "1107", "to_concept_name": null, "to_concept_url": "/orgs/CIEL/sources/CIEL/concepts/1107/", "from_source_owner": "OHRITechGroup", "from_source_owner_type": "Organization", "from_source_url": "/orgs/OHRITechGroup/sources/P-Tracker/", "from_source_name": "P-Tracker", "to_source_owner": "CIEL", "to_source_owner_type": "Organization", "to_source_url": "/orgs/CIEL/sources/CIEL/", "to_source_name": "CIEL", "url": "/orgs/OHRITechGroup/sources/P-Tracker/mappings/8/", "version": "5162185", "id": "8", "versioned_object_id": 5162184, "versioned_object_url": "/orgs/OHRITechGroup/sources/P-Tracker/mappings/8/", "is_latest_version": true, "update_comment": null, "version_url": "/orgs/OHRITechGroup/sources/P-Tracker/mappings/8/5162185/", "uuid": "5162185", "version_created_on": "2023-07-21T10:29:57.863785Z", "from_source_version": null, "to_source_version": null, "from_concept_name_resolved": "Never Received CTX Prophylaxis", "to_concept_name_resolved": "None", "extras": {}, "type": "Mapping", "sort_weight": null, "created_on": "2023-07-21T10:29:57.863785Z", "updated_on": "2023-07-21T10:29:57.872763Z", "created_by": "ocladmin", "updated_by": "ocladmin", "public_can_view": false, "checksums": null}, {"external_id": null, "retired": false, "map_type": "SAME-AS", "source": "P-Tracker", "owner": "OHRITechGroup", "owner_type": "Organization", "from_concept_code": "P-Tracker13", "from_concept_name": null, "from_concept_url": "/orgs/OHRITechGroup/sources/P-Tracker/concepts/P-Tracker13/", "to_concept_code": "1260", "to_concept_name": null, "to_concept_url": "/orgs/CIEL/sources/CIEL/concepts/1260/", "from_source_owner": "OHRITechGroup", "from_source_owner_type": "Organization", "from_source_url": "/orgs/OHRITechGroup/sources/P-Tracker/", "from_source_name": "P-Tracker", "to_source_owner": "CIEL", "to_source_owner_type": "Organization", "to_source_url": "/orgs/CIEL/sources/CIEL/", "to_source_name": "CIEL", "url": "/orgs/OHRITechGroup/sources/P-Tracker/mappings/7/", "version": "5162183", "id": "7", "versioned_object_id": 5162182, "versioned_object_url": "/orgs/OHRITechGroup/sources/P-Tracker/mappings/7/", "is_latest_version": true, "update_comment": null, "version_url": "/orgs/OHRITechGroup/sources/P-Tracker/mappings/7/5162183/", "uuid": "5162183", "version_created_on": "2023-07-21T10:29:16.620587Z", "from_source_version": null, "to_source_version": null, "from_concept_name_resolved": "Stopped CTX Prophylaxis according to guideline", "to_concept_name_resolved": "Stop all", "extras": {}, "type": "Mapping", "sort_weight": null, "created_on": "2023-07-21T10:29:16.620587Z", "updated_on": "2023-07-21T10:29:16.629094Z", "created_by": "ocladmin", "updated_by": "ocladmin", "public_can_view": false, "checksums": null}, {"external_id": null, "retired": false, "map_type": "SAME-AS", "source": "P-Tracker", "owner": "OHRITechGroup", "owner_type": "Organization", "from_concept_code": "P-Tracker8", "from_concept_name": null, "from_concept_url": "/orgs/OHRITechGroup/sources/P-Tracker/concepts/P-Tracker8/", "to_concept_code": "162724", "to_concept_name": null, "to_concept_url": "/orgs/CIEL/sources/CIEL/concepts/162724/", "from_source_owner": "OHRITechGroup", "from_source_owner_type": "Organization", "from_source_url": "/orgs/OHRITechGroup/sources/P-Tracker/", "from_source_name": "P-Tracker", "to_source_owner": "CIEL", "to_source_owner_type": "Organization", "to_source_url": "/orgs/CIEL/sources/CIEL/", "to_source_name": "CIEL", "url": "/orgs/OHRITechGroup/sources/P-Tracker/mappings/6/", "version": "5162173", "id": "6", "versioned_object_id": 5162172, "versioned_object_url": "/orgs/OHRITechGroup/sources/P-Tracker/mappings/6/", "is_latest_version": true, "update_comment": null, "version_url": "/orgs/OHRITechGroup/sources/P-Tracker/mappings/6/5162173/", "uuid": "5162173", "version_created_on": "2023-07-21T08:43:49.143351Z", "from_source_version": null, "to_source_version": null, "from_concept_name_resolved": "Facility of next appointment", "to_concept_name_resolved": "Health facility name", "extras": {}, "type": "Mapping", "sort_weight": null, "created_on": "2023-07-21T08:43:49.143351Z", "updated_on": "2023-07-21T08:43:49.152411Z", "created_by": "ocladmin", "updated_by": "ocladmin", "public_can_view": false, "checksums": null}, {"external_id": null, "retired": false, "map_type": "SAME-AS", "source": "P-Tracker", "owner": "OHRITechGroup", "owner_type": "Organization", "from_concept_code": "P-Tracker7", "from_concept_name": null, "from_concept_url": "/orgs/OHRITechGroup/sources/P-Tracker/concepts/P-Tracker7/", "to_concept_code": "1261", "to_concept_name": null, "to_concept_url": "/orgs/CIEL/sources/CIEL/concepts/1261/", "from_source_owner": "OHRITechGroup", "from_source_owner_type": "Organization", "from_source_url": "/orgs/OHRITechGroup/sources/P-Tracker/", "from_source_name": "P-Tracker", "to_source_owner": "CIEL", "to_source_owner_type": "Organization", "to_source_url": "/orgs/CIEL/sources/CIEL/", "to_source_name": "CIEL", "url": "/orgs/OHRITechGroup/sources/P-Tracker/mappings/5/", "version": "5162171", "id": "5", "versioned_object_id": 5162170, "versioned_object_url": "/orgs/OHRITechGroup/sources/P-Tracker/mappings/5/", "is_latest_version": true, "update_comment": null, "version_url": "/orgs/OHRITechGroup/sources/P-Tracker/mappings/5/5162171/", "uuid": "5162171", "version_created_on": "2023-07-21T08:43:15.297234Z", "from_source_version": null, "to_source_version": null, "from_concept_name_resolved": "CTX Prophylaxis Status", "to_concept_name_resolved": "PCP prophylaxis plan", "extras": {}, "type": "Mapping", "sort_weight": null, "created_on": "2023-07-21T08:43:15.297234Z", "updated_on": "2023-07-21T08:43:15.306879Z", "created_by": "ocladmin", "updated_by": "ocladmin", "public_can_view": false, "checksums": null}, {"external_id": null, "retired": false, "map_type": "SAME-AS", "source": "P-Tracker", "owner": "OHRITechGroup", "owner_type": "Organization", "from_concept_code": "P-Tracker4", "from_concept_name": null, "from_concept_url": "/orgs/OHRITechGroup/sources/P-Tracker/concepts/P-Tracker4/", "to_concept_code": "162079", "to_concept_name": null, "to_concept_url": "/orgs/CIEL/sources/CIEL/concepts/162079/", "from_source_owner": "OHRITechGroup", "from_source_owner_type": "Organization", "from_source_url": "/orgs/OHRITechGroup/sources/P-Tracker/", "from_source_name": "P-Tracker", "to_source_owner": "CIEL", "to_source_owner_type": "Organization", "to_source_url": "/orgs/CIEL/sources/CIEL/", "to_source_name": "CIEL", "url": "/orgs/OHRITechGroup/sources/P-Tracker/mappings/4/", "version": "5162169", "id": "4", "versioned_object_id": 5162168, "versioned_object_url": "/orgs/OHRITechGroup/sources/P-Tracker/mappings/4/", "is_latest_version": true, "update_comment": null, "version_url": "/orgs/OHRITechGroup/sources/P-Tracker/mappings/4/5162169/", "uuid": "5162169", "version_created_on": "2023-07-21T08:36:10.261964Z", "from_source_version": null, "to_source_version": null, "from_concept_name_resolved": "Date Partner Tested", "to_concept_name_resolved": "Date test resulted", "extras": {}, "type": "Mapping", "sort_weight": null, "created_on": "2023-07-21T08:36:10.261964Z", "updated_on": "2023-07-21T08:36:10.277050Z", "created_by": "ocladmin", "updated_by": "ocladmin", "public_can_view": false, "checksums": null}, {"external_id": null, "retired": false, "map_type": "SAME-AS", "source": "P-Tracker", "owner": "OHRITechGroup", "owner_type": "Organization", "from_concept_code": "P-Tracker3", "from_concept_name": null, "from_concept_url": "/orgs/OHRITechGroup/sources/P-Tracker/concepts/P-Tracker3/", "to_concept_code": "161256", "to_concept_name": null, "to_concept_url": "/orgs/CIEL/sources/CIEL/concepts/161256/", "from_source_owner": "OHRITechGroup", "from_source_owner_type": "Organization", "from_source_url": "/orgs/OHRITechGroup/sources/P-Tracker/", "from_source_name": "P-Tracker", "to_source_owner": "CIEL", "to_source_owner_type": "Organization", "to_source_url": "/orgs/CIEL/sources/CIEL/", "to_source_name": "CIEL", "url": "/orgs/OHRITechGroup/sources/P-Tracker/mappings/3/", "version": "5162167", "id": "3", "versioned_object_id": 5162166, "versioned_object_url": "/orgs/OHRITechGroup/sources/P-Tracker/mappings/3/", "is_latest_version": true, "update_comment": null, "version_url": "/orgs/OHRITechGroup/sources/P-Tracker/mappings/3/5162167/", "uuid": "5162167", "version_created_on": "2023-07-21T08:35:12.924123Z", "from_source_version": null, "to_source_version": null, "from_concept_name_resolved": "Confirmatory test performed on this visit", "to_concept_name_resolved": "Confirmatory medical consultation", "extras": {}, "type": "Mapping", "sort_weight": null, "created_on": "2023-07-21T08:35:12.924123Z", "updated_on": "2023-07-21T08:35:12.933234Z", "created_by": "ocladmin", "updated_by": "ocladmin", "public_can_view": false, "checksums": null}, {"external_id": null, "retired": false, "map_type": "SAME-AS", "source": "P-Tracker", "owner": "OHRITechGroup", "owner_type": "Organization", "from_concept_code": "PT2", "from_concept_name": null, "from_concept_url": "/orgs/OHRITechGroup/sources/P-Tracker/concepts/PT2/", "to_concept_code": "163530", "to_concept_name": null, "to_concept_url": "/orgs/CIEL/sources/CIEL/concepts/163530/", "from_source_owner": "OHRITechGroup", "from_source_owner_type": "Organization", "from_source_url": "/orgs/OHRITechGroup/sources/P-Tracker/", "from_source_name": "P-Tracker", "to_source_owner": "CIEL", "to_source_owner_type": "Organization", "to_source_url": "/orgs/CIEL/sources/CIEL/", "to_source_name": "CIEL", "url": "/orgs/OHRITechGroup/sources/P-Tracker/mappings/2/", "version": "5162165", "id": "2", "versioned_object_id": 5162164, "versioned_object_url": "/orgs/OHRITechGroup/sources/P-Tracker/mappings/2/", "is_latest_version": true, "update_comment": null, "version_url": "/orgs/OHRITechGroup/sources/P-Tracker/mappings/2/5162165/", "uuid": "5162165", "version_created_on": "2023-07-21T07:33:19.338879Z", "from_source_version": null, "to_source_version": null, "from_concept_name_resolved": "PTrackerID", "to_concept_name_resolved": "Mother's patient identifier", "extras": {}, "type": "Mapping", "sort_weight": null, "created_on": "2023-07-21T07:33:19.338879Z", "updated_on": "2023-07-21T07:33:19.345845Z", "created_by": "ocladmin", "updated_by": "ocladmin", "public_can_view": false, "checksums": null}, {"external_id": null, "retired": false, "map_type": "SAME-AS", "source": "P-Tracker", "owner": "OHRITechGroup", "owner_type": "Organization", "from_concept_code": "PT1", "from_concept_name": null, "from_concept_url": "/orgs/OHRITechGroup/sources/P-Tracker/concepts/PT1/", "to_concept_code": "160117", "to_concept_name": null, "to_concept_url": "/orgs/CIEL/sources/CIEL/concepts/160117/", "from_source_owner": "OHRITechGroup", "from_source_owner_type": "Organization", "from_source_url": "/orgs/OHRITechGroup/sources/P-Tracker/", "from_source_name": "P-Tracker", "to_source_owner": "CIEL", "to_source_owner_type": "Organization", "to_source_url": "/orgs/CIEL/sources/CIEL/", "to_source_name": "CIEL", "url": "/orgs/OHRITechGroup/sources/P-Tracker/mappings/1/", "version": "5162163", "id": "1", "versioned_object_id": 5162162, "versioned_object_url": "/orgs/OHRITechGroup/sources/P-Tracker/mappings/1/", "is_latest_version": true, "update_comment": null, "version_url": "/orgs/OHRITechGroup/sources/P-Tracker/mappings/1/5162163/", "uuid": "5162163", "version_created_on": "2023-07-21T07:30:13.962301Z", "from_source_version": null, "to_source_version": null, "from_concept_name_resolved": "ART Initiation Status", "to_concept_name_resolved": "Anti-retroviral treatment status", "extras": {}, "type": "Mapping", "sort_weight": null, "created_on": "2023-07-21T07:30:13.962301Z", "updated_on": "2023-07-21T07:30:13.974945Z", "created_by": "ocladmin", "updated_by": "ocladmin", "public_can_view": false, "checksums": null}]}