Uuid,Void/Retire,Privilege name,Description
19b6189d-4e11-51b7-95db-298c4d5bc556,,View Patient Flags,"Able to see patient flags on the chart and the data missing behind them. patientflags checks it but does not create it."
11efe676-67f0-4e24-9b4d-3d606b47f42d,,App: act.home,"Open ACT home"
27d13dd6-079c-47a7-89ad-1a1367392446,,App: act.registry,"Open the ACT registry and the care cascade on ACT home"
da416f05-dee6-4acd-ac4a-298deaf96198,,App: act.worklists,"Open the worklists, and their tiles on ACT home"
4f8de91a-7c36-4c81-865f-a9abf86131f8,,App: act.waitingList,"Open the procedural waiting list, and its summary on ACT home"
f21b98fa-970e-489c-b9d0-eecd0a120b9d,,App: act.screenPositive,"Open Screen positive, pending confirmation, and its count on ACT home"
d3951a3c-ccca-422d-b8e8-b04886750734,,App: act.dueList,"Open Due for prophylaxis, and its widget on a home page"
1d6bc9cd-b604-4532-8cbd-e42af19e14e8,,App: act.dataClerk,"Open the data clerk's quick actions on the home page"
7a99c7db-df54-43e7-b3b5-1fca4c86aa91,,Task: act.lists.export,"Download an ACT list as CSV"
b013ab1f-925e-4e4e-96b0-3d6808e14bce,,Task: act.enterClinicalForms,"Record echocardiograms, electrocardiograms, interventions and pregnancies: the edit privilege of their encounter types"
