{"type": "Collection Version", "uuid": "18628", "id": "1", "short_code": "CIEL-frequencies", "name": "CIEL-frequencies", "full_name": "CIEL-frequencies", "description": "Export to Ref App 3.x", "collection_type": "Dictionary", "custom_validation_schema": "None", "public_access": "View", "default_locale": "eng", "supported_locales": ["eng"], "website": null, "url": "/users/mksrom/collections/CIEL-frequencies/", "owner": "mksrom", "owner_type": "User", "owner_url": "/users/mksrom/", "version_url": "/users/mksrom/collections/CIEL-frequencies/1/", "previous_version_url": "/users/mksrom/collections/CIEL-frequencies/2022-09-09-1022/", "created_on": "2022-09-09T08:23:06.667684Z", "updated_on": "2022-09-09T08:23:07.503648Z", "created_by": "mksrom", "updated_by": "mksrom", "extras": {}, "external_id": null, "version": "1", "concepts_url": "/users/mksrom/collections/CIEL-frequencies/1/concepts/", "mappings_url": "/users/mksrom/collections/CIEL-frequencies/1/mappings/", "expansions_url": "/users/mksrom/collections/CIEL-frequencies/1/expansions/", "is_processing": true, "released": false, "retired": false, "canonical_url": null, "identifier": {}, "publisher": null, "contact": {}, "jurisdiction": {}, "purpose": null, "copyright": null, "meta": null, "immutable": null, "revision_date": null, "text": null, "experimental": null, "locked_date": null, "autoexpand": true, "expansion_url": "/users/mksrom/collections/CIEL-frequencies/1/expansions/autoexpand-1/", "collection": {"id": "CIEL-frequencies", "url": "/users/mksrom/collections/CIEL-frequencies/", "meta": null, "name": "CIEL-frequencies", "text": null, "type": "Collection", "uuid": "18625", "owner": "mksrom", "extras": {}, "contact": {}, "purpose": null, "version": "HEAD", "website": null, "logo_url": null, "copyright": null, "full_name": "CIEL-frequencies", "immutable": null, "owner_url": "/users/mksrom/", "publisher": null, "created_by": "mksrom", "created_on": "2022-09-09T07:45:04.449904Z", "identifier": {}, "owner_type": "User", "references": [], "short_code": "CIEL-frequencies", "updated_by": "mksrom", "updated_on": "2022-09-09T07:49:47.530609Z", "description": null, "external_id": null, "locked_date": null, "concepts_url": "/users/mksrom/collections/CIEL-frequencies/concepts/", "experimental": null, "jurisdiction": {}, "mappings_url": "/users/mksrom/collections/CIEL-frequencies/mappings/", "versions_url": "/users/mksrom/collections/CIEL-frequencies/versions/", "canonical_url": null, "expansion_url": "/users/mksrom/collections/CIEL-frequencies/HEAD/expansions/autoexpand-HEAD/", "public_access": "View", "revision_date": null, "default_locale": "eng", "expansions_url": "/users/mksrom/collections/CIEL-frequencies/expansions/", "autoexpand_head": true, "collection_type": "Dictionary", "repository_type": "Collection", "preferred_source": "", "supported_locales": ["eng"], "custom_validation_schema": "None", "custom_resources_linked_source": ""}, "concepts": [{"type": "Concept", "uuid": "2211642", "id": "162257", "external_id": "162257AAAAAAAAAAAAAAAAAAAAAAAAAAAAAA", "concept_class": "Frequency", "datatype": "N/A", "display_name": "Non-coded frequency", "display_locale": "en", "names": [{"uuid": "2705841", "name": "Non-coded frequency", "external_id": "125278BBBBBBBBBBBBBBBBBBBBBBBBBBBBBB", "type": "ConceptName", "locale": "en", "locale_preferred": true, "name_type": "FULLY_SPECIFIED"}], "descriptions": [], "extras": {}, "retired": false, "source": "CIEL", "source_url": "/orgs/CIEL/sources/CIEL/", "owner": "CIEL", "owner_name": "CIEL", "owner_url": "/orgs/CIEL/", "version": "2211642", "created_on": "2022-08-16T23:47:43.102351Z", "updated_on": "2022-08-16T23:47:43.104970Z", "version_created_on": "2022-08-16T23:47:43.102351Z", "version_created_by": "ocladmin", "update_comment": null, "is_latest_version": true, "locale": null, "url": "/orgs/CIEL/sources/CIEL/concepts/162257/", "owner_type": "Organization", "version_url": "/orgs/CIEL/sources/CIEL/concepts/162257/2211642/", "previous_version_url": "/orgs/CIEL/sources/CIEL/concepts/162257/1724624/", "parent_concept_urls": [], "child_concept_urls": []}, {"type": "Concept", "uuid": "2211640", "id": "162256", "external_id": "162256AAAAAAAAAAAAAAAAAAAAAAAAAAAAAA", "concept_class": "Frequency", "datatype": "N/A", "display_name": "Every Monday, Wednesday and Friday", "display_locale": "en", "names": [{"uuid": "2705834", "name": "Three times a week on Monday, Wednesday and Friday", "external_id": "125264BBBBBBBBBBBBBBBBBBBBBBBBBBBBBB", "type": "ConceptName", "locale": "en", "locale_preferred": false, "name_type": null}, {"uuid": "2705835", "name": "qMWF", "external_id": "125265BBBBBBBBBBBBBBBBBBBBBBBBBBBBBB", "type": "ConceptName", "locale": "en", "locale_preferred": false, "name_type": "SHORT"}, {"uuid": "2705836", "name": "Every Monday, Wednesday and Friday", "external_id": "125266BBBBBBBBBBBBBBBBBBBBBBBBBBBBBB", "type": "ConceptName", "locale": "en", "locale_preferred": true, "name_type": "FULLY_SPECIFIED"}, {"uuid": "2705837", "name": "3 times a week on Monday, Wednesday and Friday", "external_id": "126450BBBBBBBBBBBBBBBBBBBBBBBBBBBBBB", "type": "ConceptName", "locale": "en", "locale_preferred": false, "name_type": null}], "descriptions": [], "extras": {}, "retired": false, "source": "CIEL", "source_url": "/orgs/CIEL/sources/CIEL/", "owner": "CIEL", "owner_name": "CIEL", "owner_url": "/orgs/CIEL/", "version": "2211640", "created_on": "2022-08-16T23:47:42.848904Z", "updated_on": "2022-08-16T23:47:42.856720Z", "version_created_on": "2022-08-16T23:47:42.848904Z", "version_created_by": "ocladmin", "update_comment": null, "is_latest_version": true, "locale": null, "url": "/orgs/CIEL/sources/CIEL/concepts/162256/", "owner_type": "Organization", "version_url": "/orgs/CIEL/sources/CIEL/concepts/162256/2211640/", "previous_version_url": "/orgs/CIEL/sources/CIEL/concepts/162256/1724659/", "parent_concept_urls": [], "child_concept_urls": []}, {"type": "Concept", "uuid": "2211638", "id": "162255", "external_id": "162255AAAAAAAAAAAAAAAAAAAAAAAAAAAAAA", "concept_class": "Frequency", "datatype": "N/A", "display_name": "Every seventy-two hours", "display_locale": "en", "names": [{"uuid": "2705829", "name": "Every seventy-two hours", "external_id": "125255BBBBBBBBBBBBBBBBBBBBBBBBBBBBBB", "type": "ConceptName", "locale": "en", "locale_preferred": true, "name_type": "FULLY_SPECIFIED"}, {"uuid": "2705830", "name": "q72h", "external_id": "125256BBBBBBBBBBBBBBBBBBBBBBBBBBBBBB", "type": "ConceptName", "locale": "en", "locale_preferred": false, "name_type": "SHORT"}, {"uuid": "2705831", "name": "Every 72 hours", "external_id": "125277BBBBBBBBBBBBBBBBBBBBBBBBBBBBBB", "type": "ConceptName", "locale": "en", "locale_preferred": false, "name_type": null}], "descriptions": [], "extras": {}, "retired": false, "source": "CIEL", "source_url": "/orgs/CIEL/sources/CIEL/", "owner": "CIEL", "owner_name": "CIEL", "owner_url": "/orgs/CIEL/", "version": "2211638", "created_on": "2022-08-16T23:47:42.587328Z", "updated_on": "2022-08-16T23:47:42.591605Z", "version_created_on": "2022-08-16T23:47:42.587328Z", "version_created_by": "ocladmin", "update_comment": null, "is_latest_version": true, "locale": null, "url": "/orgs/CIEL/sources/CIEL/concepts/162255/", "owner_type": "Organization", "version_url": "/orgs/CIEL/sources/CIEL/concepts/162255/2211638/", "previous_version_url": "/orgs/CIEL/sources/CIEL/concepts/162255/1724622/", "parent_concept_urls": [], "child_concept_urls": []}, {"type": "Concept", "uuid": "2211636", "id": "162254", "external_id": "162254AAAAAAAAAAAAAAAAAAAAAAAAAAAAAA", "concept_class": "Frequency", "datatype": "N/A", "display_name": "Every thirty-six hours", "display_locale": "en", "names": [{"uuid": "2705824", "name": "q36h", "external_id": "125253BBBBBBBBBBBBBBBBBBBBBBBBBBBBBB", "type": "ConceptName", "locale": "en", "locale_preferred": false, "name_type": "SHORT"}, {"uuid": "2705825", "name": "Every thirty-six hours", "external_id": "125254BBBBBBBBBBBBBBBBBBBBBBBBBBBBBB", "type": "ConceptName", "locale": "en", "locale_preferred": true, "name_type": "FULLY_SPECIFIED"}, {"uuid": "2705826", "name": "Every 36 hours", "external_id": "125276BBBBBBBBBBBBBBBBBBBBBBBBBBBBBB", "type": "ConceptName", "locale": "en", "locale_preferred": false, "name_type": null}], "descriptions": [], "extras": {}, "retired": false, "source": "CIEL", "source_url": "/orgs/CIEL/sources/CIEL/", "owner": "CIEL", "owner_name": "CIEL", "owner_url": "/orgs/CIEL/", "version": "2211636", "created_on": "2022-08-16T23:47:42.444314Z", "updated_on": "2022-08-16T23:47:42.447612Z", "version_created_on": "2022-08-16T23:47:42.444314Z", "version_created_by": "ocladmin", "update_comment": null, "is_latest_version": true, "locale": null, "url": "/orgs/CIEL/sources/CIEL/concepts/162254/", "owner_type": "Organization", "version_url": "/orgs/CIEL/sources/CIEL/concepts/162254/2211636/", "previous_version_url": "/orgs/CIEL/sources/CIEL/concepts/162254/1724657/", "parent_concept_urls": [], "child_concept_urls": []}, {"type": "Concept", "uuid": "2211634", "id": "162253", "external_id": "162253AAAAAAAAAAAAAAAAAAAAAAAAAAAAAA", "concept_class": "Frequency", "datatype": "N/A", "display_name": "Every forty-eight hours", "display_locale": "en", "names": [{"uuid": "2705817", "name": "Every forty-eight hours", "external_id": "125251BBBBBBBBBBBBBBBBBBBBBBBBBBBBBB", "type": "ConceptName", "locale": "en", "locale_preferred": true, "name_type": "FULLY_SPECIFIED"}, {"uuid": "2705818", "name": "q48h", "external_id": "125252BBBBBBBBBBBBBBBBBBBBBBBBBBBBBB", "type": "ConceptName", "locale": "en", "locale_preferred": false, "name_type": "SHORT"}, {"uuid": "2705819", "name": "Every 48 hours", "external_id": "125275BBBBBBBBBBBBBBBBBBBBBBBBBBBBBB", "type": "ConceptName", "locale": "en", "locale_preferred": false, "name_type": null}], "descriptions": [], "extras": {}, "retired": false, "source": "CIEL", "source_url": "/orgs/CIEL/sources/CIEL/", "owner": "CIEL", "owner_name": "CIEL", "owner_url": "/orgs/CIEL/", "version": "2211634", "created_on": "2022-08-16T23:47:42.294311Z", "updated_on": "2022-08-16T23:47:42.297381Z", "version_created_on": "2022-08-16T23:47:42.294311Z", "version_created_by": "ocladmin", "update_comment": null, "is_latest_version": true, "locale": null, "url": "/orgs/CIEL/sources/CIEL/concepts/162253/", "owner_type": "Organization", "version_url": "/orgs/CIEL/sources/CIEL/concepts/162253/2211634/", "previous_version_url": "/orgs/CIEL/sources/CIEL/concepts/162253/1724620/", "parent_concept_urls": [], "child_concept_urls": []}, {"type": "Concept", "uuid": "2211632", "id": "162252", "external_id": "162252AAAAAAAAAAAAAAAAAAAAAAAAAAAAAA", "concept_class": "Frequency", "datatype": "N/A", "display_name": "Every twenty-four hours", "display_locale": "en", "names": [{"uuid": "2705811", "name": "q24h", "external_id": "125249BBBBBBBBBBBBBBBBBBBBBBBBBBBBBB", "type": "ConceptName", "locale": "en", "locale_preferred": false, "name_type": "SHORT"}, {"uuid": "2705812", "name": "Every twenty-four hours", "external_id": "125250BBBBBBBBBBBBBBBBBBBBBBBBBBBBBB", "type": "ConceptName", "locale": "en", "locale_preferred": true, "name_type": "FULLY_SPECIFIED"}, {"uuid": "2705813", "name": "Every 24 hours", "external_id": "125274BBBBBBBBBBBBBBBBBBBBBBBBBBBBBB", "type": "ConceptName", "locale": "en", "locale_preferred": false, "name_type": null}], "descriptions": [], "extras": {}, "retired": false, "source": "CIEL", "source_url": "/orgs/CIEL/sources/CIEL/", "owner": "CIEL", "owner_name": "CIEL", "owner_url": "/orgs/CIEL/", "version": "2211632", "created_on": "2022-08-16T23:47:42.093772Z", "updated_on": "2022-08-16T23:47:42.098033Z", "version_created_on": "2022-08-16T23:47:42.093772Z", "version_created_by": "ocladmin", "update_comment": null, "is_latest_version": true, "locale": null, "url": "/orgs/CIEL/sources/CIEL/concepts/162252/", "owner_type": "Organization", "version_url": "/orgs/CIEL/sources/CIEL/concepts/162252/2211632/", "previous_version_url": "/orgs/CIEL/sources/CIEL/concepts/162252/1724655/", "parent_concept_urls": [], "child_concept_urls": []}, {"type": "Concept", "uuid": "2211630", "id": "162251", "external_id": "162251AAAAAAAAAAAAAAAAAAAAAAAAAAAAAA", "concept_class": "Frequency", "datatype": "N/A", "display_name": "Every twelve hours", "display_locale": "en", "names": [{"uuid": "2705803", "name": "Every twelve hours", "external_id": "125247BBBBBBBBBBBBBBBBBBBBBBBBBBBBBB", "type": "ConceptName", "locale": "en", "locale_preferred": true, "name_type": "FULLY_SPECIFIED"}, {"uuid": "2705804", "name": "q12h", "external_id": "125248BBBBBBBBBBBBBBBBBBBBBBBBBBBBBB", "type": "ConceptName", "locale": "en", "locale_preferred": false, "name_type": "SHORT"}, {"uuid": "2705805", "name": "Every 12 hours", "external_id": "125273BBBBBBBBBBBBBBBBBBBBBBBBBBBBBB", "type": "ConceptName", "locale": "en", "locale_preferred": false, "name_type": null}], "descriptions": [], "extras": {}, "retired": false, "source": "CIEL", "source_url": "/orgs/CIEL/sources/CIEL/", "owner": "CIEL", "owner_name": "CIEL", "owner_url": "/orgs/CIEL/", "version": "2211630", "created_on": "2022-08-16T23:47:41.949935Z", "updated_on": "2022-08-16T23:47:41.952131Z", "version_created_on": "2022-08-16T23:47:41.949935Z", "version_created_by": "ocladmin", "update_comment": null, "is_latest_version": true, "locale": null, "url": "/orgs/CIEL/sources/CIEL/concepts/162251/", "owner_type": "Organization", "version_url": "/orgs/CIEL/sources/CIEL/concepts/162251/2211630/", "previous_version_url": "/orgs/CIEL/sources/CIEL/concepts/162251/1724618/", "parent_concept_urls": [], "child_concept_urls": []}, {"type": "Concept", "uuid": "2211629", "id": "162250", "external_id": "162250AAAAAAAAAAAAAAAAAAAAAAAAAAAAAA", "concept_class": "Frequency", "datatype": "N/A", "display_name": "Every eight hours", "display_locale": "en", "names": [{"uuid": "2705800", "name": "q8h", "external_id": "125245BBBBBBBBBBBBBBBBBBBBBBBBBBBBBB", "type": "ConceptName", "locale": "en", "locale_preferred": false, "name_type": "SHORT"}, {"uuid": "2705801", "name": "Every eight hours", "external_id": "125246BBBBBBBBBBBBBBBBBBBBBBBBBBBBBB", "type": "ConceptName", "locale": "en", "locale_preferred": true, "name_type": "FULLY_SPECIFIED"}, {"uuid": "2705802", "name": "Every 8 hours", "external_id": "125272BBBBBBBBBBBBBBBBBBBBBBBBBBBBBB", "type": "ConceptName", "locale": "en", "locale_preferred": false, "name_type": null}], "descriptions": [], "extras": {}, "retired": false, "source": "CIEL", "source_url": "/orgs/CIEL/sources/CIEL/", "owner": "CIEL", "owner_name": "CIEL", "owner_url": "/orgs/CIEL/", "version": "2211629", "created_on": "2022-08-16T23:47:41.821701Z", "updated_on": "2022-08-16T23:47:41.823957Z", "version_created_on": "2022-08-16T23:47:41.821701Z", "version_created_by": "ocladmin", "update_comment": null, "is_latest_version": true, "locale": null, "url": "/orgs/CIEL/sources/CIEL/concepts/162250/", "owner_type": "Organization", "version_url": "/orgs/CIEL/sources/CIEL/concepts/162250/2211629/", "previous_version_url": "/orgs/CIEL/sources/CIEL/concepts/162250/1724654/", "parent_concept_urls": [], "child_concept_urls": []}, {"type": "Concept", "uuid": "2211627", "id": "162249", "external_id": "162249AAAAAAAAAAAAAAAAAAAAAAAAAAAAAA", "concept_class": "Frequency", "datatype": "N/A", "display_name": "Every six hours", "display_locale": "en", "names": [{"uuid": "2705793", "name": "q6h", "external_id": "125243BBBBBBBBBBBBBBBBBBBBBBBBBBBBBB", "type": "ConceptName", "locale": "en", "locale_preferred": false, "name_type": "SHORT"}, {"uuid": "2705794", "name": "Every six hours", "external_id": "125244BBBBBBBBBBBBBBBBBBBBBBBBBBBBBB", "type": "ConceptName", "locale": "en", "locale_preferred": true, "name_type": "FULLY_SPECIFIED"}, {"uuid": "2705795", "name": "Every 6 hours", "external_id": "125271BBBBBBBBBBBBBBBBBBBBBBBBBBBBBB", "type": "ConceptName", "locale": "en", "locale_preferred": false, "name_type": null}], "descriptions": [], "extras": {}, "retired": false, "source": "CIEL", "source_url": "/orgs/CIEL/sources/CIEL/", "owner": "CIEL", "owner_name": "CIEL", "owner_url": "/orgs/CIEL/", "version": "2211627", "created_on": "2022-08-16T23:47:41.694433Z", "updated_on": "2022-08-16T23:47:41.696487Z", "version_created_on": "2022-08-16T23:47:41.694433Z", "version_created_by": "ocladmin", "update_comment": null, "is_latest_version": true, "locale": null, "url": "/orgs/CIEL/sources/CIEL/concepts/162249/", "owner_type": "Organization", "version_url": "/orgs/CIEL/sources/CIEL/concepts/162249/2211627/", "previous_version_url": "/orgs/CIEL/sources/CIEL/concepts/162249/1724615/", "parent_concept_urls": [], "child_concept_urls": []}, {"type": "Concept", "uuid": "2211625", "id": "162248", "external_id": "162248AAAAAAAAAAAAAAAAAAAAAAAAAAAAAA", "concept_class": "Frequency", "datatype": "N/A", "display_name": "Every five hours", "display_locale": "en", "names": [{"uuid": "2705788", "name": "q5h", "external_id": "125241BBBBBBBBBBBBBBBBBBBBBBBBBBBBBB", "type": "ConceptName", "locale": "en", "locale_preferred": false, "name_type": "SHORT"}, {"uuid": "2705789", "name": "Every five hours", "external_id": "125242BBBBBBBBBBBBBBBBBBBBBBBBBBBBBB", "type": "ConceptName", "locale": "en", "locale_preferred": true, "name_type": "FULLY_SPECIFIED"}, {"uuid": "2705790", "name": "Every 5 hours", "external_id": "125270BBBBBBBBBBBBBBBBBBBBBBBBBBBBBB", "type": "ConceptName", "locale": "en", "locale_preferred": false, "name_type": null}], "descriptions": [], "extras": {}, "retired": false, "source": "CIEL", "source_url": "/orgs/CIEL/sources/CIEL/", "owner": "CIEL", "owner_name": "CIEL", "owner_url": "/orgs/CIEL/", "version": "2211625", "created_on": "2022-08-16T23:47:41.548502Z", "updated_on": "2022-08-16T23:47:41.550819Z", "version_created_on": "2022-08-16T23:47:41.548502Z", "version_created_by": "ocladmin", "update_comment": null, "is_latest_version": true, "locale": null, "url": "/orgs/CIEL/sources/CIEL/concepts/162248/", "owner_type": "Organization", "version_url": "/orgs/CIEL/sources/CIEL/concepts/162248/2211625/", "previous_version_url": "/orgs/CIEL/sources/CIEL/concepts/162248/1724651/", "parent_concept_urls": [], "child_concept_urls": []}, {"type": "Concept", "uuid": "2211623", "id": "162247", "external_id": "162247AAAAAAAAAAAAAAAAAAAAAAAAAAAAAA", "concept_class": "Frequency", "datatype": "N/A", "display_name": "Every four hours", "display_locale": "en", "names": [{"uuid": "2705781", "name": "Every four hours", "external_id": "125239BBBBBBBBBBBBBBBBBBBBBBBBBBBBBB", "type": "ConceptName", "locale": "en", "locale_preferred": true, "name_type": "FULLY_SPECIFIED"}, {"uuid": "2705782", "name": "q4h", "external_id": "125240BBBBBBBBBBBBBBBBBBBBBBBBBBBBBB", "type": "ConceptName", "locale": "en", "locale_preferred": false, "name_type": "SHORT"}, {"uuid": "2705783", "name": "Every 4 hours", "external_id": "125267BBBBBBBBBBBBBBBBBBBBBBBBBBBBBB", "type": "ConceptName", "locale": "en", "locale_preferred": false, "name_type": null}], "descriptions": [], "extras": {}, "retired": false, "source": "CIEL", "source_url": "/orgs/CIEL/sources/CIEL/", "owner": "CIEL", "owner_name": "CIEL", "owner_url": "/orgs/CIEL/", "version": "2211623", "created_on": "2022-08-16T23:47:41.344853Z", "updated_on": "2022-08-16T23:47:41.347639Z", "version_created_on": "2022-08-16T23:47:41.344853Z", "version_created_by": "ocladmin", "update_comment": null, "is_latest_version": true, "locale": null, "url": "/orgs/CIEL/sources/CIEL/concepts/162247/", "owner_type": "Organization", "version_url": "/orgs/CIEL/sources/CIEL/concepts/162247/2211623/", "previous_version_url": "/orgs/CIEL/sources/CIEL/concepts/162247/1724613/", "parent_concept_urls": [], "child_concept_urls": []}, {"type": "Concept", "uuid": "2211621", "id": "162246", "external_id": "162246AAAAAAAAAAAAAAAAAAAAAAAAAAAAAA", "concept_class": "Frequency", "datatype": "N/A", "display_name": "Every three hours", "display_locale": "en", "names": [{"uuid": "2705774", "name": "q3h", "external_id": "125237BBBBBBBBBBBBBBBBBBBBBBBBBBBBBB", "type": "ConceptName", "locale": "en", "locale_preferred": false, "name_type": "SHORT"}, {"uuid": "2705775", "name": "Every three hours", "external_id": "125238BBBBBBBBBBBBBBBBBBBBBBBBBBBBBB", "type": "ConceptName", "locale": "en", "locale_preferred": true, "name_type": "FULLY_SPECIFIED"}, {"uuid": "2705776", "name": "Every 3 hours", "external_id": "125268BBBBBBBBBBBBBBBBBBBBBBBBBBBBBB", "type": "ConceptName", "locale": "en", "locale_preferred": false, "name_type": null}], "descriptions": [], "extras": {}, "retired": false, "source": "CIEL", "source_url": "/orgs/CIEL/sources/CIEL/", "owner": "CIEL", "owner_name": "CIEL", "owner_url": "/orgs/CIEL/", "version": "2211621", "created_on": "2022-08-16T23:47:41.172791Z", "updated_on": "2022-08-16T23:47:41.176746Z", "version_created_on": "2022-08-16T23:47:41.172791Z", "version_created_by": "ocladmin", "update_comment": null, "is_latest_version": true, "locale": null, "url": "/orgs/CIEL/sources/CIEL/concepts/162246/", "owner_type": "Organization", "version_url": "/orgs/CIEL/sources/CIEL/concepts/162246/2211621/", "previous_version_url": "/orgs/CIEL/sources/CIEL/concepts/162246/1724649/", "parent_concept_urls": [], "child_concept_urls": []}, {"type": "Concept", "uuid": "2211619", "id": "162245", "external_id": "162245AAAAAAAAAAAAAAAAAAAAAAAAAAAAAA", "concept_class": "Frequency", "datatype": "N/A", "display_name": "Every two hours", "display_locale": "en", "names": [{"uuid": "2705769", "name": "q2h", "external_id": "125235BBBBBBBBBBBBBBBBBBBBBBBBBBBBBB", "type": "ConceptName", "locale": "en", "locale_preferred": false, "name_type": "SHORT"}, {"uuid": "2705770", "name": "Every two hours", "external_id": "125236BBBBBBBBBBBBBBBBBBBBBBBBBBBBBB", "type": "ConceptName", "locale": "en", "locale_preferred": true, "name_type": "FULLY_SPECIFIED"}, {"uuid": "2705771", "name": "Every 2 hours", "external_id": "125269BBBBBBBBBBBBBBBBBBBBBBBBBBBBBB", "type": "ConceptName", "locale": "en", "locale_preferred": false, "name_type": null}], "descriptions": [], "extras": {}, "retired": false, "source": "CIEL", "source_url": "/orgs/CIEL/sources/CIEL/", "owner": "CIEL", "owner_name": "CIEL", "owner_url": "/orgs/CIEL/", "version": "2211619", "created_on": "2022-08-16T23:47:40.978739Z", "updated_on": "2022-08-16T23:47:40.981564Z", "version_created_on": "2022-08-16T23:47:40.978739Z", "version_created_by": "ocladmin", "update_comment": null, "is_latest_version": true, "locale": null, "url": "/orgs/CIEL/sources/CIEL/concepts/162245/", "owner_type": "Organization", "version_url": "/orgs/CIEL/sources/CIEL/concepts/162245/2211619/", "previous_version_url": "/orgs/CIEL/sources/CIEL/concepts/162245/1724611/", "parent_concept_urls": [], "child_concept_urls": []}, {"type": "Concept", "uuid": "2211617", "id": "162244", "external_id": "162244AAAAAAAAAAAAAAAAAAAAAAAAAAAAAA", "concept_class": "Frequency", "datatype": "N/A", "display_name": "Every hour", "display_locale": "en", "names": [{"uuid": "2705764", "name": "Every hour", "external_id": "125232BBBBBBBBBBBBBBBBBBBBBBBBBBBBBB", "type": "ConceptName", "locale": "en", "locale_preferred": true, "name_type": "FULLY_SPECIFIED"}, {"uuid": "2705765", "name": "q1h", "external_id": "125233BBBBBBBBBBBBBBBBBBBBBBBBBBBBBB", "type": "ConceptName", "locale": "en", "locale_preferred": false, "name_type": "SHORT"}, {"uuid": "2705766", "name": "hourly", "external_id": "125234BBBBBBBBBBBBBBBBBBBBBBBBBBBBBB", "type": "ConceptName", "locale": "en", "locale_preferred": false, "name_type": null}], "descriptions": [], "extras": {}, "retired": false, "source": "CIEL", "source_url": "/orgs/CIEL/sources/CIEL/", "owner": "CIEL", "owner_name": "CIEL", "owner_url": "/orgs/CIEL/", "version": "2211617", "created_on": "2022-08-16T23:47:40.755954Z", "updated_on": "2022-08-16T23:47:40.762600Z", "version_created_on": "2022-08-16T23:47:40.755954Z", "version_created_by": "ocladmin", "update_comment": null, "is_latest_version": true, "locale": null, "url": "/orgs/CIEL/sources/CIEL/concepts/162244/", "owner_type": "Organization", "version_url": "/orgs/CIEL/sources/CIEL/concepts/162244/2211617/", "previous_version_url": "/orgs/CIEL/sources/CIEL/concepts/162244/1724647/", "parent_concept_urls": [], "child_concept_urls": []}, {"type": "Concept", "uuid": "2211615", "id": "162243", "external_id": "162243AAAAAAAAAAAAAAAAAAAAAAAAAAAAAA", "concept_class": "Frequency", "datatype": "N/A", "display_name": "Every 30 min", "display_locale": "en", "names": [{"uuid": "2705760", "name": "q30m", "external_id": "125230BBBBBBBBBBBBBBBBBBBBBBBBBBBBBB", "type": "ConceptName", "locale": "en", "locale_preferred": false, "name_type": "SHORT"}, {"uuid": "2705761", "name": "Every 30 min", "external_id": "125231BBBBBBBBBBBBBBBBBBBBBBBBBBBBBB", "type": "ConceptName", "locale": "en", "locale_preferred": true, "name_type": "FULLY_SPECIFIED"}], "descriptions": [], "extras": {}, "retired": false, "source": "CIEL", "source_url": "/orgs/CIEL/sources/CIEL/", "owner": "CIEL", "owner_name": "CIEL", "owner_url": "/orgs/CIEL/", "version": "2211615", "created_on": "2022-08-16T23:47:40.424989Z", "updated_on": "2022-08-16T23:47:40.428868Z", "version_created_on": "2022-08-16T23:47:40.424989Z", "version_created_by": "ocladmin", "update_comment": null, "is_latest_version": true, "locale": null, "url": "/orgs/CIEL/sources/CIEL/concepts/162243/", "owner_type": "Organization", "version_url": "/orgs/CIEL/sources/CIEL/concepts/162243/2211615/", "previous_version_url": "/orgs/CIEL/sources/CIEL/concepts/162243/1724609/", "parent_concept_urls": [], "child_concept_urls": []}, {"type": "Concept", "uuid": "2211399", "id": "162135", "external_id": "162135AAAAAAAAAAAAAAAAAAAAAAAAAAAAAA", "concept_class": "Frequency", "datatype": "N/A", "display_name": "One time", "display_locale": "en", "names": [{"uuid": "2705178", "name": "One time", "external_id": "124906BBBBBBBBBBBBBBBBBBBBBBBBBBBBBB", "type": "ConceptName", "locale": "en", "locale_preferred": true, "name_type": "FULLY_SPECIFIED"}, {"uuid": "2705179", "name": "Single event", "external_id": "124907BBBBBBBBBBBBBBBBBBBBBBBBBBBBBB", "type": "ConceptName", "locale": "en", "locale_preferred": false, "name_type": null}, {"uuid": "2705180", "name": "Once", "external_id": "125298BBBBBBBBBBBBBBBBBBBBBBBBBBBBBB", "type": "ConceptName", "locale": "en", "locale_preferred": false, "name_type": null}], "descriptions": [], "extras": {}, "retired": false, "source": "CIEL", "source_url": "/orgs/CIEL/sources/CIEL/", "owner": "CIEL", "owner_name": "CIEL", "owner_url": "/orgs/CIEL/", "version": "2211399", "created_on": "2022-08-16T23:47:15.457782Z", "updated_on": "2022-08-16T23:47:15.460138Z", "version_created_on": "2022-08-16T23:47:15.457782Z", "version_created_by": "ocladmin", "update_comment": null, "is_latest_version": true, "locale": null, "url": "/orgs/CIEL/sources/CIEL/concepts/162135/", "owner_type": "Organization", "version_url": "/orgs/CIEL/sources/CIEL/concepts/162135/2211399/", "previous_version_url": "/orgs/CIEL/sources/CIEL/concepts/162135/1724502/", "parent_concept_urls": [], "child_concept_urls": []}, {"type": "Concept", "uuid": "2208905", "id": "160872", "external_id": "160872AAAAAAAAAAAAAAAAAAAAAAAAAAAAAA", "concept_class": "Frequency", "datatype": "N/A", "display_name": "Four times daily, before meals and at bedtime", "display_locale": "en", "names": [{"uuid": "2697912", "name": "qac and qhs", "external_id": "109585BBBBBBBBBBBBBBBBBBBBBBBBBBBBBB", "type": "ConceptName", "locale": "en", "locale_preferred": false, "name_type": null}, {"uuid": "2697913", "name": "Four times daily, before meals and at bedtime", "external_id": "109586BBBBBBBBBBBBBBBBBBBBBBBBBBBBBB", "type": "ConceptName", "locale": "en", "locale_preferred": true, "name_type": "FULLY_SPECIFIED"}, {"uuid": "2697914", "name": "QIDACHS", "external_id": "109587BBBBBBBBBBBBBBBBBBBBBBBBBBBBBB", "type": "ConceptName", "locale": "en", "locale_preferred": false, "name_type": "SHORT"}, {"uuid": "2697915", "name": "Four times a day, before meals and at bedtime", "external_id": "125296BBBBBBBBBBBBBBBBBBBBBBBBBBBBBB", "type": "ConceptName", "locale": "en", "locale_preferred": false, "name_type": null}, {"uuid": "2697916", "name": "Four times per day, before meals and at bedtime", "external_id": "125297BBBBBBBBBBBBBBBBBBBBBBBBBBBBBB", "type": "ConceptName", "locale": "en", "locale_preferred": false, "name_type": null}, {"uuid": "2697917", "name": "4 times per day, before meals and at bedtime", "external_id": "126451BBBBBBBBBBBBBBBBBBBBBBBBBBBBBB", "type": "ConceptName", "locale": "en", "locale_preferred": false, "name_type": null}], "descriptions": [], "extras": {}, "retired": false, "source": "CIEL", "source_url": "/orgs/CIEL/sources/CIEL/", "owner": "CIEL", "owner_name": "CIEL", "owner_url": "/orgs/CIEL/", "version": "2208905", "created_on": "2022-08-16T23:42:28.309185Z", "updated_on": "2022-08-16T23:42:28.312928Z", "version_created_on": "2022-08-16T23:42:28.309185Z", "version_created_by": "ocladmin", "update_comment": null, "is_latest_version": true, "locale": null, "url": "/orgs/CIEL/sources/CIEL/concepts/160872/", "owner_type": "Organization", "version_url": "/orgs/CIEL/sources/CIEL/concepts/160872/2208905/", "previous_version_url": "/orgs/CIEL/sources/CIEL/concepts/160872/1723283/", "parent_concept_urls": [], "child_concept_urls": []}, {"type": "Concept", "uuid": "2208903", "id": "160871", "external_id": "160871AAAAAAAAAAAAAAAAAAAAAAAAAAAAAA", "concept_class": "Frequency", "datatype": "N/A", "display_name": "Four times daily, after meals and at bedtime", "display_locale": "en", "names": [{"uuid": "2697905", "name": "Four times daily, after meals and at bedtime", "external_id": "109582BBBBBBBBBBBBBBBBBBBBBBBBBBBBBB", "type": "ConceptName", "locale": "en", "locale_preferred": true, "name_type": "FULLY_SPECIFIED"}, {"uuid": "2697906", "name": "Four times a day, after meals and at bedtime", "external_id": "109583BBBBBBBBBBBBBBBBBBBBBBBBBBBBBB", "type": "ConceptName", "locale": "en", "locale_preferred": false, "name_type": null}, {"uuid": "2697907", "name": "QiIDPCHS", "external_id": "109584BBBBBBBBBBBBBBBBBBBBBBBBBBBBBB", "type": "ConceptName", "locale": "en", "locale_preferred": false, "name_type": "SHORT"}, {"uuid": "2697908", "name": "Four times per day, after meals and at bedtime", "external_id": "125295BBBBBBBBBBBBBBBBBBBBBBBBBBBBBB", "type": "ConceptName", "locale": "en", "locale_preferred": false, "name_type": null}, {"uuid": "2697909", "name": "4 times per day, after meals and at bedtime", "external_id": "126452BBBBBBBBBBBBBBBBBBBBBBBBBBBBBB", "type": "ConceptName", "locale": "en", "locale_preferred": false, "name_type": null}], "descriptions": [], "extras": {}, "retired": false, "source": "CIEL", "source_url": "/orgs/CIEL/sources/CIEL/", "owner": "CIEL", "owner_name": "CIEL", "owner_url": "/orgs/CIEL/", "version": "2208903", "created_on": "2022-08-16T23:42:28.115127Z", "updated_on": "2022-08-16T23:42:28.117524Z", "version_created_on": "2022-08-16T23:42:28.115127Z", "version_created_by": "ocladmin", "update_comment": null, "is_latest_version": true, "locale": null, "url": "/orgs/CIEL/sources/CIEL/concepts/160871/", "owner_type": "Organization", "version_url": "/orgs/CIEL/sources/CIEL/concepts/160871/2208903/", "previous_version_url": "/orgs/CIEL/sources/CIEL/concepts/160871/1723251/", "parent_concept_urls": [], "child_concept_urls": []}, {"type": "Concept", "uuid": "2208901", "id": "160870", "external_id": "160870AAAAAAAAAAAAAAAAAAAAAAAAAAAAAA", "concept_class": "Frequency", "datatype": "N/A", "display_name": "Four times daily", "display_locale": "en", "names": [{"uuid": "2697895", "name": "QID", "external_id": "109578BBBBBBBBBBBBBBBBBBBBBBBBBBBBBB", "type": "ConceptName", "locale": "en", "locale_preferred": false, "name_type": "SHORT"}, {"uuid": "2697896", "name": "Four times daily", "external_id": "109579BBBBBBBBBBBBBBBBBBBBBBBBBBBBBB", "type": "ConceptName", "locale": "en", "locale_preferred": true, "name_type": "FULLY_SPECIFIED"}, {"uuid": "2697897", "name": "Four times a day", "external_id": "109580BBBBBBBBBBBBBBBBBBBBBBBBBBBBBB", "type": "ConceptName", "locale": "en", "locale_preferred": false, "name_type": null}, {"uuid": "2697898", "name": "QDS (four times a day)", "external_id": "109581BBBBBBBBBBBBBBBBBBBBBBBBBBBBBB", "type": "ConceptName", "locale": "en", "locale_preferred": false, "name_type": null}, {"uuid": "2697899", "name": "Four times per day", "external_id": "125294BBBBBBBBBBBBBBBBBBBBBBBBBBBBBB", "type": "ConceptName", "locale": "en", "locale_preferred": false, "name_type": null}, {"uuid": "2697900", "name": "4 times per day", "external_id": "126446BBBBBBBBBBBBBBBBBBBBBBBBBBBBBB", "type": "ConceptName", "locale": "en", "locale_preferred": false, "name_type": null}], "descriptions": [], "extras": {}, "retired": false, "source": "CIEL", "source_url": "/orgs/CIEL/sources/CIEL/", "owner": "CIEL", "owner_name": "CIEL", "owner_url": "/orgs/CIEL/", "version": "2208901", "created_on": "2022-08-16T23:42:27.910680Z", "updated_on": "2022-08-16T23:42:27.913042Z", "version_created_on": "2022-08-16T23:42:27.910680Z", "version_created_by": "ocladmin", "update_comment": null, "is_latest_version": true, "locale": null, "url": "/orgs/CIEL/sources/CIEL/concepts/160870/", "owner_type": "Organization", "version_url": "/orgs/CIEL/sources/CIEL/concepts/160870/2208901/", "previous_version_url": "/orgs/CIEL/sources/CIEL/concepts/160870/1723281/", "parent_concept_urls": [], "child_concept_urls": []}, {"type": "Concept", "uuid": "2208899", "id": "160869", "external_id": "160869AAAAAAAAAAAAAAAAAAAAAAAAAAAAAA", "concept_class": "Frequency", "datatype": "N/A", "display_name": "Thrice daily, with meals", "display_locale": "en", "names": [{"uuid": "2697888", "name": "Three times a day, with meals", "external_id": "109575BBBBBBBBBBBBBBBBBBBBBBBBBBBBBB", "type": "ConceptName", "locale": "en", "locale_preferred": false, "name_type": null}, {"uuid": "2697889", "name": "Thrice daily, with meals", "external_id": "109576BBBBBBBBBBBBBBBBBBBBBBBBBBBBBB", "type": "ConceptName", "locale": "en", "locale_preferred": true, "name_type": "FULLY_SPECIFIED"}, {"uuid": "2697890", "name": "TIDWM", "external_id": "109577BBBBBBBBBBBBBBBBBBBBBBBBBBBBBB", "type": "ConceptName", "locale": "en", "locale_preferred": false, "name_type": "SHORT"}, {"uuid": "2697891", "name": "Three times per day, with meals", "external_id": "125293BBBBBBBBBBBBBBBBBBBBBBBBBBBBBB", "type": "ConceptName", "locale": "en", "locale_preferred": false, "name_type": null}, {"uuid": "2697892", "name": "3 times per day, with meals", "external_id": "126448BBBBBBBBBBBBBBBBBBBBBBBBBBBBBB", "type": "ConceptName", "locale": "en", "locale_preferred": false, "name_type": null}], "descriptions": [], "extras": {}, "retired": false, "source": "CIEL", "source_url": "/orgs/CIEL/sources/CIEL/", "owner": "CIEL", "owner_name": "CIEL", "owner_url": "/orgs/CIEL/", "version": "2208899", "created_on": "2022-08-16T23:42:27.681268Z", "updated_on": "2022-08-16T23:42:27.686457Z", "version_created_on": "2022-08-16T23:42:27.681268Z", "version_created_by": "ocladmin", "update_comment": null, "is_latest_version": true, "locale": null, "url": "/orgs/CIEL/sources/CIEL/concepts/160869/", "owner_type": "Organization", "version_url": "/orgs/CIEL/sources/CIEL/concepts/160869/2208899/", "previous_version_url": "/orgs/CIEL/sources/CIEL/concepts/160869/1723249/", "parent_concept_urls": [], "child_concept_urls": []}, {"type": "Concept", "uuid": "2208897", "id": "160868", "external_id": "160868AAAAAAAAAAAAAAAAAAAAAAAAAAAAAA", "concept_class": "Frequency", "datatype": "N/A", "display_name": "Thrice daily, before meals", "display_locale": "en", "names": [{"uuid": "2697881", "name": "Thrice daily, before meals", "external_id": "109572BBBBBBBBBBBBBBBBBBBBBBBBBBBBBB", "type": "ConceptName", "locale": "en", "locale_preferred": true, "name_type": "FULLY_SPECIFIED"}, {"uuid": "2697882", "name": "Three times a day, before meals", "external_id": "109573BBBBBBBBBBBBBBBBBBBBBBBBBBBBBB", "type": "ConceptName", "locale": "en", "locale_preferred": false, "name_type": null}, {"uuid": "2697883", "name": "TIDAC", "external_id": "109574BBBBBBBBBBBBBBBBBBBBBBBBBBBBBB", "type": "ConceptName", "locale": "en", "locale_preferred": false, "name_type": "SHORT"}, {"uuid": "2697884", "name": "Three times per day, before meals", "external_id": "125292BBBBBBBBBBBBBBBBBBBBBBBBBBBBBB", "type": "ConceptName", "locale": "en", "locale_preferred": false, "name_type": null}, {"uuid": "2697885", "name": "3 times per day, before meals", "external_id": "126449BBBBBBBBBBBBBBBBBBBBBBBBBBBBBB", "type": "ConceptName", "locale": "en", "locale_preferred": false, "name_type": null}], "descriptions": [], "extras": {}, "retired": false, "source": "CIEL", "source_url": "/orgs/CIEL/sources/CIEL/", "owner": "CIEL", "owner_name": "CIEL", "owner_url": "/orgs/CIEL/", "version": "2208897", "created_on": "2022-08-16T23:42:27.479859Z", "updated_on": "2022-08-16T23:42:27.483950Z", "version_created_on": "2022-08-16T23:42:27.479859Z", "version_created_by": "ocladmin", "update_comment": null, "is_latest_version": true, "locale": null, "url": "/orgs/CIEL/sources/CIEL/concepts/160868/", "owner_type": "Organization", "version_url": "/orgs/CIEL/sources/CIEL/concepts/160868/2208897/", "previous_version_url": "/orgs/CIEL/sources/CIEL/concepts/160868/1723279/", "parent_concept_urls": [], "child_concept_urls": []}, {"type": "Concept", "uuid": "2208895", "id": "160867", "external_id": "160867AAAAAAAAAAAAAAAAAAAAAAAAAAAAAA", "concept_class": "Frequency", "datatype": "N/A", "display_name": "Thrice daily, after meals", "display_locale": "en", "names": [{"uuid": "2697872", "name": "Three times a day, after meals", "external_id": "109569BBBBBBBBBBBBBBBBBBBBBBBBBBBBBB", "type": "ConceptName", "locale": "en", "locale_preferred": false, "name_type": null}, {"uuid": "2697873", "name": "TIDPC", "external_id": "109570BBBBBBBBBBBBBBBBBBBBBBBBBBBBBB", "type": "ConceptName", "locale": "en", "locale_preferred": false, "name_type": "SHORT"}, {"uuid": "2697874", "name": "Thrice daily, after meals", "external_id": "109571BBBBBBBBBBBBBBBBBBBBBBBBBBBBBB", "type": "ConceptName", "locale": "en", "locale_preferred": true, "name_type": "FULLY_SPECIFIED"}, {"uuid": "2697875", "name": "Three times per day, after meals", "external_id": "125291BBBBBBBBBBBBBBBBBBBBBBBBBBBBBB", "type": "ConceptName", "locale": "en", "locale_preferred": false, "name_type": null}, {"uuid": "2697876", "name": "3 times per day, after meals", "external_id": "126447BBBBBBBBBBBBBBBBBBBBBBBBBBBBBB", "type": "ConceptName", "locale": "en", "locale_preferred": false, "name_type": null}], "descriptions": [], "extras": {}, "retired": false, "source": "CIEL", "source_url": "/orgs/CIEL/sources/CIEL/", "owner": "CIEL", "owner_name": "CIEL", "owner_url": "/orgs/CIEL/", "version": "2208895", "created_on": "2022-08-16T23:42:27.332752Z", "updated_on": "2022-08-16T23:42:27.335544Z", "version_created_on": "2022-08-16T23:42:27.332752Z", "version_created_by": "ocladmin", "update_comment": null, "is_latest_version": true, "locale": null, "url": "/orgs/CIEL/sources/CIEL/concepts/160867/", "owner_type": "Organization", "version_url": "/orgs/CIEL/sources/CIEL/concepts/160867/2208895/", "previous_version_url": "/orgs/CIEL/sources/CIEL/concepts/160867/1723247/", "parent_concept_urls": [], "child_concept_urls": []}, {"type": "Concept", "uuid": "2208893", "id": "160866", "external_id": "160866AAAAAAAAAAAAAAAAAAAAAAAAAAAAAA", "concept_class": "Frequency", "datatype": "N/A", "display_name": "Thrice daily", "display_locale": "en", "names": [{"uuid": "2697863", "name": "TD", "external_id": "109566BBBBBBBBBBBBBBBBBBBBBBBBBBBBBB", "type": "ConceptName", "locale": "en", "locale_preferred": false, "name_type": "SHORT"}, {"uuid": "2697864", "name": "Three times a day", "external_id": "109567BBBBBBBBBBBBBBBBBBBBBBBBBBBBBB", "type": "ConceptName", "locale": "en", "locale_preferred": false, "name_type": null}, {"uuid": "2697865", "name": "Thrice daily", "external_id": "109568BBBBBBBBBBBBBBBBBBBBBBBBBBBBBB", "type": "ConceptName", "locale": "en", "locale_preferred": true, "name_type": "FULLY_SPECIFIED"}, {"uuid": "2697866", "name": "TID", "external_id": "125229BBBBBBBBBBBBBBBBBBBBBBBBBBBBBB", "type": "ConceptName", "locale": "en", "locale_preferred": false, "name_type": null}, {"uuid": "2697867", "name": "Three times per day", "external_id": "125290BBBBBBBBBBBBBBBBBBBBBBBBBBBBBB", "type": "ConceptName", "locale": "en", "locale_preferred": false, "name_type": null}, {"uuid": "2697868", "name": "3 times per day", "external_id": "126445BBBBBBBBBBBBBBBBBBBBBBBBBBBBBB", "type": "ConceptName", "locale": "en", "locale_preferred": false, "name_type": null}], "descriptions": [], "extras": {}, "retired": false, "source": "CIEL", "source_url": "/orgs/CIEL/sources/CIEL/", "owner": "CIEL", "owner_name": "CIEL", "owner_url": "/orgs/CIEL/", "version": "2208893", "created_on": "2022-08-16T23:42:27.179653Z", "updated_on": "2022-08-16T23:42:27.181844Z", "version_created_on": "2022-08-16T23:42:27.179653Z", "version_created_by": "ocladmin", "update_comment": null, "is_latest_version": true, "locale": null, "url": "/orgs/CIEL/sources/CIEL/concepts/160866/", "owner_type": "Organization", "version_url": "/orgs/CIEL/sources/CIEL/concepts/160866/2208893/", "previous_version_url": "/orgs/CIEL/sources/CIEL/concepts/160866/1723277/", "parent_concept_urls": [], "child_concept_urls": []}, {"type": "Concept", "uuid": "2208891", "id": "160865", "external_id": "160865AAAAAAAAAAAAAAAAAAAAAAAAAAAAAA", "concept_class": "Frequency", "datatype": "N/A", "display_name": "Once daily, in the morning", "display_locale": "en", "names": [{"uuid": "2697857", "name": "Once daily, in the morning", "external_id": "109563BBBBBBBBBBBBBBBBBBBBBBBBBBBBBB", "type": "ConceptName", "locale": "en", "locale_preferred": true, "name_type": "FULLY_SPECIFIED"}, {"uuid": "2697858", "name": "qAM", "external_id": "109564BBBBBBBBBBBBBBBBBBBBBBBBBBBBBB", "type": "ConceptName", "locale": "en", "locale_preferred": false, "name_type": "SHORT"}, {"uuid": "2697859", "name": "Once a day, in the morning", "external_id": "109565BBBBBBBBBBBBBBBBBBBBBBBBBBBBBB", "type": "ConceptName", "locale": "en", "locale_preferred": false, "name_type": null}, {"uuid": "2697860", "name": "Once per day, in the morning", "external_id": "125289BBBBBBBBBBBBBBBBBBBBBBBBBBBBBB", "type": "ConceptName", "locale": "en", "locale_preferred": false, "name_type": null}], "descriptions": [], "extras": {}, "retired": false, "source": "CIEL", "source_url": "/orgs/CIEL/sources/CIEL/", "owner": "CIEL", "owner_name": "CIEL", "owner_url": "/orgs/CIEL/", "version": "2208891", "created_on": "2022-08-16T23:42:27.049785Z", "updated_on": "2022-08-16T23:42:27.052024Z", "version_created_on": "2022-08-16T23:42:27.049785Z", "version_created_by": "ocladmin", "update_comment": null, "is_latest_version": true, "locale": null, "url": "/orgs/CIEL/sources/CIEL/concepts/160865/", "owner_type": "Organization", "version_url": "/orgs/CIEL/sources/CIEL/concepts/160865/2208891/", "previous_version_url": "/orgs/CIEL/sources/CIEL/concepts/160865/1723245/", "parent_concept_urls": [], "child_concept_urls": []}, {"type": "Concept", "uuid": "2208889", "id": "160864", "external_id": "160864AAAAAAAAAAAAAAAAAAAAAAAAAAAAAA", "concept_class": "Frequency", "datatype": "N/A", "display_name": "Once daily, in the evening", "display_locale": "en", "names": [{"uuid": "2697851", "name": "Once daily, in the evening", "external_id": "109560BBBBBBBBBBBBBBBBBBBBBBBBBBBBBB", "type": "ConceptName", "locale": "en", "locale_preferred": true, "name_type": "FULLY_SPECIFIED"}, {"uuid": "2697852", "name": "Once a day, in the evening", "external_id": "109561BBBBBBBBBBBBBBBBBBBBBBBBBBBBBB", "type": "ConceptName", "locale": "en", "locale_preferred": false, "name_type": null}, {"uuid": "2697853", "name": "qPM", "external_id": "109562BBBBBBBBBBBBBBBBBBBBBBBBBBBBBB", "type": "ConceptName", "locale": "en", "locale_preferred": false, "name_type": "SHORT"}, {"uuid": "2697854", "name": "Once per day, in the evening", "external_id": "125288BBBBBBBBBBBBBBBBBBBBBBBBBBBBBB", "type": "ConceptName", "locale": "en", "locale_preferred": false, "name_type": null}], "descriptions": [], "extras": {}, "retired": false, "source": "CIEL", "source_url": "/orgs/CIEL/sources/CIEL/", "owner": "CIEL", "owner_name": "CIEL", "owner_url": "/orgs/CIEL/", "version": "2208889", "created_on": "2022-08-16T23:42:26.918719Z", "updated_on": "2022-08-16T23:42:26.921066Z", "version_created_on": "2022-08-16T23:42:26.918719Z", "version_created_by": "ocladmin", "update_comment": null, "is_latest_version": true, "locale": null, "url": "/orgs/CIEL/sources/CIEL/concepts/160864/", "owner_type": "Organization", "version_url": "/orgs/CIEL/sources/CIEL/concepts/160864/2208889/", "previous_version_url": "/orgs/CIEL/sources/CIEL/concepts/160864/1723275/", "parent_concept_urls": [], "child_concept_urls": []}, {"type": "Concept", "uuid": "2208887", "id": "160863", "external_id": "160863AAAAAAAAAAAAAAAAAAAAAAAAAAAAAA", "concept_class": "Frequency", "datatype": "N/A", "display_name": "Once daily, at bedtime", "display_locale": "en", "names": [{"uuid": "2697842", "name": "Once a day, at bedtime", "external_id": "109557BBBBBBBBBBBBBBBBBBBBBBBBBBBBBB", "type": "ConceptName", "locale": "en", "locale_preferred": false, "name_type": null}, {"uuid": "2697843", "name": "Once daily, at bedtime", "external_id": "109558BBBBBBBBBBBBBBBBBBBBBBBBBBBBBB", "type": "ConceptName", "locale": "en", "locale_preferred": true, "name_type": "FULLY_SPECIFIED"}, {"uuid": "2697844", "name": "qHS", "external_id": "109559BBBBBBBBBBBBBBBBBBBBBBBBBBBBBB", "type": "ConceptName", "locale": "en", "locale_preferred": false, "name_type": "SHORT"}, {"uuid": "2697846", "name": "Once per day, at bedtime", "external_id": "125287BBBBBBBBBBBBBBBBBBBBBBBBBBBBBB", "type": "ConceptName", "locale": "en", "locale_preferred": false, "name_type": null}], "descriptions": [], "extras": {}, "retired": false, "source": "CIEL", "source_url": "/orgs/CIEL/sources/CIEL/", "owner": "CIEL", "owner_name": "CIEL", "owner_url": "/orgs/CIEL/", "version": "2208887", "created_on": "2022-08-16T23:42:26.782118Z", "updated_on": "2022-08-16T23:42:26.786315Z", "version_created_on": "2022-08-16T23:42:26.782118Z", "version_created_by": "ocladmin", "update_comment": null, "is_latest_version": true, "locale": null, "url": "/orgs/CIEL/sources/CIEL/concepts/160863/", "owner_type": "Organization", "version_url": "/orgs/CIEL/sources/CIEL/concepts/160863/2208887/", "previous_version_url": "/orgs/CIEL/sources/CIEL/concepts/160863/1723243/", "parent_concept_urls": [], "child_concept_urls": []}, {"type": "Concept", "uuid": "2208885", "id": "160862", "external_id": "160862AAAAAAAAAAAAAAAAAAAAAAAAAAAAAA", "concept_class": "Frequency", "datatype": "N/A", "display_name": "Once daily", "display_locale": "en", "names": [{"uuid": "2697832", "name": "OD (once daily)", "external_id": "109553BBBBBBBBBBBBBBBBBBBBBBBBBBBBBB", "type": "ConceptName", "locale": "en", "locale_preferred": false, "name_type": "SHORT"}, {"uuid": "2697833", "name": "Once a day", "external_id": "109554BBBBBBBBBBBBBBBBBBBBBBBBBBBBBB", "type": "ConceptName", "locale": "en", "locale_preferred": false, "name_type": null}, {"uuid": "2697834", "name": "Once daily", "external_id": "109555BBBBBBBBBBBBBBBBBBBBBBBBBBBBBB", "type": "ConceptName", "locale": "en", "locale_preferred": true, "name_type": "FULLY_SPECIFIED"}, {"uuid": "2697835", "name": "QD (once daily)", "external_id": "109556BBBBBBBBBBBBBBBBBBBBBBBBBBBBBB", "type": "ConceptName", "locale": "en", "locale_preferred": false, "name_type": null}, {"uuid": "2697836", "name": "Once per day", "external_id": "125286BBBBBBBBBBBBBBBBBBBBBBBBBBBBBB", "type": "ConceptName", "locale": "en", "locale_preferred": false, "name_type": null}, {"uuid": "2697837", "name": "Daily", "external_id": "126442BBBBBBBBBBBBBBBBBBBBBBBBBBBBBB", "type": "ConceptName", "locale": "en", "locale_preferred": false, "name_type": null}, {"uuid": "2697838", "name": "1 time per day", "external_id": "126444BBBBBBBBBBBBBBBBBBBBBBBBBBBBBB", "type": "ConceptName", "locale": "en", "locale_preferred": false, "name_type": null}], "descriptions": [], "extras": {}, "retired": false, "source": "CIEL", "source_url": "/orgs/CIEL/sources/CIEL/", "owner": "CIEL", "owner_name": "CIEL", "owner_url": "/orgs/CIEL/", "version": "2208885", "created_on": "2022-08-16T23:42:26.653494Z", "updated_on": "2022-08-16T23:42:26.655861Z", "version_created_on": "2022-08-16T23:42:26.653494Z", "version_created_by": "ocladmin", "update_comment": null, "is_latest_version": true, "locale": null, "url": "/orgs/CIEL/sources/CIEL/concepts/160862/", "owner_type": "Organization", "version_url": "/orgs/CIEL/sources/CIEL/concepts/160862/2208885/", "previous_version_url": "/orgs/CIEL/sources/CIEL/concepts/160862/1723273/", "parent_concept_urls": [], "child_concept_urls": []}, {"type": "Concept", "uuid": "2208883", "id": "160861", "external_id": "160861AAAAAAAAAAAAAAAAAAAAAAAAAAAAAA", "concept_class": "Frequency", "datatype": "N/A", "display_name": "Twice daily with meals", "display_locale": "en", "names": [{"uuid": "2697825", "name": "Twice a day with meals", "external_id": "109550BBBBBBBBBBBBBBBBBBBBBBBBBBBBBB", "type": "ConceptName", "locale": "en", "locale_preferred": false, "name_type": null}, {"uuid": "2697827", "name": "BIDWM", "external_id": "109551BBBBBBBBBBBBBBBBBBBBBBBBBBBBBB", "type": "ConceptName", "locale": "en", "locale_preferred": false, "name_type": "SHORT"}, {"uuid": "2697829", "name": "Twice daily with meals", "external_id": "109552BBBBBBBBBBBBBBBBBBBBBBBBBBBBBB", "type": "ConceptName", "locale": "en", "locale_preferred": true, "name_type": "FULLY_SPECIFIED"}, {"uuid": "2697831", "name": "Twice per day with meals", "external_id": "125285BBBBBBBBBBBBBBBBBBBBBBBBBBBBBB", "type": "ConceptName", "locale": "en", "locale_preferred": false, "name_type": null}], "descriptions": [], "extras": {}, "retired": false, "source": "CIEL", "source_url": "/orgs/CIEL/sources/CIEL/", "owner": "CIEL", "owner_name": "CIEL", "owner_url": "/orgs/CIEL/", "version": "2208883", "created_on": "2022-08-16T23:42:26.482596Z", "updated_on": "2022-08-16T23:42:26.485085Z", "version_created_on": "2022-08-16T23:42:26.482596Z", "version_created_by": "ocladmin", "update_comment": null, "is_latest_version": true, "locale": null, "url": "/orgs/CIEL/sources/CIEL/concepts/160861/", "owner_type": "Organization", "version_url": "/orgs/CIEL/sources/CIEL/concepts/160861/2208883/", "previous_version_url": "/orgs/CIEL/sources/CIEL/concepts/160861/1723241/", "parent_concept_urls": [], "child_concept_urls": []}, {"type": "Concept", "uuid": "2208882", "id": "160860", "external_id": "160860AAAAAAAAAAAAAAAAAAAAAAAAAAAAAA", "concept_class": "Frequency", "datatype": "N/A", "display_name": "Twice daily after meals", "display_locale": "en", "names": [{"uuid": "2697820", "name": "Twice a day after meals", "external_id": "109547BBBBBBBBBBBBBBBBBBBBBBBBBBBBBB", "type": "ConceptName", "locale": "en", "locale_preferred": false, "name_type": null}, {"uuid": "2697821", "name": "Twice daily after meals", "external_id": "109548BBBBBBBBBBBBBBBBBBBBBBBBBBBBBB", "type": "ConceptName", "locale": "en", "locale_preferred": true, "name_type": "FULLY_SPECIFIED"}, {"uuid": "2697822", "name": "BIDPC", "external_id": "109549BBBBBBBBBBBBBBBBBBBBBBBBBBBBBB", "type": "ConceptName", "locale": "en", "locale_preferred": false, "name_type": "SHORT"}, {"uuid": "2697823", "name": "Twice per day after meals", "external_id": "125284BBBBBBBBBBBBBBBBBBBBBBBBBBBBBB", "type": "ConceptName", "locale": "en", "locale_preferred": false, "name_type": null}], "descriptions": [], "extras": {}, "retired": false, "source": "CIEL", "source_url": "/orgs/CIEL/sources/CIEL/", "owner": "CIEL", "owner_name": "CIEL", "owner_url": "/orgs/CIEL/", "version": "2208882", "created_on": "2022-08-16T23:42:26.301728Z", "updated_on": "2022-08-16T23:42:26.306075Z", "version_created_on": "2022-08-16T23:42:26.301728Z", "version_created_by": "ocladmin", "update_comment": null, "is_latest_version": true, "locale": null, "url": "/orgs/CIEL/sources/CIEL/concepts/160860/", "owner_type": "Organization", "version_url": "/orgs/CIEL/sources/CIEL/concepts/160860/2208882/", "previous_version_url": "/orgs/CIEL/sources/CIEL/concepts/160860/1723271/", "parent_concept_urls": [], "child_concept_urls": []}, {"type": "Concept", "uuid": "2208880", "id": "160859", "external_id": "160859AAAAAAAAAAAAAAAAAAAAAAAAAAAAAA", "concept_class": "Frequency", "datatype": "N/A", "display_name": "Twice daily before meals", "display_locale": "en", "names": [{"uuid": "2697811", "name": "BIDAC", "external_id": "109544BBBBBBBBBBBBBBBBBBBBBBBBBBBBBB", "type": "ConceptName", "locale": "en", "locale_preferred": false, "name_type": "SHORT"}, {"uuid": "2697812", "name": "Twice a day before meals", "external_id": "109545BBBBBBBBBBBBBBBBBBBBBBBBBBBBBB", "type": "ConceptName", "locale": "en", "locale_preferred": false, "name_type": null}, {"uuid": "2697813", "name": "Twice daily before meals", "external_id": "109546BBBBBBBBBBBBBBBBBBBBBBBBBBBBBB", "type": "ConceptName", "locale": "en", "locale_preferred": true, "name_type": "FULLY_SPECIFIED"}, {"uuid": "2697814", "name": "Twice per day before meals", "external_id": "125283BBBBBBBBBBBBBBBBBBBBBBBBBBBBBB", "type": "ConceptName", "locale": "en", "locale_preferred": false, "name_type": null}], "descriptions": [], "extras": {}, "retired": false, "source": "CIEL", "source_url": "/orgs/CIEL/sources/CIEL/", "owner": "CIEL", "owner_name": "CIEL", "owner_url": "/orgs/CIEL/", "version": "2208880", "created_on": "2022-08-16T23:42:26.082203Z", "updated_on": "2022-08-16T23:42:26.084578Z", "version_created_on": "2022-08-16T23:42:26.082203Z", "version_created_by": "ocladmin", "update_comment": null, "is_latest_version": true, "locale": null, "url": "/orgs/CIEL/sources/CIEL/concepts/160859/", "owner_type": "Organization", "version_url": "/orgs/CIEL/sources/CIEL/concepts/160859/2208880/", "previous_version_url": "/orgs/CIEL/sources/CIEL/concepts/160859/1723238/", "parent_concept_urls": [], "child_concept_urls": []}, {"type": "Concept", "uuid": "2208878", "id": "160858", "external_id": "160858AAAAAAAAAAAAAAAAAAAAAAAAAAAAAA", "concept_class": "Frequency", "datatype": "N/A", "display_name": "Twice daily", "display_locale": "en", "names": [{"uuid": "2697803", "name": "BD", "external_id": "109541BBBBBBBBBBBBBBBBBBBBBBBBBBBBBB", "type": "ConceptName", "locale": "en", "locale_preferred": false, "name_type": "SHORT"}, {"uuid": "2697804", "name": "Twice a day", "external_id": "109542BBBBBBBBBBBBBBBBBBBBBBBBBBBBBB", "type": "ConceptName", "locale": "en", "locale_preferred": false, "name_type": null}, {"uuid": "2697805", "name": "Twice daily", "external_id": "109543BBBBBBBBBBBBBBBBBBBBBBBBBBBBBB", "type": "ConceptName", "locale": "en", "locale_preferred": true, "name_type": "FULLY_SPECIFIED"}, {"uuid": "2697806", "name": "BID", "external_id": "125228BBBBBBBBBBBBBBBBBBBBBBBBBBBBBB", "type": "ConceptName", "locale": "en", "locale_preferred": false, "name_type": null}, {"uuid": "2697807", "name": "Twice per day", "external_id": "125282BBBBBBBBBBBBBBBBBBBBBBBBBBBBBB", "type": "ConceptName", "locale": "en", "locale_preferred": false, "name_type": null}, {"uuid": "2697808", "name": "2 times per day", "external_id": "126443BBBBBBBBBBBBBBBBBBBBBBBBBBBBBB", "type": "ConceptName", "locale": "en", "locale_preferred": false, "name_type": null}], "descriptions": [], "extras": {}, "retired": false, "source": "CIEL", "source_url": "/orgs/CIEL/sources/CIEL/", "owner": "CIEL", "owner_name": "CIEL", "owner_url": "/orgs/CIEL/", "version": "2208878", "created_on": "2022-08-16T23:42:25.876719Z", "updated_on": "2022-08-16T23:42:25.879984Z", "version_created_on": "2022-08-16T23:42:25.876719Z", "version_created_by": "ocladmin", "update_comment": null, "is_latest_version": true, "locale": null, "url": "/orgs/CIEL/sources/CIEL/concepts/160858/", "owner_type": "Organization", "version_url": "/orgs/CIEL/sources/CIEL/concepts/160858/2208878/", "previous_version_url": "/orgs/CIEL/sources/CIEL/concepts/160858/1723269/", "parent_concept_urls": [], "child_concept_urls": []}, {"type": "Concept", "uuid": "2186714", "id": "1099", "external_id": "1099AAAAAAAAAAAAAAAAAAAAAAAAAAAAAAAA", "concept_class": "Frequency", "datatype": "N/A", "display_name": "Weekly", "display_locale": "en", "names": [{"uuid": "2641936", "name": "Weekly", "external_id": "1173BBBBBBBBBBBBBBBBBBBBBBBBBBBBBBBB", "type": "ConceptName", "locale": "en", "locale_preferred": true, "name_type": "FULLY_SPECIFIED"}, {"uuid": "2641937", "name": "Once per week", "external_id": "125257BBBBBBBBBBBBBBBBBBBBBBBBBBBBBB", "type": "ConceptName", "locale": "en", "locale_preferred": false, "name_type": null}, {"uuid": "2641938", "name": "Once a week", "external_id": "125281BBBBBBBBBBBBBBBBBBBBBBBBBBBBBB", "type": "ConceptName", "locale": "en", "locale_preferred": false, "name_type": null}], "descriptions": [{"uuid": "2641939", "description": "Time descriptor. Every week.", "external_id": "1102FFFFFFFFFFFFFFFFFFFFFFFFFFFFFFFF", "type": "ConceptDescription", "locale": "en", "locale_preferred": false, "description_type": null}], "extras": {}, "retired": false, "source": "CIEL", "source_url": "/orgs/CIEL/sources/CIEL/", "owner": "CIEL", "owner_name": "CIEL", "owner_url": "/orgs/CIEL/", "version": "2186714", "created_on": "2022-08-16T22:59:45.356964Z", "updated_on": "2022-08-16T22:59:45.359894Z", "version_created_on": "2022-08-16T22:59:45.356964Z", "version_created_by": "ocladmin", "update_comment": null, "is_latest_version": true, "locale": null, "url": "/orgs/CIEL/sources/CIEL/concepts/1099/", "owner_type": "Organization", "version_url": "/orgs/CIEL/sources/CIEL/concepts/1099/2186714/", "previous_version_url": "/orgs/CIEL/sources/CIEL/concepts/1099/1675485/", "parent_concept_urls": [], "child_concept_urls": []}, {"type": "Concept", "uuid": "2186712", "id": "1098", "external_id": "1098AAAAAAAAAAAAAAAAAAAAAAAAAAAAAAAA", "concept_class": "Frequency", "datatype": "N/A", "display_name": "Monthly", "display_locale": "en", "names": [{"uuid": "2641928", "name": "Monthly", "external_id": "1172BBBBBBBBBBBBBBBBBBBBBBBBBBBBBBBB", "type": "ConceptName", "locale": "en", "locale_preferred": true, "name_type": "FULLY_SPECIFIED"}, {"uuid": "2641929", "name": "Once per month", "external_id": "125258BBBBBBBBBBBBBBBBBBBBBBBBBBBBBB", "type": "ConceptName", "locale": "en", "locale_preferred": false, "name_type": null}, {"uuid": "2641930", "name": "Once a month", "external_id": "125280BBBBBBBBBBBBBBBBBBBBBBBBBBBBBB", "type": "ConceptName", "locale": "en", "locale_preferred": false, "name_type": null}], "descriptions": [{"uuid": "2641931", "description": "Time descriptor.  Every month.", "external_id": "1101FFFFFFFFFFFFFFFFFFFFFFFFFFFFFFFF", "type": "ConceptDescription", "locale": "en", "locale_preferred": false, "description_type": null}], "extras": {}, "retired": false, "source": "CIEL", "source_url": "/orgs/CIEL/sources/CIEL/", "owner": "CIEL", "owner_name": "CIEL", "owner_url": "/orgs/CIEL/", "version": "2186712", "created_on": "2022-08-16T22:59:45.100619Z", "updated_on": "2022-08-16T22:59:45.112942Z", "version_created_on": "2022-08-16T22:59:45.100619Z", "version_created_by": "ocladmin", "update_comment": null, "is_latest_version": true, "locale": null, "url": "/orgs/CIEL/sources/CIEL/concepts/1098/", "owner_type": "Organization", "version_url": "/orgs/CIEL/sources/CIEL/concepts/1098/2186712/", "previous_version_url": "/orgs/CIEL/sources/CIEL/concepts/1098/1675480/", "parent_concept_urls": [], "child_concept_urls": []}], "references": [{"expression": "/orgs/CIEL/sources/CIEL/concepts/160866/", "reference_type": "concepts", "id": 1193057, "last_resolved_at": "2022-09-09T08:23:07.453767Z", "uri": "/users/mksrom/collections/CIEL-frequencies/1/references/1193057/", "uuid": "1193057", "include": true, "type": "CollectionReference"}, {"expression": "/orgs/CIEL/sources/CIEL/concepts/160863/", "reference_type": "concepts", "id": 1193056, "last_resolved_at": "2022-09-09T08:23:07.434027Z", "uri": "/users/mksrom/collections/CIEL-frequencies/1/references/1193056/", "uuid": "1193056", "include": true, "type": "CollectionReference"}, {"expression": "/orgs/CIEL/sources/CIEL/concepts/160865/", "reference_type": "concepts", "id": 1193055, "last_resolved_at": "2022-09-09T08:23:07.414029Z", "uri": "/users/mksrom/collections/CIEL-frequencies/1/references/1193055/", "uuid": "1193055", "include": true, "type": "CollectionReference"}, {"expression": "/orgs/CIEL/sources/CIEL/concepts/160864/", "reference_type": "concepts", "id": 1193054, "last_resolved_at": "2022-09-09T08:23:07.387982Z", "uri": "/users/mksrom/collections/CIEL-frequencies/1/references/1193054/", "uuid": "1193054", "include": true, "type": "CollectionReference"}, {"expression": "/orgs/CIEL/sources/CIEL/concepts/160869/", "reference_type": "concepts", "id": 1193053, "last_resolved_at": "2022-09-09T08:23:07.366369Z", "uri": "/users/mksrom/collections/CIEL-frequencies/1/references/1193053/", "uuid": "1193053", "include": true, "type": "CollectionReference"}, {"expression": "/orgs/CIEL/sources/CIEL/concepts/162135/", "reference_type": "concepts", "id": 1193052, "last_resolved_at": "2022-09-09T08:23:07.346900Z", "uri": "/users/mksrom/collections/CIEL-frequencies/1/references/1193052/", "uuid": "1193052", "include": true, "type": "CollectionReference"}, {"expression": "/orgs/CIEL/sources/CIEL/concepts/162243/", "reference_type": "concepts", "id": 1193051, "last_resolved_at": "2022-09-09T08:23:07.326320Z", "uri": "/users/mksrom/collections/CIEL-frequencies/1/references/1193051/", "uuid": "1193051", "include": true, "type": "CollectionReference"}, {"expression": "/orgs/CIEL/sources/CIEL/concepts/162244/", "reference_type": "concepts", "id": 1193050, "last_resolved_at": "2022-09-09T08:23:07.305023Z", "uri": "/users/mksrom/collections/CIEL-frequencies/1/references/1193050/", "uuid": "1193050", "include": true, "type": "CollectionReference"}, {"expression": "/orgs/CIEL/sources/CIEL/concepts/162245/", "reference_type": "concepts", "id": 1193049, "last_resolved_at": "2022-09-09T08:23:07.285364Z", "uri": "/users/mksrom/collections/CIEL-frequencies/1/references/1193049/", "uuid": "1193049", "include": true, "type": "CollectionReference"}, {"expression": "/orgs/CIEL/sources/CIEL/concepts/162246/", "reference_type": "concepts", "id": 1193048, "last_resolved_at": "2022-09-09T08:23:07.266108Z", "uri": "/users/mksrom/collections/CIEL-frequencies/1/references/1193048/", "uuid": "1193048", "include": true, "type": "CollectionReference"}, {"expression": "/orgs/CIEL/sources/CIEL/concepts/160870/", "reference_type": "concepts", "id": 1193047, "last_resolved_at": "2022-09-09T08:23:07.245324Z", "uri": "/users/mksrom/collections/CIEL-frequencies/1/references/1193047/", "uuid": "1193047", "include": true, "type": "CollectionReference"}, {"expression": "/orgs/CIEL/sources/CIEL/concepts/160867/", "reference_type": "concepts", "id": 1193046, "last_resolved_at": "2022-09-09T08:23:07.223186Z", "uri": "/users/mksrom/collections/CIEL-frequencies/1/references/1193046/", "uuid": "1193046", "include": true, "type": "CollectionReference"}, {"expression": "/orgs/CIEL/sources/CIEL/concepts/160868/", "reference_type": "concepts", "id": 1193045, "last_resolved_at": "2022-09-09T08:23:07.193708Z", "uri": "/users/mksrom/collections/CIEL-frequencies/1/references/1193045/", "uuid": "1193045", "include": true, "type": "CollectionReference"}, {"expression": "/orgs/CIEL/sources/CIEL/concepts/160871/", "reference_type": "concepts", "id": 1193044, "last_resolved_at": "2022-09-09T08:23:07.171389Z", "uri": "/users/mksrom/collections/CIEL-frequencies/1/references/1193044/", "uuid": "1193044", "include": true, "type": "CollectionReference"}, {"expression": "/orgs/CIEL/sources/CIEL/concepts/160872/", "reference_type": "concepts", "id": 1193043, "last_resolved_at": "2022-09-09T08:23:07.152260Z", "uri": "/users/mksrom/collections/CIEL-frequencies/1/references/1193043/", "uuid": "1193043", "include": true, "type": "CollectionReference"}, {"expression": "/orgs/CIEL/sources/CIEL/concepts/162249/", "reference_type": "concepts", "id": 1193042, "last_resolved_at": "2022-09-09T08:23:07.132159Z", "uri": "/users/mksrom/collections/CIEL-frequencies/1/references/1193042/", "uuid": "1193042", "include": true, "type": "CollectionReference"}, {"expression": "/orgs/CIEL/sources/CIEL/concepts/162247/", "reference_type": "concepts", "id": 1193041, "last_resolved_at": "2022-09-09T08:23:07.111814Z", "uri": "/users/mksrom/collections/CIEL-frequencies/1/references/1193041/", "uuid": "1193041", "include": true, "type": "CollectionReference"}, {"expression": "/orgs/CIEL/sources/CIEL/concepts/162248/", "reference_type": "concepts", "id": 1193040, "last_resolved_at": "2022-09-09T08:23:07.089817Z", "uri": "/users/mksrom/collections/CIEL-frequencies/1/references/1193040/", "uuid": "1193040", "include": true, "type": "CollectionReference"}, {"expression": "/orgs/CIEL/sources/CIEL/concepts/162250/", "reference_type": "concepts", "id": 1193039, "last_resolved_at": "2022-09-09T08:23:07.065639Z", "uri": "/users/mksrom/collections/CIEL-frequencies/1/references/1193039/", "uuid": "1193039", "include": true, "type": "CollectionReference"}, {"expression": "/orgs/CIEL/sources/CIEL/concepts/162251/", "reference_type": "concepts", "id": 1193038, "last_resolved_at": "2022-09-09T08:23:07.043925Z", "uri": "/users/mksrom/collections/CIEL-frequencies/1/references/1193038/", "uuid": "1193038", "include": true, "type": "CollectionReference"}, {"expression": "/orgs/CIEL/sources/CIEL/concepts/162254/", "reference_type": "concepts", "id": 1193037, "last_resolved_at": "2022-09-09T08:23:07.012683Z", "uri": "/users/mksrom/collections/CIEL-frequencies/1/references/1193037/", "uuid": "1193037", "include": true, "type": "CollectionReference"}, {"expression": "/orgs/CIEL/sources/CIEL/concepts/162253/", "reference_type": "concepts", "id": 1193036, "last_resolved_at": "2022-09-09T08:23:06.989631Z", "uri": "/users/mksrom/collections/CIEL-frequencies/1/references/1193036/", "uuid": "1193036", "include": true, "type": "CollectionReference"}, {"expression": "/orgs/CIEL/sources/CIEL/concepts/162255/", "reference_type": "concepts", "id": 1193035, "last_resolved_at": "2022-09-09T08:23:06.968857Z", "uri": "/users/mksrom/collections/CIEL-frequencies/1/references/1193035/", "uuid": "1193035", "include": true, "type": "CollectionReference"}, {"expression": "/orgs/CIEL/sources/CIEL/concepts/162252/", "reference_type": "concepts", "id": 1193034, "last_resolved_at": "2022-09-09T08:23:06.933425Z", "uri": "/users/mksrom/collections/CIEL-frequencies/1/references/1193034/", "uuid": "1193034", "include": true, "type": "CollectionReference"}, {"expression": "/orgs/CIEL/sources/CIEL/concepts/162256/", "reference_type": "concepts", "id": 1193033, "last_resolved_at": "2022-09-09T08:23:06.912104Z", "uri": "/users/mksrom/collections/CIEL-frequencies/1/references/1193033/", "uuid": "1193033", "include": true, "type": "CollectionReference"}, {"expression": "/orgs/CIEL/sources/CIEL/concepts/1099/", "reference_type": "concepts", "id": 1193032, "last_resolved_at": "2022-09-09T08:23:06.889584Z", "uri": "/users/mksrom/collections/CIEL-frequencies/1/references/1193032/", "uuid": "1193032", "include": true, "type": "CollectionReference"}, {"expression": "/orgs/CIEL/sources/CIEL/concepts/1098/", "reference_type": "concepts", "id": 1193031, "last_resolved_at": "2022-09-09T08:23:06.868763Z", "uri": "/users/mksrom/collections/CIEL-frequencies/1/references/1193031/", "uuid": "1193031", "include": true, "type": "CollectionReference"}, {"expression": "/orgs/CIEL/sources/CIEL/concepts/162257/", "reference_type": "concepts", "id": 1193030, "last_resolved_at": "2022-09-09T08:23:06.848096Z", "uri": "/users/mksrom/collections/CIEL-frequencies/1/references/1193030/", "uuid": "1193030", "include": true, "type": "CollectionReference"}, {"expression": "/orgs/CIEL/sources/CIEL/concepts/160858/", "reference_type": "concepts", "id": 1193029, "last_resolved_at": "2022-09-09T08:23:06.819857Z", "uri": "/users/mksrom/collections/CIEL-frequencies/1/references/1193029/", "uuid": "1193029", "include": true, "type": "CollectionReference"}, {"expression": "/orgs/CIEL/sources/CIEL/concepts/160860/", "reference_type": "concepts", "id": 1193028, "last_resolved_at": "2022-09-09T08:23:06.798162Z", "uri": "/users/mksrom/collections/CIEL-frequencies/1/references/1193028/", "uuid": "1193028", "include": true, "type": "CollectionReference"}, {"expression": "/orgs/CIEL/sources/CIEL/concepts/160859/", "reference_type": "concepts", "id": 1193027, "last_resolved_at": "2022-09-09T08:23:06.775087Z", "uri": "/users/mksrom/collections/CIEL-frequencies/1/references/1193027/", "uuid": "1193027", "include": true, "type": "CollectionReference"}, {"expression": "/orgs/CIEL/sources/CIEL/concepts/160862/", "reference_type": "concepts", "id": 1193026, "last_resolved_at": "2022-09-09T08:23:06.753782Z", "uri": "/users/mksrom/collections/CIEL-frequencies/1/references/1193026/", "uuid": "1193026", "include": true, "type": "CollectionReference"}, {"expression": "/orgs/CIEL/sources/CIEL/concepts/160861/", "reference_type": "concepts", "id": 1193025, "last_resolved_at": "2022-09-09T08:23:06.726467Z", "uri": "/users/mksrom/collections/CIEL-frequencies/1/references/1193025/", "uuid": "1193025", "include": true, "type": "CollectionReference"}], "mappings": []}