{"type": "Collection Version", "uuid": "44532", "id": "1.0.1", "short_code": "Visits", "name": "SIH SALUS Visits", "full_name": "SIH SALUS Visits", "description": "add text of encounter", "collection_type": "Dictionary", "custom_validation_schema": "OpenMRS", "public_access": "View", "default_locale": "es", "supported_locales": ["es"], "website": null, "url": "/orgs/PeruHCE/collections/Visits/", "owner": "PeruHCE", "owner_type": "Organization", "owner_url": "/orgs/PeruHCE/", "version_url": "/orgs/PeruHCE/collections/Visits/1.0.1/", "previous_version_url": "/orgs/PeruHCE/collections/Visits/1.0.0/", "created_on": "2025-03-05T12:03:48.271136Z", "updated_on": "2025-03-05T12:03:49.470451Z", "created_by": "duvet05", "updated_by": "duvet05", "extras": {}, "external_id": null, "version": "1.0.1", "concepts_url": "/orgs/PeruHCE/collections/Visits/1.0.1/concepts/", "mappings_url": "/orgs/PeruHCE/collections/Visits/1.0.1/mappings/", "expansions_url": "/orgs/PeruHCE/collections/Visits/1.0.1/expansions/", "is_processing": true, "released": true, "retired": false, "canonical_url": null, "identifier": {}, "publisher": null, "contact": {}, "jurisdiction": {}, "purpose": null, "copyright": null, "meta": null, "immutable": null, "revision_date": null, "text": null, "experimental": null, "locked_date": null, "autoexpand": true, "expansion_url": "/orgs/PeruHCE/collections/Visits/1.0.1/expansions/autoexpand-1.0.1/", "checksums": {"smart": "38a9f40b06d1dcb9109e807a7e5bc4bf", "standard": "483cdbdb616602e571b9b4d4ad4c6d45"}, "collection": {"id": "Visits", "url": "/orgs/PeruHCE/collections/Visits/", "meta": null, "name": "SIH SALUS Visits", "text": null, "type": "Collection", "uuid": "44527", "owner": "PeruHCE", "extras": {}, "contact": {}, "purpose": null, "version": "HEAD", "website": null, "logo_url": null, "checksums": {"smart": "be13fcd29fc16e36d37f230152d1f907", "standard": "483cdbdb616602e571b9b4d4ad4c6d45"}, "copyright": null, "full_name": "SIH SALUS Visits", "immutable": null, "owner_url": "/orgs/PeruHCE/", "publisher": null, "created_by": "duvet05", "created_on": "2025-03-05T05:32:46.538826Z", "identifier": {}, "owner_type": "Organization", "short_code": "Visits", "updated_by": "duvet05", "updated_on": "2025-03-05T12:03:10.668849Z", "description": "SIH SALUS Visits", "external_id": null, "locked_date": null, "concepts_url": "/orgs/PeruHCE/collections/Visits/concepts/", "experimental": null, "jurisdiction": {}, "mappings_url": "/orgs/PeruHCE/collections/Visits/mappings/", "versions_url": "/orgs/PeruHCE/collections/Visits/versions/", "canonical_url": null, "expansion_url": "/orgs/PeruHCE/collections/Visits/HEAD/expansions/autoexpand-HEAD/", "public_access": "View", "revision_date": null, "default_locale": "es", "expansions_url": "/orgs/PeruHCE/collections/Visits/expansions/", "autoexpand_head": true, "collection_type": "Dictionary", "preferred_source": "", "supported_locales": ["es"], "custom_validation_schema": "OpenMRS", "custom_resources_linked_source": ""}, "concepts": [{"type": "Concept", "uuid": "7318413", "id": "4126", "external_id": "162169AAAAAAAAAAAAAAAAAAAAAAAAAAAAAA", "concept_class": "Question", "datatype": "Text", "display_name": "Texto de la nota de encuentro", "display_locale": "es", "names": [{"uuid": "23323975", "name": "Text of encounter note", "external_id": "124962BBBBBBBBBBBBBBBBBBBBBBBBBBBBBB", "type": "ConceptName", "locale": "en", "locale_preferred": true, "name_type": "Fully-Specified", "checksum": "e115386009d148ce28e280d6c8fb5f85"}, {"uuid": "23323976", "name": "Texto de la nota de encuentro", "external_id": "063cd802-b3f3-4053-9b89-39d30039a776", "type": "ConceptName", "locale": "es", "locale_preferred": true, "name_type": "Fully-Specified", "checksum": "7d935de80327418fbcd0f627551f3c40"}], "descriptions": [{"uuid": "2385586", "description": "Free text note field intended to capture unstructured description of the patient encounter", "external_id": "17164FFFFFFFFFFFFFFFFFFFFFFFFFFFFFFF", "type": "ConceptDescription", "locale": "en", "locale_preferred": true, "description_type": "Definition", "checksum": "77ced44907a5c09fb837b1cf6d4b608a"}], "extras": {}, "retired": false, "source": "sihsalus", "source_url": "/orgs/PeruHCE/sources/sihsalus/", "owner": "PeruHCE", "owner_name": "PeruHCE", "owner_url": "/orgs/PeruHCE/", "version": "7318413", "created_on": "2025-03-05T12:01:23.934723Z", "updated_on": "2025-03-05T12:01:23.941240Z", "version_created_on": "2025-03-05T12:01:23.934723Z", "version_created_by": "duvet05", "update_comment": "HENRY GOD", "is_latest_version": true, "locale": null, "url": "/orgs/PeruHCE/sources/sihsalus/concepts/4126/", "owner_type": "Organization", "version_url": "/orgs/PeruHCE/sources/sihsalus/concepts/4126/7318413/", "previous_version_url": "/orgs/PeruHCE/sources/sihsalus/concepts/4126/7318412/", "parent_concept_urls": [], "child_concept_urls": [], "version_updated_on": "2025-03-05T12:01:23.941240Z", "version_updated_by": "duvet05", "checksums": {"smart": "5eb9c0534e6ec2a6ed3eae58e23f8fe2", "standard": "3d4474df06e54846463bac257be8d5d7"}}, {"type": "Concept", "uuid": "7318213", "id": "4035", "external_id": "ec420364-fde1-452d-9c48-fafb4ea73a58", "concept_class": "Misc", "datatype": "None", "display_name": "SEGURO PRIVADO", "display_locale": "es", "names": [{"uuid": "23323123", "name": "SEGURO PRIVADO", "external_id": "89cf4f69-4829-4c10-8c3c-c696ae0bf9cd", "type": "ConceptName", "locale": "es", "locale_preferred": true, "name_type": "Fully-Specified", "checksum": "c533568961084bcb5d9f4f786093b996"}], "descriptions": [{"uuid": "2385452", "description": "PRIVADOS", "external_id": "61ee8797-acb2-467d-92ea-3bdc5a0e6e25", "type": "ConceptDescription", "locale": "es", "locale_preferred": false, "description_type": "Definition", "checksum": "062ce038004ff06f05de14ff9c78861d"}], "extras": {}, "retired": false, "source": "sihsalus", "source_url": "/orgs/PeruHCE/sources/sihsalus/", "owner": "PeruHCE", "owner_name": "PeruHCE", "owner_url": "/orgs/PeruHCE/", "version": "7318213", "created_on": "2025-03-05T04:26:40.912653Z", "updated_on": "2025-03-05T04:26:40.924359Z", "version_created_on": "2025-03-05T04:26:40.912653Z", "version_created_by": "duvet05", "update_comment": "-", "is_latest_version": true, "locale": null, "url": "/orgs/PeruHCE/sources/sihsalus/concepts/4035/", "owner_type": "Organization", "version_url": "/orgs/PeruHCE/sources/sihsalus/concepts/4035/7318213/", "previous_version_url": "/orgs/PeruHCE/sources/sihsalus/concepts/4035/7317985/", "parent_concept_urls": [], "child_concept_urls": [], "version_updated_on": "2025-03-05T04:26:40.924359Z", "version_updated_by": "duvet05", "checksums": {"smart": "b5015ec75e04f762238c5e0d9d655fd3", "standard": "a572d9d8c647d2cf0eaf6ccbecde01f1"}}, {"type": "Concept", "uuid": "7318088", "id": "4059", "external_id": "355ee63a-a773-47ab-9841-2505b71dec13", "concept_class": "Question", "datatype": "Coded", "display_name": "Financiador", "display_locale": "es", "names": [{"uuid": "23322865", "name": "Financiador", "external_id": "aafd0be4-7cc4-4980-9224-f3ea204a032f", "type": "ConceptName", "locale": "es", "locale_preferred": true, "name_type": "Fully-Specified", "checksum": "543921fc40a704a223a95021db0fedcf"}], "descriptions": [{"uuid": "2385322", "description": "La descripci\u00f3n de los financiadores listados corresponde a diferentes entidades o sectores que financian o cubren servicios de salud u otros beneficios.", "external_id": "70d1849f-d3cd-4e92-aa54-5ea4bb428d85", "type": "ConceptDescription", "locale": "es", "locale_preferred": true, "description_type": "Definition", "checksum": "3164183f254bca0d11cc2232cc54fd96"}], "extras": {}, "retired": false, "source": "sihsalus", "source_url": "/orgs/PeruHCE/sources/sihsalus/", "owner": "PeruHCE", "owner_name": "PeruHCE", "owner_url": "/orgs/PeruHCE/", "version": "7318088", "created_on": "2025-03-05T04:17:59.333978Z", "updated_on": "2025-03-05T04:17:59.339989Z", "version_created_on": "2025-03-05T04:17:59.333978Z", "version_created_by": "duvet05", "update_comment": "tropicalizado", "is_latest_version": true, "locale": null, "url": "/orgs/PeruHCE/sources/sihsalus/concepts/4059/", "owner_type": "Organization", "version_url": "/orgs/PeruHCE/sources/sihsalus/concepts/4059/7318088/", "previous_version_url": "/orgs/PeruHCE/sources/sihsalus/concepts/4059/7318087/", "parent_concept_urls": [], "child_concept_urls": [], "version_updated_on": "2025-03-05T04:17:59.339989Z", "version_updated_by": "duvet05", "checksums": {"smart": "eccdd297b6a66e4cd1671441e2d774bb", "standard": "4e4bd8476fa373ee8ec492920e0326de"}}, {"type": "Concept", "uuid": "7318083", "id": "4036", "external_id": "d81d4698-e78c-420d-aac5-cb1f606fb32e", "concept_class": "Question", "datatype": "Coded", "display_name": "Puntualidad de la Visita", "display_locale": "es", "names": [{"uuid": "23322851", "name": "Visit Punctuality", "external_id": "640a3c58-6ed4-4554-8d92-4b7e47bcd073", "type": "ConceptName", "locale": "en", "locale_preferred": true, "name_type": "Fully Specified", "checksum": "f58102f8f7c4c6b4b6e6d390f4cece09"}, {"uuid": "23322852", "name": "Puntualidad de la Visita", "external_id": "22322141-2aec-4863-a79f-1c183698b2d8", "type": "ConceptName", "locale": "es", "locale_preferred": true, "name_type": "Fully-Specified", "checksum": "f6855a7c28e531fe29916e506915ffe8"}], "descriptions": [{"uuid": "2385316", "description": "Visit Punctuality", "external_id": "1f771a9d-7f52-4d63-9693-fab4891e6eca", "type": "ConceptDescription", "locale": "en", "locale_preferred": true, "description_type": "Definition", "checksum": "6d04e2bbb1f03d3fd51976523889438b"}], "extras": {}, "retired": false, "source": "sihsalus", "source_url": "/orgs/PeruHCE/sources/sihsalus/", "owner": "PeruHCE", "owner_name": "PeruHCE", "owner_url": "/orgs/PeruHCE/", "version": "7318083", "created_on": "2025-03-05T04:01:31.572834Z", "updated_on": "2025-03-05T04:01:31.576678Z", "version_created_on": "2025-03-05T04:01:31.572834Z", "version_created_by": "duvet05", "update_comment": "tropicalizado", "is_latest_version": true, "locale": null, "url": "/orgs/PeruHCE/sources/sihsalus/concepts/4036/", "owner_type": "Organization", "version_url": "/orgs/PeruHCE/sources/sihsalus/concepts/4036/7318083/", "previous_version_url": "/orgs/PeruHCE/sources/sihsalus/concepts/4036/7318037/", "parent_concept_urls": [], "child_concept_urls": [], "version_updated_on": "2025-03-05T04:01:31.576678Z", "version_updated_by": "duvet05", "checksums": {"smart": "4c4f7855c18a31c94d8afa8269cae2ed", "standard": "713b0ff6fb2334765faf112d2558b1d1"}}, {"type": "Concept", "uuid": "7317983", "id": "4034", "external_id": "c89d104f-0d41-4b8c-a73c-eea90d7c92ea", "concept_class": "Misc", "datatype": "None", "display_name": "SANIDAD PNP", "display_locale": "es", "names": [{"uuid": "23322449", "name": "SANIDAD PNP", "external_id": "674bd211-6957-4922-a155-4f3dd0d63d73", "type": "ConceptName", "locale": "es", "locale_preferred": true, "name_type": "Fully-Specified", "checksum": "70f9b9640a5905da431e395dd83694fc"}, {"uuid": "23322450", "name": "SANIDAD PNP", "external_id": "36898868-2518-458a-a565-641ac1733ab6", "type": "ConceptName", "locale": "es", "locale_preferred": false, "name_type": "Short", "checksum": "381ba85661984d4d67f4e0b72b3bf597"}], "descriptions": [{"uuid": "2385234", "description": "SANIDAD PNP", "external_id": null, "type": "ConceptDescription", "locale": "es", "locale_preferred": false, "description_type": null, "checksum": "0f0e5e7727f0df8c9317c817eac3442c"}], "extras": {}, "retired": false, "source": "sihsalus", "source_url": "/orgs/PeruHCE/sources/sihsalus/", "owner": "PeruHCE", "owner_name": "PeruHCE", "owner_url": "/orgs/PeruHCE/", "version": "7317983", "created_on": "2025-03-04T17:42:58.907769Z", "updated_on": "2025-03-04T17:42:58.914662Z", "version_created_on": "2025-03-04T17:42:58.907769Z", "version_created_by": "k_penaloza", "update_comment": null, "is_latest_version": true, "locale": null, "url": "/orgs/PeruHCE/sources/sihsalus/concepts/4034/", "owner_type": "Organization", "version_url": "/orgs/PeruHCE/sources/sihsalus/concepts/4034/7317983/", "previous_version_url": null, "parent_concept_urls": [], "child_concept_urls": [], "version_updated_on": "2025-03-04T17:42:58.914662Z", "version_updated_by": "k_penaloza", "checksums": {"smart": "15c584efa449b32f582583b8e108ee12", "standard": "17c9a2673e8119efe635473fad57bf81"}}, {"type": "Concept", "uuid": "7317981", "id": "4033", "external_id": "8a1ef253-5695-4475-98d6-2a17a9198e41", "concept_class": "Misc", "datatype": "None", "display_name": "SANIDAD EP", "display_locale": "es", "names": [{"uuid": "23322445", "name": "SANIDAD EP", "external_id": "66713a80-44dc-4371-899e-16b0e5ce5c85", "type": "ConceptName", "locale": "es", "locale_preferred": true, "name_type": "Fully-Specified", "checksum": "e68644f556467c74835b5ebb226a5ffa"}, {"uuid": "23322446", "name": "SANIDAD EP", "external_id": "ccbe9510-5b8a-4f90-8edc-006917d7db7d", "type": "ConceptName", "locale": "es", "locale_preferred": false, "name_type": "Short", "checksum": "164843a7db584980e46f871ae539898d"}], "descriptions": [{"uuid": "2385232", "description": "SANIDAD EP", "external_id": null, "type": "ConceptDescription", "locale": "es", "locale_preferred": false, "description_type": null, "checksum": "8e97f536076fa5261dc627510ecb5918"}], "extras": {}, "retired": false, "source": "sihsalus", "source_url": "/orgs/PeruHCE/sources/sihsalus/", "owner": "PeruHCE", "owner_name": "PeruHCE", "owner_url": "/orgs/PeruHCE/", "version": "7317981", "created_on": "2025-03-04T17:42:58.340128Z", "updated_on": "2025-03-04T17:42:58.345654Z", "version_created_on": "2025-03-04T17:42:58.340128Z", "version_created_by": "k_penaloza", "update_comment": null, "is_latest_version": true, "locale": null, "url": "/orgs/PeruHCE/sources/sihsalus/concepts/4033/", "owner_type": "Organization", "version_url": "/orgs/PeruHCE/sources/sihsalus/concepts/4033/7317981/", "previous_version_url": null, "parent_concept_urls": [], "child_concept_urls": [], "version_updated_on": "2025-03-04T17:42:58.345654Z", "version_updated_by": "k_penaloza", "checksums": {"smart": "b3e5b0beaa4cb33a3b7aa82ec7df9321", "standard": "0b708b426ca2f39116db9bf9f99c593c"}}, {"type": "Concept", "uuid": "7317979", "id": "4032", "external_id": "08cb5dca-4b28-4330-8190-9fb9053d6a6d", "concept_class": "Misc", "datatype": "None", "display_name": "SANIDAD NAVAL", "display_locale": "es", "names": [{"uuid": "23322441", "name": "SANIDAD NAVAL", "external_id": "ee97651d-a308-432e-993a-edaf806afe26", "type": "ConceptName", "locale": "es", "locale_preferred": true, "name_type": "Fully-Specified", "checksum": "d4aabae1971191e5d0c72f7d16b3f91d"}, {"uuid": "23322442", "name": "SANIDAD NAVAL", "external_id": "f9ed0395-930d-42c5-b765-dc09108e1592", "type": "ConceptName", "locale": "es", "locale_preferred": false, "name_type": "Short", "checksum": "d0e976ebdfaf4fb562ace960c222c43a"}], "descriptions": [{"uuid": "2385230", "description": "SANIDAD NAVAL", "external_id": null, "type": "ConceptDescription", "locale": "es", "locale_preferred": false, "description_type": null, "checksum": "1123bbf21f1dc120e62605f5138eef96"}], "extras": {}, "retired": false, "source": "sihsalus", "source_url": "/orgs/PeruHCE/sources/sihsalus/", "owner": "PeruHCE", "owner_name": "PeruHCE", "owner_url": "/orgs/PeruHCE/", "version": "7317979", "created_on": "2025-03-04T17:42:57.811697Z", "updated_on": "2025-03-04T17:42:57.817070Z", "version_created_on": "2025-03-04T17:42:57.811697Z", "version_created_by": "k_penaloza", "update_comment": null, "is_latest_version": true, "locale": null, "url": "/orgs/PeruHCE/sources/sihsalus/concepts/4032/", "owner_type": "Organization", "version_url": "/orgs/PeruHCE/sources/sihsalus/concepts/4032/7317979/", "previous_version_url": null, "parent_concept_urls": [], "child_concept_urls": [], "version_updated_on": "2025-03-04T17:42:57.817070Z", "version_updated_by": "k_penaloza", "checksums": {"smart": "27b78af8b035afba7f1a5de0e3ff8156", "standard": "6af76b3d87f21fe07192f20a1be8e6e5"}}, {"type": "Concept", "uuid": "7317977", "id": "4031", "external_id": "5f5b4788-bed9-45dc-8254-1029cb1ffa8b", "concept_class": "Misc", "datatype": "None", "display_name": "SANIDAD F.A.P", "display_locale": "es", "names": [{"uuid": "23322437", "name": "SANIDAD F.A.P", "external_id": "c137f73c-61b2-4641-92d3-598929e116ef", "type": "ConceptName", "locale": "es", "locale_preferred": true, "name_type": "Fully-Specified", "checksum": "9a706b9f966a91ed1446df4e5c732eca"}, {"uuid": "23322438", "name": "SANIDAD F.A.P", "external_id": "2f676dc2-a877-4d6e-9e29-add75af6caa1", "type": "ConceptName", "locale": "es", "locale_preferred": false, "name_type": "Short", "checksum": "fea9f967488e50042071286378112edc"}], "descriptions": [{"uuid": "2385228", "description": "SANIDAD F.A.P", "external_id": null, "type": "ConceptDescription", "locale": "es", "locale_preferred": false, "description_type": null, "checksum": "f71a97c96b243b9771108c1418e251ef"}], "extras": {}, "retired": false, "source": "sihsalus", "source_url": "/orgs/PeruHCE/sources/sihsalus/", "owner": "PeruHCE", "owner_name": "PeruHCE", "owner_url": "/orgs/PeruHCE/", "version": "7317977", "created_on": "2025-03-04T17:42:57.228179Z", "updated_on": "2025-03-04T17:42:57.234218Z", "version_created_on": "2025-03-04T17:42:57.228179Z", "version_created_by": "k_penaloza", "update_comment": null, "is_latest_version": true, "locale": null, "url": "/orgs/PeruHCE/sources/sihsalus/concepts/4031/", "owner_type": "Organization", "version_url": "/orgs/PeruHCE/sources/sihsalus/concepts/4031/7317977/", "previous_version_url": null, "parent_concept_urls": [], "child_concept_urls": [], "version_updated_on": "2025-03-04T17:42:57.234218Z", "version_updated_by": "k_penaloza", "checksums": {"smart": "d0ed8b481e22d25a4d2237fb0c422e47", "standard": "9d2e950d81aa607e0f78ea11e90b299f"}}, {"type": "Concept", "uuid": "7317975", "id": "4030", "external_id": "7298e2ef-89a2-4e22-86ba-9502b91e0a23", "concept_class": "Misc", "datatype": "None", "display_name": "S.O.A.T", "display_locale": "es", "names": [{"uuid": "23322433", "name": "S.O.A.T", "external_id": "7178cbd4-ec44-41a7-9fff-3ed5aedd2cae", "type": "ConceptName", "locale": "es", "locale_preferred": true, "name_type": "Fully-Specified", "checksum": "9774ad22e8b5a17337c506c75dd33a1c"}, {"uuid": "23322434", "name": "S.O.A.T", "external_id": "3ffceef6-b9b0-4960-beb6-e436dd58da7c", "type": "ConceptName", "locale": "es", "locale_preferred": false, "name_type": "Short", "checksum": "1638c915757eee47d80fc91d7f33b708"}], "descriptions": [{"uuid": "2385226", "description": "S.O.A.T", "external_id": null, "type": "ConceptDescription", "locale": "es", "locale_preferred": false, "description_type": null, "checksum": "5eaeafd0e428f755d7c67ac47926bb57"}], "extras": {}, "retired": false, "source": "sihsalus", "source_url": "/orgs/PeruHCE/sources/sihsalus/", "owner": "PeruHCE", "owner_name": "PeruHCE", "owner_url": "/orgs/PeruHCE/", "version": "7317975", "created_on": "2025-03-04T17:42:56.662397Z", "updated_on": "2025-03-04T17:42:56.667594Z", "version_created_on": "2025-03-04T17:42:56.662397Z", "version_created_by": "k_penaloza", "update_comment": null, "is_latest_version": true, "locale": null, "url": "/orgs/PeruHCE/sources/sihsalus/concepts/4030/", "owner_type": "Organization", "version_url": "/orgs/PeruHCE/sources/sihsalus/concepts/4030/7317975/", "previous_version_url": null, "parent_concept_urls": [], "child_concept_urls": [], "version_updated_on": "2025-03-04T17:42:56.667594Z", "version_updated_by": "k_penaloza", "checksums": {"smart": "a7f73afd3169c45952faf7edd51bf0a7", "standard": "18825b04c9f59e3602c3d5dfa6571eeb"}}, {"type": "Concept", "uuid": "7317971", "id": "4028", "external_id": "d054da83-799f-449e-91ee-420c7fa9354f", "concept_class": "Misc", "datatype": "None", "display_name": "S.I.S", "display_locale": "es", "names": [{"uuid": "23322425", "name": "S.I.S", "external_id": "02d10ed4-85a0-4430-80ef-66ebbde83359", "type": "ConceptName", "locale": "es", "locale_preferred": true, "name_type": "Fully-Specified", "checksum": "632845f94713fe0948313dfbc2781c43"}, {"uuid": "23322426", "name": "S.I.S", "external_id": "7eb8f155-8587-4e7a-a7b3-a3cea3eba337", "type": "ConceptName", "locale": "es", "locale_preferred": false, "name_type": "Short", "checksum": "7c013d3854ff80b974dcf2297cc26a83"}], "descriptions": [{"uuid": "2385222", "description": "S.I.S", "external_id": null, "type": "ConceptDescription", "locale": "es", "locale_preferred": false, "description_type": null, "checksum": "aae27e7ea8e041cd4cd38928f4403316"}], "extras": {}, "retired": false, "source": "sihsalus", "source_url": "/orgs/PeruHCE/sources/sihsalus/", "owner": "PeruHCE", "owner_name": "PeruHCE", "owner_url": "/orgs/PeruHCE/", "version": "7317971", "created_on": "2025-03-04T17:42:55.505185Z", "updated_on": "2025-03-04T17:42:55.510797Z", "version_created_on": "2025-03-04T17:42:55.505185Z", "version_created_by": "k_penaloza", "update_comment": null, "is_latest_version": true, "locale": null, "url": "/orgs/PeruHCE/sources/sihsalus/concepts/4028/", "owner_type": "Organization", "version_url": "/orgs/PeruHCE/sources/sihsalus/concepts/4028/7317971/", "previous_version_url": null, "parent_concept_urls": [], "child_concept_urls": [], "version_updated_on": "2025-03-04T17:42:55.510797Z", "version_updated_by": "k_penaloza", "checksums": {"smart": "7bf5c47878508a50d8fda310c896888b", "standard": "4df57fc8ad0ae5801ef6ff014e170987"}}, {"type": "Concept", "uuid": "7317969", "id": "4027", "external_id": "76b76dba-11eb-4e17-97d8-7a03a9468c31", "concept_class": "Misc", "datatype": "None", "display_name": "EXONERADO", "display_locale": "es", "names": [{"uuid": "23322421", "name": "EXONERADO", "external_id": "d5f1703d-46b2-4d8d-95ab-7c3c512c466c", "type": "ConceptName", "locale": "es", "locale_preferred": true, "name_type": "Fully-Specified", "checksum": "4fb5aa71edd5455a54d4e30de72a78e9"}, {"uuid": "23322422", "name": "EXONERADO", "external_id": "dd41fc4d-cc32-4019-8aab-dfa3eed506cb", "type": "ConceptName", "locale": "es", "locale_preferred": false, "name_type": "Short", "checksum": "9815a3b7a6f9c2b64f12172cba79e30f"}], "descriptions": [{"uuid": "2385220", "description": "EXONERADO", "external_id": null, "type": "ConceptDescription", "locale": "es", "locale_preferred": false, "description_type": null, "checksum": "447c399c3c227e3557a5bacf8e34b1fd"}], "extras": {}, "retired": false, "source": "sihsalus", "source_url": "/orgs/PeruHCE/sources/sihsalus/", "owner": "PeruHCE", "owner_name": "PeruHCE", "owner_url": "/orgs/PeruHCE/", "version": "7317969", "created_on": "2025-03-04T17:42:54.914718Z", "updated_on": "2025-03-04T17:42:54.920380Z", "version_created_on": "2025-03-04T17:42:54.914718Z", "version_created_by": "k_penaloza", "update_comment": null, "is_latest_version": true, "locale": null, "url": "/orgs/PeruHCE/sources/sihsalus/concepts/4027/", "owner_type": "Organization", "version_url": "/orgs/PeruHCE/sources/sihsalus/concepts/4027/7317969/", "previous_version_url": null, "parent_concept_urls": [], "child_concept_urls": [], "version_updated_on": "2025-03-04T17:42:54.920380Z", "version_updated_by": "k_penaloza", "checksums": {"smart": "0c17fe2f3164ed84c53a90b745f647b6", "standard": "b3f553258f287d34d2dded03e804e6fa"}}, {"type": "Concept", "uuid": "7317965", "id": "4025", "external_id": "289c8bd6-96aa-470d-8783-dc598fafe776", "concept_class": "Misc", "datatype": "None", "display_name": "USUARIO", "display_locale": "es", "names": [{"uuid": "23322413", "name": "USUARIO", "external_id": "248fc56d-67c0-40d5-9bee-e7c4539027b4", "type": "ConceptName", "locale": "es", "locale_preferred": true, "name_type": "Fully-Specified", "checksum": "f4f64b5a4aad5cffc9d5bb3358e91b0f"}, {"uuid": "23322414", "name": "USUARIO", "external_id": "37e92f74-b509-49c5-bea5-545e1af82a6f", "type": "ConceptName", "locale": "es", "locale_preferred": false, "name_type": "Short", "checksum": "4d83c19dfb4cd0e3006263f2235b4c5a"}], "descriptions": [{"uuid": "2385216", "description": "USUARIO", "external_id": null, "type": "ConceptDescription", "locale": "es", "locale_preferred": false, "description_type": null, "checksum": "65e7cd1288e2794bf0e055a7d2f10d4c"}], "extras": {}, "retired": false, "source": "sihsalus", "source_url": "/orgs/PeruHCE/sources/sihsalus/", "owner": "PeruHCE", "owner_name": "PeruHCE", "owner_url": "/orgs/PeruHCE/", "version": "7317965", "created_on": "2025-03-04T17:42:53.802877Z", "updated_on": "2025-03-04T17:42:53.808979Z", "version_created_on": "2025-03-04T17:42:53.802877Z", "version_created_by": "k_penaloza", "update_comment": null, "is_latest_version": true, "locale": null, "url": "/orgs/PeruHCE/sources/sihsalus/concepts/4025/", "owner_type": "Organization", "version_url": "/orgs/PeruHCE/sources/sihsalus/concepts/4025/7317965/", "previous_version_url": null, "parent_concept_urls": [], "child_concept_urls": [], "version_updated_on": "2025-03-04T17:42:53.808979Z", "version_updated_by": "k_penaloza", "checksums": {"smart": "1063a1adc8d981946a9ddefdb328fc0e", "standard": "5004c6bc1432aa17ca3fb26d452b2ad4"}}, {"type": "Concept", "uuid": "7316019", "id": "3047", "external_id": "f38b048f-ee8b-4244-b3eb-a47a34c38f04", "concept_class": "Misc", "datatype": "None", "display_name": "ESSALUD", "display_locale": "es", "names": [{"uuid": "23318505", "name": "ESSALUD", "external_id": "a796346f-d9a0-4e4a-ba34-ecbf46bea1fd", "type": "ConceptName", "locale": "es", "locale_preferred": true, "name_type": "Fully-Specified", "checksum": "74cf23616a5fe440a9900b6d0bacab39"}, {"uuid": "23318506", "name": "APP105", "external_id": "03c8d6c3-b038-4d78-aa48-ac4593dbeb29", "type": "ConceptName", "locale": "es", "locale_preferred": false, "name_type": "Short", "checksum": "87ea7aed8de4c2c54e869606f440bfc4"}], "descriptions": [{"uuid": "2383269", "description": "ESSALUD", "external_id": null, "type": "ConceptDescription", "locale": "es", "locale_preferred": false, "description_type": null, "checksum": "204fab6b4a559c833eac36cba1fae95a"}], "extras": {}, "retired": false, "source": "sihsalus", "source_url": "/orgs/PeruHCE/sources/sihsalus/", "owner": "PeruHCE", "owner_name": "PeruHCE", "owner_url": "/orgs/PeruHCE/", "version": "7316019", "created_on": "2025-03-04T17:17:35.955042Z", "updated_on": "2025-03-04T17:17:35.960851Z", "version_created_on": "2025-03-04T17:17:35.955042Z", "version_created_by": "k_penaloza", "update_comment": null, "is_latest_version": true, "locale": null, "url": "/orgs/PeruHCE/sources/sihsalus/concepts/3047/", "owner_type": "Organization", "version_url": "/orgs/PeruHCE/sources/sihsalus/concepts/3047/7316019/", "previous_version_url": null, "parent_concept_urls": [], "child_concept_urls": [], "version_updated_on": "2025-03-04T17:17:35.960851Z", "version_updated_by": "k_penaloza", "checksums": {"smart": "30bbaa14adb51a42a841a260871391d9", "standard": "9c380bc91bffaca17958c65f9a1f0d79"}}, {"type": "Concept", "uuid": "7122723", "id": "1110", "external_id": "4b01e1f0-7bc3-4184-b473-b62943960a74", "concept_class": "Misc", "datatype": "Time", "display_name": "Tarde", "display_locale": "es", "names": [{"uuid": "22473886", "name": "Tarde", "external_id": "ea4b4a20-31e6-444f-af4f-2f4bb2c9d4d7", "type": "ConceptName", "locale": "es", "locale_preferred": false, "name_type": null, "checksum": "4ae99a587a427769be47592557ef2b24"}, {"uuid": "22473885", "name": "Afternoon", "external_id": "109907BBBBBBBBBBBBBBBBBBBBBBBBBBBBBB", "type": "ConceptName", "locale": "en", "locale_preferred": true, "name_type": "FULLY_SPECIFIED", "checksum": "53cc0544e3a7768dbd63633dbdf2b836"}], "descriptions": [{"uuid": "2278987", "description": "Qualitative time specifier", "external_id": "16928FFFFFFFFFFFFFFFFFFFFFFFFFFFFFFF", "type": "ConceptDescription", "locale": "en", "locale_preferred": false, "description_type": null, "checksum": "f0fd5a3a8d7f3818eadd407b35db24d6"}], "extras": {}, "retired": false, "source": "sihsalus", "source_url": "/orgs/PeruHCE/sources/sihsalus/", "owner": "PeruHCE", "owner_name": "PeruHCE", "owner_url": "/orgs/PeruHCE/", "version": "7122723", "created_on": "2025-01-21T04:45:25.875309Z", "updated_on": "2025-01-21T04:45:25.883340Z", "version_created_on": "2025-01-21T04:45:25.875309Z", "version_created_by": "duvet05", "update_comment": null, "is_latest_version": true, "locale": null, "url": "/orgs/PeruHCE/sources/sihsalus/concepts/1110/", "owner_type": "Organization", "version_url": "/orgs/PeruHCE/sources/sihsalus/concepts/1110/7122723/", "previous_version_url": null, "parent_concept_urls": [], "child_concept_urls": [], "version_updated_on": "2025-01-21T04:45:25.883340Z", "version_updated_by": "duvet05", "checksums": {"smart": "c1907b4d4f7f5bc7fc8335434d5e09e7", "standard": "38f503d90a07d19e5be25d0f61ed062c"}}], "references": [{"expression": "/orgs/PeruHCE/sources/sihsalus/mappings/9fe4964f-c696-40cf-806b-7878f058cfb3/", "reference_type": "mappings", "id": 9719549, "last_resolved_at": "2025-03-05T12:03:49.371510Z", "uri": "/orgs/PeruHCE/collections/Visits/1.0.1/references/9719549/", "uuid": "9719549", "include": true, "type": "CollectionReference"}, {"expression": "/orgs/PeruHCE/sources/sihsalus/mappings/c7beabd8-fd94-432e-9751-97e5043b2193/", "reference_type": "mappings", "id": 9719548, "last_resolved_at": "2025-03-05T12:03:49.339864Z", "uri": "/orgs/PeruHCE/collections/Visits/1.0.1/references/9719548/", "uuid": "9719548", "include": true, "type": "CollectionReference"}, {"expression": "/orgs/PeruHCE/sources/sihsalus/concepts/4126/", "reference_type": "concepts", "id": 9719547, "last_resolved_at": "2025-03-05T12:03:49.304187Z", "uri": "/orgs/PeruHCE/collections/Visits/1.0.1/references/9719547/", "uuid": "9719547", "include": true, "type": "CollectionReference"}, {"expression": "/orgs/PeruHCE/sources/sihsalus/mappings/6e80c687-2a67-4f34-947d-9834fbb2d559/", "reference_type": "mappings", "id": 9719546, "last_resolved_at": "2025-03-05T12:03:49.272820Z", "uri": "/orgs/PeruHCE/collections/Visits/1.0.1/references/9719546/", "uuid": "9719546", "include": true, "type": "CollectionReference"}, {"expression": "/orgs/PeruHCE/sources/sihsalus/mappings/800bbefe-6531-431e-a642-a2b44fec413d/", "reference_type": "mappings", "id": 9719545, "last_resolved_at": "2025-03-05T12:03:49.239535Z", "uri": "/orgs/PeruHCE/collections/Visits/1.0.1/references/9719545/", "uuid": "9719545", "include": true, "type": "CollectionReference"}, {"expression": "/orgs/PeruHCE/sources/sihsalus/mappings/75eeee4f-e4f0-4855-936b-826ce9423613/", "reference_type": "mappings", "id": 9719544, "last_resolved_at": "2025-03-05T12:03:49.208615Z", "uri": "/orgs/PeruHCE/collections/Visits/1.0.1/references/9719544/", "uuid": "9719544", "include": true, "type": "CollectionReference"}, {"expression": "/orgs/PeruHCE/sources/sihsalus/mappings/2265832a-82df-499b-9d3a-d34d0583e648/", "reference_type": "mappings", "id": 9719543, "last_resolved_at": "2025-03-05T12:03:49.177490Z", "uri": "/orgs/PeruHCE/collections/Visits/1.0.1/references/9719543/", "uuid": "9719543", "include": true, "type": "CollectionReference"}, {"expression": "/orgs/PeruHCE/sources/sihsalus/mappings/bded07e2-96ad-46df-80db-b74f2f6b3888/", "reference_type": "mappings", "id": 9719542, "last_resolved_at": "2025-03-05T12:03:49.142799Z", "uri": "/orgs/PeruHCE/collections/Visits/1.0.1/references/9719542/", "uuid": "9719542", "include": true, "type": "CollectionReference"}, {"expression": "/orgs/PeruHCE/sources/sihsalus/concepts/4036/", "reference_type": "concepts", "id": 9719541, "last_resolved_at": "2025-03-05T12:03:49.110233Z", "uri": "/orgs/PeruHCE/collections/Visits/1.0.1/references/9719541/", "uuid": "9719541", "include": true, "type": "CollectionReference"}, {"expression": "/orgs/PeruHCE/sources/sihsalus/concepts/1110/", "reference_type": "concepts", "id": 9719540, "last_resolved_at": "2025-03-05T12:03:49.078933Z", "uri": "/orgs/PeruHCE/collections/Visits/1.0.1/references/9719540/", "uuid": "9719540", "include": true, "type": "CollectionReference"}, {"expression": "/orgs/PeruHCE/sources/sihsalus/mappings/1199e994-9c40-4126-81aa-8d7da8ff6f4a/", "reference_type": "mappings", "id": 9719539, "last_resolved_at": "2025-03-05T12:03:49.048180Z", "uri": "/orgs/PeruHCE/collections/Visits/1.0.1/references/9719539/", "uuid": "9719539", "include": true, "type": "CollectionReference"}, {"expression": "/orgs/PeruHCE/sources/sihsalus/mappings/c617d78b-57b2-4295-ace3-230c02a9df30/", "reference_type": "mappings", "id": 9719538, "last_resolved_at": "2025-03-05T12:03:49.010321Z", "uri": "/orgs/PeruHCE/collections/Visits/1.0.1/references/9719538/", "uuid": "9719538", "include": true, "type": "CollectionReference"}, {"expression": "/orgs/PeruHCE/sources/sihsalus/mappings/56e2676b-96dd-404c-b746-8f8bac40276e/", "reference_type": "mappings", "id": 9719537, "last_resolved_at": "2025-03-05T12:03:48.977301Z", "uri": "/orgs/PeruHCE/collections/Visits/1.0.1/references/9719537/", "uuid": "9719537", "include": true, "type": "CollectionReference"}, {"expression": "/orgs/PeruHCE/sources/sihsalus/mappings/d57b772f-d668-4f25-af37-a102125ff631/", "reference_type": "mappings", "id": 9719536, "last_resolved_at": "2025-03-05T12:03:48.944255Z", "uri": "/orgs/PeruHCE/collections/Visits/1.0.1/references/9719536/", "uuid": "9719536", "include": true, "type": "CollectionReference"}, {"expression": "/orgs/PeruHCE/sources/sihsalus/mappings/58f30d3a-f3c9-4268-9ede-b3780bbfce8d/", "reference_type": "mappings", "id": 9719535, "last_resolved_at": "2025-03-05T12:03:48.910883Z", "uri": "/orgs/PeruHCE/collections/Visits/1.0.1/references/9719535/", "uuid": "9719535", "include": true, "type": "CollectionReference"}, {"expression": "/orgs/PeruHCE/sources/sihsalus/mappings/1d5e2630-add3-4171-862a-cbc2193114f8/", "reference_type": "mappings", "id": 9719534, "last_resolved_at": "2025-03-05T12:03:48.879450Z", "uri": "/orgs/PeruHCE/collections/Visits/1.0.1/references/9719534/", "uuid": "9719534", "include": true, "type": "CollectionReference"}, {"expression": "/orgs/PeruHCE/sources/sihsalus/mappings/81da6b26-ebd3-414f-b474-1b5f6bc06b8b/", "reference_type": "mappings", "id": 9719533, "last_resolved_at": "2025-03-05T12:03:48.846547Z", "uri": "/orgs/PeruHCE/collections/Visits/1.0.1/references/9719533/", "uuid": "9719533", "include": true, "type": "CollectionReference"}, {"expression": "/orgs/PeruHCE/sources/sihsalus/mappings/6f123b21-fa71-47e8-8bbc-0cc75a481ba2/", "reference_type": "mappings", "id": 9719532, "last_resolved_at": "2025-03-05T12:03:48.813580Z", "uri": "/orgs/PeruHCE/collections/Visits/1.0.1/references/9719532/", "uuid": "9719532", "include": true, "type": "CollectionReference"}, {"expression": "/orgs/PeruHCE/sources/sihsalus/mappings/54b0bd27-8b78-4683-aa0d-f6b3bb36929d/", "reference_type": "mappings", "id": 9719531, "last_resolved_at": "2025-03-05T12:03:48.779993Z", "uri": "/orgs/PeruHCE/collections/Visits/1.0.1/references/9719531/", "uuid": "9719531", "include": true, "type": "CollectionReference"}, {"expression": "/orgs/PeruHCE/sources/sihsalus/mappings/a1e19035-0c1e-4217-9ff5-999fe3348df9/", "reference_type": "mappings", "id": 9719530, "last_resolved_at": "2025-03-05T12:03:48.745289Z", "uri": "/orgs/PeruHCE/collections/Visits/1.0.1/references/9719530/", "uuid": "9719530", "include": true, "type": "CollectionReference"}, {"expression": "/orgs/PeruHCE/sources/sihsalus/mappings/d4f0edcf-51cb-4f87-b776-e0ec250d1431/", "reference_type": "mappings", "id": 9719529, "last_resolved_at": "2025-03-05T12:03:48.709504Z", "uri": "/orgs/PeruHCE/collections/Visits/1.0.1/references/9719529/", "uuid": "9719529", "include": true, "type": "CollectionReference"}, {"expression": "/orgs/PeruHCE/sources/sihsalus/concepts/4031/", "reference_type": "concepts", "id": 9719528, "last_resolved_at": "2025-03-05T12:03:48.677847Z", "uri": "/orgs/PeruHCE/collections/Visits/1.0.1/references/9719528/", "uuid": "9719528", "include": true, "type": "CollectionReference"}, {"expression": "/orgs/PeruHCE/sources/sihsalus/concepts/4035/", "reference_type": "concepts", "id": 9719527, "last_resolved_at": "2025-03-05T12:03:48.643770Z", "uri": "/orgs/PeruHCE/collections/Visits/1.0.1/references/9719527/", "uuid": "9719527", "include": true, "type": "CollectionReference"}, {"expression": "/orgs/PeruHCE/sources/sihsalus/concepts/4032/", "reference_type": "concepts", "id": 9719526, "last_resolved_at": "2025-03-05T12:03:48.611233Z", "uri": "/orgs/PeruHCE/collections/Visits/1.0.1/references/9719526/", "uuid": "9719526", "include": true, "type": "CollectionReference"}, {"expression": "/orgs/PeruHCE/sources/sihsalus/concepts/4059/", "reference_type": "concepts", "id": 9719525, "last_resolved_at": "2025-03-05T12:03:48.580476Z", "uri": "/orgs/PeruHCE/collections/Visits/1.0.1/references/9719525/", "uuid": "9719525", "include": true, "type": "CollectionReference"}, {"expression": "/orgs/PeruHCE/sources/sihsalus/concepts/4030/", "reference_type": "concepts", "id": 9719524, "last_resolved_at": "2025-03-05T12:03:48.549706Z", "uri": "/orgs/PeruHCE/collections/Visits/1.0.1/references/9719524/", "uuid": "9719524", "include": true, "type": "CollectionReference"}, {"expression": "/orgs/PeruHCE/sources/sihsalus/concepts/4027/", "reference_type": "concepts", "id": 9719523, "last_resolved_at": "2025-03-05T12:03:48.516201Z", "uri": "/orgs/PeruHCE/collections/Visits/1.0.1/references/9719523/", "uuid": "9719523", "include": true, "type": "CollectionReference"}, {"expression": "/orgs/PeruHCE/sources/sihsalus/concepts/4028/", "reference_type": "concepts", "id": 9719522, "last_resolved_at": "2025-03-05T12:03:48.484796Z", "uri": "/orgs/PeruHCE/collections/Visits/1.0.1/references/9719522/", "uuid": "9719522", "include": true, "type": "CollectionReference"}, {"expression": "/orgs/PeruHCE/sources/sihsalus/concepts/3047/", "reference_type": "concepts", "id": 9719521, "last_resolved_at": "2025-03-05T12:03:48.453646Z", "uri": "/orgs/PeruHCE/collections/Visits/1.0.1/references/9719521/", "uuid": "9719521", "include": true, "type": "CollectionReference"}, {"expression": "/orgs/PeruHCE/sources/sihsalus/concepts/4034/", "reference_type": "concepts", "id": 9719520, "last_resolved_at": "2025-03-05T12:03:48.418045Z", "uri": "/orgs/PeruHCE/collections/Visits/1.0.1/references/9719520/", "uuid": "9719520", "include": true, "type": "CollectionReference"}, {"expression": "/orgs/PeruHCE/sources/sihsalus/concepts/4025/", "reference_type": "concepts", "id": 9719519, "last_resolved_at": "2025-03-05T12:03:48.384672Z", "uri": "/orgs/PeruHCE/collections/Visits/1.0.1/references/9719519/", "uuid": "9719519", "include": true, "type": "CollectionReference"}, {"expression": "/orgs/PeruHCE/sources/sihsalus/concepts/4033/", "reference_type": "concepts", "id": 9719518, "last_resolved_at": "2025-03-05T12:03:48.351851Z", "uri": "/orgs/PeruHCE/collections/Visits/1.0.1/references/9719518/", "uuid": "9719518", "include": true, "type": "CollectionReference"}], "mappings": [{"extras": {}, "checksums": {"smart": "f7e4f8497bbc535c46cf3dae51a8ffd5", "standard": "1b81a3aa9aca19c23a0014b6a07e8652"}, "external_id": "f0e25389-d14c-4f6c-8b4a-5a8a4f008ecc", "retired": false, "map_type": "SAME-AS", "source": "sihsalus", "owner": "PeruHCE", "owner_type": "Organization", "from_concept_code": "4126", "from_concept_name": null, "from_concept_url": "/orgs/PeruHCE/sources/sihsalus/concepts/4126/", "to_concept_code": "4126", "to_concept_name": null, "to_concept_url": "/orgs/PeruHCE/sources/sihsalus/concepts/4126/", "from_source_owner": "PeruHCE", "from_source_owner_type": "Organization", "from_source_url": "/orgs/CIEL/sources/CIEL/", "from_source_name": "sihsalus", "to_source_owner": "PeruHCE", "to_source_owner_type": "Organization", "to_source_url": "/orgs/CIEL/sources/CIEL/", "to_source_name": "sihsalus", "url": "/orgs/PeruHCE/sources/sihsalus/mappings/9fe4964f-c696-40cf-806b-7878f058cfb3/", "version": "10255835", "id": "9fe4964f-c696-40cf-806b-7878f058cfb3", "versioned_object_id": 10255834, "versioned_object_url": "/orgs/PeruHCE/sources/sihsalus/mappings/9fe4964f-c696-40cf-806b-7878f058cfb3/", "is_latest_version": true, "update_comment": null, "version_url": "/orgs/PeruHCE/sources/sihsalus/mappings/9fe4964f-c696-40cf-806b-7878f058cfb3/10255835/", "uuid": "10255835", "version_created_on": "2025-03-05T12:00:21.352951Z", "from_source_version": null, "to_source_version": null, "from_concept_name_resolved": "Texto de la nota de encuentro", "to_concept_name_resolved": "Texto de la nota de encuentro", "type": "Mapping", "sort_weight": null, "version_updated_on": "2025-03-05T12:00:21.360003Z", "version_updated_by": "duvet05", "latest_source_version": "2025-03-05-03", "created_on": "2025-03-05T12:00:21.352951Z", "updated_on": "2025-03-05T12:00:21.360003Z", "created_by": "duvet05", "updated_by": "duvet05", "public_can_view": true}, {"extras": {}, "checksums": {"smart": "1908cd456ff4fa828a34922c63b761d3", "standard": "8aefef96bfbd14ed959825e9fdccc1ee"}, "external_id": "86baff7a-5ca8-4a59-8310-c609ac42ae37", "retired": false, "map_type": "SAME-AS", "source": "sihsalus", "owner": "PeruHCE", "owner_type": "Organization", "from_concept_code": "4126", "from_concept_name": null, "from_concept_url": "/orgs/PeruHCE/sources/sihsalus/concepts/4126/", "to_concept_code": "162169", "to_concept_name": null, "to_concept_url": "/orgs/CIEL/sources/CIEL/concepts/162169/", "from_source_owner": "PeruHCE", "from_source_owner_type": "Organization", "from_source_url": null, "from_source_name": "sihsalus", "to_source_owner": "CIEL", "to_source_owner_type": "Organization", "to_source_url": null, "to_source_name": "CIEL", "url": "/orgs/PeruHCE/sources/sihsalus/mappings/c7beabd8-fd94-432e-9751-97e5043b2193/", "version": "10255833", "id": "c7beabd8-fd94-432e-9751-97e5043b2193", "versioned_object_id": 10255832, "versioned_object_url": "/orgs/PeruHCE/sources/sihsalus/mappings/c7beabd8-fd94-432e-9751-97e5043b2193/", "is_latest_version": true, "update_comment": null, "version_url": "/orgs/PeruHCE/sources/sihsalus/mappings/c7beabd8-fd94-432e-9751-97e5043b2193/10255833/", "uuid": "10255833", "version_created_on": "2025-03-05T12:00:20.896760Z", "from_source_version": null, "to_source_version": null, "from_concept_name_resolved": "Texto de la nota de encuentro", "to_concept_name_resolved": "Text of encounter note", "type": "Mapping", "sort_weight": null, "version_updated_on": "2025-03-05T12:00:20.925371Z", "version_updated_by": "duvet05", "latest_source_version": "2025-03-05-03", "created_on": "2025-03-05T12:00:20.896760Z", "updated_on": "2025-03-05T12:00:20.925371Z", "created_by": "duvet05", "updated_by": "duvet05", "public_can_view": true}, {"extras": {}, "checksums": {"smart": "9534fae768e910050a82f128cfbcfe05", "standard": "9749ab9a64bf5bdc01e76cb99ff320ca"}, "external_id": "7c054ff5-317b-4c1d-b46a-f77363e4d8ad", "retired": false, "map_type": "Q-AND-A", "source": "sihsalus", "owner": "PeruHCE", "owner_type": "Organization", "from_concept_code": "4036", "from_concept_name": null, "from_concept_url": "/orgs/PeruHCE/sources/sihsalus/concepts/4036/", "to_concept_code": "1110", "to_concept_name": null, "to_concept_url": "/orgs/PeruHCE/sources/sihsalus/concepts/1110/", "from_source_owner": "PeruHCE", "from_source_owner_type": "Organization", "from_source_url": "/orgs/PeruHCE/sources/sihsalus/", "from_source_name": "sihsalus", "to_source_owner": "PeruHCE", "to_source_owner_type": "Organization", "to_source_url": "/orgs/PeruHCE/sources/sihsalus/", "to_source_name": "sihsalus", "url": "/orgs/PeruHCE/sources/sihsalus/mappings/800bbefe-6531-431e-a642-a2b44fec413d/", "version": "10254958", "id": "800bbefe-6531-431e-a642-a2b44fec413d", "versioned_object_id": 10254957, "versioned_object_url": "/orgs/PeruHCE/sources/sihsalus/mappings/800bbefe-6531-431e-a642-a2b44fec413d/", "is_latest_version": true, "update_comment": null, "version_url": "/orgs/PeruHCE/sources/sihsalus/mappings/800bbefe-6531-431e-a642-a2b44fec413d/10254958/", "uuid": "10254958", "version_created_on": "2025-03-05T04:30:59.748056Z", "from_source_version": null, "to_source_version": null, "from_concept_name_resolved": "Puntualidad de la Visita", "to_concept_name_resolved": "Tarde", "type": "Mapping", "sort_weight": null, "version_updated_on": "2025-03-05T04:30:59.755446Z", "version_updated_by": "duvet05", "latest_source_version": "2025-03-05-03", "created_on": "2025-03-05T04:30:59.748056Z", "updated_on": "2025-03-05T04:30:59.755446Z", "created_by": "duvet05", "updated_by": "duvet05", "public_can_view": true}, {"extras": {}, "checksums": {"smart": "8e9cc6b5b7974b8c7a21589bae9adde3", "standard": "4d83f928116bfb91e16339c5394bae73"}, "external_id": "63841a1e-414f-4cca-b9ef-9e90901704e0", "retired": false, "map_type": "Q-AND-A", "source": "sihsalus", "owner": "PeruHCE", "owner_type": "Organization", "from_concept_code": "4059", "from_concept_name": null, "from_concept_url": "/orgs/PeruHCE/sources/sihsalus/concepts/4059/", "to_concept_code": "4027", "to_concept_name": null, "to_concept_url": "/orgs/PeruHCE/sources/sihsalus/concepts/4027/", "from_source_owner": "PeruHCE", "from_source_owner_type": "Organization", "from_source_url": "/orgs/PeruHCE/sources/sihsalus/", "from_source_name": "sihsalus", "to_source_owner": "PeruHCE", "to_source_owner_type": "Organization", "to_source_url": "/orgs/PeruHCE/sources/sihsalus/", "to_source_name": "sihsalus", "url": "/orgs/PeruHCE/sources/sihsalus/mappings/54b0bd27-8b78-4683-aa0d-f6b3bb36929d/", "version": "10254956", "id": "54b0bd27-8b78-4683-aa0d-f6b3bb36929d", "versioned_object_id": 10254955, "versioned_object_url": "/orgs/PeruHCE/sources/sihsalus/mappings/54b0bd27-8b78-4683-aa0d-f6b3bb36929d/", "is_latest_version": true, "update_comment": null, "version_url": "/orgs/PeruHCE/sources/sihsalus/mappings/54b0bd27-8b78-4683-aa0d-f6b3bb36929d/10254956/", "uuid": "10254956", "version_created_on": "2025-03-05T04:25:52.187769Z", "from_source_version": null, "to_source_version": null, "from_concept_name_resolved": "Financiador", "to_concept_name_resolved": "EXONERADO", "type": "Mapping", "sort_weight": null, "version_updated_on": "2025-03-05T04:25:52.194990Z", "version_updated_by": "duvet05", "latest_source_version": "2025-03-05-03", "created_on": "2025-03-05T04:25:52.187769Z", "updated_on": "2025-03-05T04:25:52.194990Z", "created_by": "duvet05", "updated_by": "duvet05", "public_can_view": true}, {"extras": {}, "checksums": {"smart": "72f6ec4113afeba2d33ab5a19cc0fdf4", "standard": "be5a28a967f873ca031c6de01f27ab26"}, "external_id": "2b0ddb78-a967-4aa4-afd4-ac0febaf9b8a", "retired": false, "map_type": "Q-AND-A", "source": "sihsalus", "owner": "PeruHCE", "owner_type": "Organization", "from_concept_code": "4059", "from_concept_name": null, "from_concept_url": "/orgs/PeruHCE/sources/sihsalus/concepts/4059/", "to_concept_code": "5622", "to_concept_name": null, "to_concept_url": "/orgs/CIEL/sources/CIEL/concepts/5622/", "from_source_owner": "PeruHCE", "from_source_owner_type": "Organization", "from_source_url": "/orgs/PeruHCE/sources/sihsalus/", "from_source_name": "sihsalus", "to_source_owner": "CIEL", "to_source_owner_type": "Organization", "to_source_url": "/orgs/CIEL/sources/CIEL/", "to_source_name": "CIEL", "url": "/orgs/PeruHCE/sources/sihsalus/mappings/81da6b26-ebd3-414f-b474-1b5f6bc06b8b/", "version": "10254954", "id": "81da6b26-ebd3-414f-b474-1b5f6bc06b8b", "versioned_object_id": 10254953, "versioned_object_url": "/orgs/PeruHCE/sources/sihsalus/mappings/81da6b26-ebd3-414f-b474-1b5f6bc06b8b/", "is_latest_version": true, "update_comment": null, "version_url": "/orgs/PeruHCE/sources/sihsalus/mappings/81da6b26-ebd3-414f-b474-1b5f6bc06b8b/10254954/", "uuid": "10254954", "version_created_on": "2025-03-05T04:25:39.693560Z", "from_source_version": null, "to_source_version": null, "from_concept_name_resolved": "Financiador", "to_concept_name_resolved": "Other", "type": "Mapping", "sort_weight": null, "version_updated_on": "2025-03-05T04:25:39.699668Z", "version_updated_by": "duvet05", "latest_source_version": "2025-03-05-03", "created_on": "2025-03-05T04:25:39.693560Z", "updated_on": "2025-03-05T04:25:39.699668Z", "created_by": "duvet05", "updated_by": "duvet05", "public_can_view": true}, {"extras": {}, "checksums": {"smart": "10887962601eb5d5d5fc4127f1e1342a", "standard": "24381f75788e71e20dbe0567a4aebd99"}, "external_id": "71745416-e387-4610-824f-6fcd83a11b5d", "retired": false, "map_type": "Q-AND-A", "source": "sihsalus", "owner": "PeruHCE", "owner_type": "Organization", "from_concept_code": "4059", "from_concept_name": null, "from_concept_url": "/orgs/PeruHCE/sources/sihsalus/concepts/4059/", "to_concept_code": "4035", "to_concept_name": null, "to_concept_url": "/orgs/PeruHCE/sources/sihsalus/concepts/4035/", "from_source_owner": "PeruHCE", "from_source_owner_type": "Organization", "from_source_url": "/orgs/PeruHCE/sources/sihsalus/", "from_source_name": "sihsalus", "to_source_owner": "PeruHCE", "to_source_owner_type": "Organization", "to_source_url": "/orgs/PeruHCE/sources/sihsalus/", "to_source_name": "sihsalus", "url": "/orgs/PeruHCE/sources/sihsalus/mappings/d57b772f-d668-4f25-af37-a102125ff631/", "version": "10254952", "id": "d57b772f-d668-4f25-af37-a102125ff631", "versioned_object_id": 10254951, "versioned_object_url": "/orgs/PeruHCE/sources/sihsalus/mappings/d57b772f-d668-4f25-af37-a102125ff631/", "is_latest_version": true, "update_comment": null, "version_url": "/orgs/PeruHCE/sources/sihsalus/mappings/d57b772f-d668-4f25-af37-a102125ff631/10254952/", "uuid": "10254952", "version_created_on": "2025-03-05T04:25:20.368332Z", "from_source_version": null, "to_source_version": null, "from_concept_name_resolved": "Financiador", "to_concept_name_resolved": "SEGURO PRIVADO", "type": "Mapping", "sort_weight": null, "version_updated_on": "2025-03-05T04:25:20.374489Z", "version_updated_by": "duvet05", "latest_source_version": "2025-03-05-03", "created_on": "2025-03-05T04:25:20.368332Z", "updated_on": "2025-03-05T04:25:20.374489Z", "created_by": "duvet05", "updated_by": "duvet05", "public_can_view": true}, {"extras": {}, "checksums": {"smart": "0770b355e8aeddc52e7610331b1390dd", "standard": "a466fbe244e14f6dfd186a358a008f2e"}, "external_id": "39c027a2-9638-4067-a4b5-51ebaa833e75", "retired": false, "map_type": "Q-AND-A", "source": "sihsalus", "owner": "PeruHCE", "owner_type": "Organization", "from_concept_code": "4059", "from_concept_name": null, "from_concept_url": "/orgs/PeruHCE/sources/sihsalus/concepts/4059/", "to_concept_code": "4034", "to_concept_name": null, "to_concept_url": "/orgs/PeruHCE/sources/sihsalus/concepts/4034/", "from_source_owner": "PeruHCE", "from_source_owner_type": "Organization", "from_source_url": "/orgs/PeruHCE/sources/sihsalus/", "from_source_name": "sihsalus", "to_source_owner": "PeruHCE", "to_source_owner_type": "Organization", "to_source_url": "/orgs/PeruHCE/sources/sihsalus/", "to_source_name": "sihsalus", "url": "/orgs/PeruHCE/sources/sihsalus/mappings/56e2676b-96dd-404c-b746-8f8bac40276e/", "version": "10254950", "id": "56e2676b-96dd-404c-b746-8f8bac40276e", "versioned_object_id": 10254949, "versioned_object_url": "/orgs/PeruHCE/sources/sihsalus/mappings/56e2676b-96dd-404c-b746-8f8bac40276e/", "is_latest_version": true, "update_comment": null, "version_url": "/orgs/PeruHCE/sources/sihsalus/mappings/56e2676b-96dd-404c-b746-8f8bac40276e/10254950/", "uuid": "10254950", "version_created_on": "2025-03-05T04:25:04.589989Z", "from_source_version": null, "to_source_version": null, "from_concept_name_resolved": "Financiador", "to_concept_name_resolved": "SANIDAD PNP", "type": "Mapping", "sort_weight": null, "version_updated_on": "2025-03-05T04:25:04.595262Z", "version_updated_by": "duvet05", "latest_source_version": "2025-03-05-03", "created_on": "2025-03-05T04:25:04.589989Z", "updated_on": "2025-03-05T04:25:04.595262Z", "created_by": "duvet05", "updated_by": "duvet05", "public_can_view": true}, {"extras": {}, "checksums": {"smart": "cc6d07d3007dbbc2027bda2262e06d83", "standard": "de7703b3362d419edf532ccf5b5cfba0"}, "external_id": "9bdc49aa-6cce-460d-a6be-bdbe761c3e06", "retired": false, "map_type": "Q-AND-A", "source": "sihsalus", "owner": "PeruHCE", "owner_type": "Organization", "from_concept_code": "4059", "from_concept_name": null, "from_concept_url": "/orgs/PeruHCE/sources/sihsalus/concepts/4059/", "to_concept_code": "4033", "to_concept_name": null, "to_concept_url": "/orgs/PeruHCE/sources/sihsalus/concepts/4033/", "from_source_owner": "PeruHCE", "from_source_owner_type": "Organization", "from_source_url": "/orgs/PeruHCE/sources/sihsalus/", "from_source_name": "sihsalus", "to_source_owner": "PeruHCE", "to_source_owner_type": "Organization", "to_source_url": "/orgs/PeruHCE/sources/sihsalus/", "to_source_name": "sihsalus", "url": "/orgs/PeruHCE/sources/sihsalus/mappings/d4f0edcf-51cb-4f87-b776-e0ec250d1431/", "version": "10254948", "id": "d4f0edcf-51cb-4f87-b776-e0ec250d1431", "versioned_object_id": 10254947, "versioned_object_url": "/orgs/PeruHCE/sources/sihsalus/mappings/d4f0edcf-51cb-4f87-b776-e0ec250d1431/", "is_latest_version": true, "update_comment": null, "version_url": "/orgs/PeruHCE/sources/sihsalus/mappings/d4f0edcf-51cb-4f87-b776-e0ec250d1431/10254948/", "uuid": "10254948", "version_created_on": "2025-03-05T04:24:37.855836Z", "from_source_version": null, "to_source_version": null, "from_concept_name_resolved": "Financiador", "to_concept_name_resolved": "SANIDAD EP", "type": "Mapping", "sort_weight": null, "version_updated_on": "2025-03-05T04:24:37.862291Z", "version_updated_by": "duvet05", "latest_source_version": "2025-03-05-03", "created_on": "2025-03-05T04:24:37.855836Z", "updated_on": "2025-03-05T04:24:37.862291Z", "created_by": "duvet05", "updated_by": "duvet05", "public_can_view": true}, {"extras": {}, "checksums": {"smart": "110f6fd3c9fb09383d3916287327f7e2", "standard": "6656c71920ff9945b23b409de0e38a92"}, "external_id": "c9b11d4d-7c1f-40ff-b527-b662a16510ec", "retired": false, "map_type": "Q-AND-A", "source": "sihsalus", "owner": "PeruHCE", "owner_type": "Organization", "from_concept_code": "4059", "from_concept_name": null, "from_concept_url": "/orgs/PeruHCE/sources/sihsalus/concepts/4059/", "to_concept_code": "4032", "to_concept_name": null, "to_concept_url": "/orgs/PeruHCE/sources/sihsalus/concepts/4032/", "from_source_owner": "PeruHCE", "from_source_owner_type": "Organization", "from_source_url": "/orgs/PeruHCE/sources/sihsalus/", "from_source_name": "sihsalus", "to_source_owner": "PeruHCE", "to_source_owner_type": "Organization", "to_source_url": "/orgs/PeruHCE/sources/sihsalus/", "to_source_name": "sihsalus", "url": "/orgs/PeruHCE/sources/sihsalus/mappings/1d5e2630-add3-4171-862a-cbc2193114f8/", "version": "10254946", "id": "1d5e2630-add3-4171-862a-cbc2193114f8", "versioned_object_id": 10254945, "versioned_object_url": "/orgs/PeruHCE/sources/sihsalus/mappings/1d5e2630-add3-4171-862a-cbc2193114f8/", "is_latest_version": true, "update_comment": null, "version_url": "/orgs/PeruHCE/sources/sihsalus/mappings/1d5e2630-add3-4171-862a-cbc2193114f8/10254946/", "uuid": "10254946", "version_created_on": "2025-03-05T04:24:22.097363Z", "from_source_version": null, "to_source_version": null, "from_concept_name_resolved": "Financiador", "to_concept_name_resolved": "SANIDAD NAVAL", "type": "Mapping", "sort_weight": null, "version_updated_on": "2025-03-05T04:24:22.103294Z", "version_updated_by": "duvet05", "latest_source_version": "2025-03-05-03", "created_on": "2025-03-05T04:24:22.097363Z", "updated_on": "2025-03-05T04:24:22.103294Z", "created_by": "duvet05", "updated_by": "duvet05", "public_can_view": true}, {"extras": {}, "checksums": {"smart": "067541010c93b692128a95dcb646dbb6", "standard": "a850b6b6293661f750ad43a7684523e0"}, "external_id": "4e4134a8-4180-4ddb-ba98-00e3386f6c8c", "retired": false, "map_type": "Q-AND-A", "source": "sihsalus", "owner": "PeruHCE", "owner_type": "Organization", "from_concept_code": "4059", "from_concept_name": null, "from_concept_url": "/orgs/PeruHCE/sources/sihsalus/concepts/4059/", "to_concept_code": "4031", "to_concept_name": null, "to_concept_url": "/orgs/PeruHCE/sources/sihsalus/concepts/4031/", "from_source_owner": "PeruHCE", "from_source_owner_type": "Organization", "from_source_url": "/orgs/PeruHCE/sources/sihsalus/", "from_source_name": "sihsalus", "to_source_owner": "PeruHCE", "to_source_owner_type": "Organization", "to_source_url": "/orgs/PeruHCE/sources/sihsalus/", "to_source_name": "sihsalus", "url": "/orgs/PeruHCE/sources/sihsalus/mappings/c617d78b-57b2-4295-ace3-230c02a9df30/", "version": "10254944", "id": "c617d78b-57b2-4295-ace3-230c02a9df30", "versioned_object_id": 10254943, "versioned_object_url": "/orgs/PeruHCE/sources/sihsalus/mappings/c617d78b-57b2-4295-ace3-230c02a9df30/", "is_latest_version": true, "update_comment": null, "version_url": "/orgs/PeruHCE/sources/sihsalus/mappings/c617d78b-57b2-4295-ace3-230c02a9df30/10254944/", "uuid": "10254944", "version_created_on": "2025-03-05T04:24:05.027179Z", "from_source_version": null, "to_source_version": null, "from_concept_name_resolved": "Financiador", "to_concept_name_resolved": "SANIDAD F.A.P", "type": "Mapping", "sort_weight": null, "version_updated_on": "2025-03-05T04:24:05.036084Z", "version_updated_by": "duvet05", "latest_source_version": "2025-03-05-03", "created_on": "2025-03-05T04:24:05.027179Z", "updated_on": "2025-03-05T04:24:05.036084Z", "created_by": "duvet05", "updated_by": "duvet05", "public_can_view": true}, {"extras": {}, "checksums": {"smart": "aef7abc80aba38bd30169387bfa2b87e", "standard": "b309f4bdc016146d8fa801e72f734f5b"}, "external_id": "84243032-b3fc-409f-bbb2-2aaf581dade1", "retired": false, "map_type": "Q-AND-A", "source": "sihsalus", "owner": "PeruHCE", "owner_type": "Organization", "from_concept_code": "4059", "from_concept_name": null, "from_concept_url": "/orgs/PeruHCE/sources/sihsalus/concepts/4059/", "to_concept_code": "4030", "to_concept_name": null, "to_concept_url": "/orgs/PeruHCE/sources/sihsalus/concepts/4030/", "from_source_owner": "PeruHCE", "from_source_owner_type": "Organization", "from_source_url": "/orgs/PeruHCE/sources/sihsalus/", "from_source_name": "sihsalus", "to_source_owner": "PeruHCE", "to_source_owner_type": "Organization", "to_source_url": "/orgs/PeruHCE/sources/sihsalus/", "to_source_name": "sihsalus", "url": "/orgs/PeruHCE/sources/sihsalus/mappings/1199e994-9c40-4126-81aa-8d7da8ff6f4a/", "version": "10254942", "id": "1199e994-9c40-4126-81aa-8d7da8ff6f4a", "versioned_object_id": 10254941, "versioned_object_url": "/orgs/PeruHCE/sources/sihsalus/mappings/1199e994-9c40-4126-81aa-8d7da8ff6f4a/", "is_latest_version": true, "update_comment": null, "version_url": "/orgs/PeruHCE/sources/sihsalus/mappings/1199e994-9c40-4126-81aa-8d7da8ff6f4a/10254942/", "uuid": "10254942", "version_created_on": "2025-03-05T04:23:48.780486Z", "from_source_version": null, "to_source_version": null, "from_concept_name_resolved": "Financiador", "to_concept_name_resolved": "S.O.A.T", "type": "Mapping", "sort_weight": null, "version_updated_on": "2025-03-05T04:23:48.788013Z", "version_updated_by": "duvet05", "latest_source_version": "2025-03-05-03", "created_on": "2025-03-05T04:23:48.780486Z", "updated_on": "2025-03-05T04:23:48.788013Z", "created_by": "duvet05", "updated_by": "duvet05", "public_can_view": true}, {"extras": {}, "checksums": {"smart": "48a51e07c9f5cbb79e1823880be9a72b", "standard": "dc0e35df8d854bbcaedb24bac8eb1e8b"}, "external_id": "5f082168-2fb0-42e3-8f2c-c999a6db5ea1", "retired": false, "map_type": "Q-AND-A", "source": "sihsalus", "owner": "PeruHCE", "owner_type": "Organization", "from_concept_code": "4059", "from_concept_name": null, "from_concept_url": "/orgs/PeruHCE/sources/sihsalus/concepts/4059/", "to_concept_code": "3047", "to_concept_name": null, "to_concept_url": "/orgs/PeruHCE/sources/sihsalus/concepts/3047/", "from_source_owner": "PeruHCE", "from_source_owner_type": "Organization", "from_source_url": "/orgs/PeruHCE/sources/sihsalus/", "from_source_name": "sihsalus", "to_source_owner": "PeruHCE", "to_source_owner_type": "Organization", "to_source_url": "/orgs/PeruHCE/sources/sihsalus/", "to_source_name": "sihsalus", "url": "/orgs/PeruHCE/sources/sihsalus/mappings/58f30d3a-f3c9-4268-9ede-b3780bbfce8d/", "version": "10254940", "id": "58f30d3a-f3c9-4268-9ede-b3780bbfce8d", "versioned_object_id": 10254939, "versioned_object_url": "/orgs/PeruHCE/sources/sihsalus/mappings/58f30d3a-f3c9-4268-9ede-b3780bbfce8d/", "is_latest_version": true, "update_comment": null, "version_url": "/orgs/PeruHCE/sources/sihsalus/mappings/58f30d3a-f3c9-4268-9ede-b3780bbfce8d/10254940/", "uuid": "10254940", "version_created_on": "2025-03-05T04:23:30.318594Z", "from_source_version": null, "to_source_version": null, "from_concept_name_resolved": "Financiador", "to_concept_name_resolved": "ESSALUD", "type": "Mapping", "sort_weight": null, "version_updated_on": "2025-03-05T04:23:30.324845Z", "version_updated_by": "duvet05", "latest_source_version": "2025-03-05-03", "created_on": "2025-03-05T04:23:30.318594Z", "updated_on": "2025-03-05T04:23:30.324845Z", "created_by": "duvet05", "updated_by": "duvet05", "public_can_view": true}, {"extras": {}, "checksums": {"smart": "240905e92e71e7e7b6222b17c6658a43", "standard": "8c6354ed08c5387a9b78a9b6c94f1f5c"}, "external_id": "55a29971-b7ff-4f60-844f-28b428a1f749", "retired": false, "map_type": "Q-AND-A", "source": "sihsalus", "owner": "PeruHCE", "owner_type": "Organization", "from_concept_code": "4059", "from_concept_name": null, "from_concept_url": "/orgs/PeruHCE/sources/sihsalus/concepts/4059/", "to_concept_code": "4028", "to_concept_name": null, "to_concept_url": "/orgs/PeruHCE/sources/sihsalus/concepts/4028/", "from_source_owner": "PeruHCE", "from_source_owner_type": "Organization", "from_source_url": "/orgs/PeruHCE/sources/sihsalus/", "from_source_name": "sihsalus", "to_source_owner": "PeruHCE", "to_source_owner_type": "Organization", "to_source_url": "/orgs/PeruHCE/sources/sihsalus/", "to_source_name": "sihsalus", "url": "/orgs/PeruHCE/sources/sihsalus/mappings/6f123b21-fa71-47e8-8bbc-0cc75a481ba2/", "version": "10254938", "id": "6f123b21-fa71-47e8-8bbc-0cc75a481ba2", "versioned_object_id": 10254937, "versioned_object_url": "/orgs/PeruHCE/sources/sihsalus/mappings/6f123b21-fa71-47e8-8bbc-0cc75a481ba2/", "is_latest_version": true, "update_comment": null, "version_url": "/orgs/PeruHCE/sources/sihsalus/mappings/6f123b21-fa71-47e8-8bbc-0cc75a481ba2/10254938/", "uuid": "10254938", "version_created_on": "2025-03-05T04:23:03.716528Z", "from_source_version": null, "to_source_version": null, "from_concept_name_resolved": "Financiador", "to_concept_name_resolved": "S.I.S", "type": "Mapping", "sort_weight": null, "version_updated_on": "2025-03-05T04:23:03.727057Z", "version_updated_by": "duvet05", "latest_source_version": "2025-03-05-03", "created_on": "2025-03-05T04:23:03.716528Z", "updated_on": "2025-03-05T04:23:03.727057Z", "created_by": "duvet05", "updated_by": "duvet05", "public_can_view": true}, {"extras": {}, "checksums": {"smart": "2e122c6165ab0363587ae974bc470b16", "standard": "449c7cb4dc453a47216ca748c266bcd4"}, "external_id": "a20cbe38-2afe-4bc2-b5c5-cc1e67312e0f", "retired": false, "map_type": "Q-AND-A", "source": "sihsalus", "owner": "PeruHCE", "owner_type": "Organization", "from_concept_code": "4059", "from_concept_name": null, "from_concept_url": "/orgs/PeruHCE/sources/sihsalus/concepts/4059/", "to_concept_code": "4025", "to_concept_name": null, "to_concept_url": "/orgs/PeruHCE/sources/sihsalus/concepts/4025/", "from_source_owner": "PeruHCE", "from_source_owner_type": "Organization", "from_source_url": "/orgs/PeruHCE/sources/sihsalus/", "from_source_name": "sihsalus", "to_source_owner": "PeruHCE", "to_source_owner_type": "Organization", "to_source_url": "/orgs/PeruHCE/sources/sihsalus/", "to_source_name": "sihsalus", "url": "/orgs/PeruHCE/sources/sihsalus/mappings/a1e19035-0c1e-4217-9ff5-999fe3348df9/", "version": "10254936", "id": "a1e19035-0c1e-4217-9ff5-999fe3348df9", "versioned_object_id": 10254935, "versioned_object_url": "/orgs/PeruHCE/sources/sihsalus/mappings/a1e19035-0c1e-4217-9ff5-999fe3348df9/", "is_latest_version": true, "update_comment": null, "version_url": "/orgs/PeruHCE/sources/sihsalus/mappings/a1e19035-0c1e-4217-9ff5-999fe3348df9/10254936/", "uuid": "10254936", "version_created_on": "2025-03-05T04:19:24.977756Z", "from_source_version": null, "to_source_version": null, "from_concept_name_resolved": "Financiador", "to_concept_name_resolved": "USUARIO", "type": "Mapping", "sort_weight": null, "version_updated_on": "2025-03-05T04:19:24.989245Z", "version_updated_by": "duvet05", "latest_source_version": "2025-03-05-03", "created_on": "2025-03-05T04:19:24.977756Z", "updated_on": "2025-03-05T04:19:24.989245Z", "created_by": "duvet05", "updated_by": "duvet05", "public_can_view": true}, {"extras": {}, "checksums": {"smart": "efa4b2247e3725346bafb11081f03d29", "standard": "8596ff63f1088e87ffbede9646d9a014"}, "external_id": "f5564f32-f98e-4d9b-84af-ed62c4a3978c", "retired": false, "map_type": "SAME-AS", "source": "sihsalus", "owner": "PeruHCE", "owner_type": "Organization", "from_concept_code": "4036", "from_concept_name": null, "from_concept_url": "/orgs/PeruHCE/sources/sihsalus/concepts/4036/", "to_concept_code": "101", "to_concept_name": null, "to_concept_url": "/orgs/deltaemr/sources/nepal/concepts/101/", "from_source_owner": "PeruHCE", "from_source_owner_type": "Organization", "from_source_url": null, "from_source_name": "sihsalus", "to_source_owner": "deltaemr", "to_source_owner_type": "Organization", "to_source_url": null, "to_source_name": "nepal", "url": "/orgs/PeruHCE/sources/sihsalus/mappings/2265832a-82df-499b-9d3a-d34d0583e648/", "version": "10254689", "id": "2265832a-82df-499b-9d3a-d34d0583e648", "versioned_object_id": 10254688, "versioned_object_url": "/orgs/PeruHCE/sources/sihsalus/mappings/2265832a-82df-499b-9d3a-d34d0583e648/", "is_latest_version": true, "update_comment": null, "version_url": "/orgs/PeruHCE/sources/sihsalus/mappings/2265832a-82df-499b-9d3a-d34d0583e648/10254689/", "uuid": "10254689", "version_created_on": "2025-03-05T03:56:12.279405Z", "from_source_version": null, "to_source_version": null, "from_concept_name_resolved": "Puntualidad de la Visita", "to_concept_name_resolved": "Visit Punctuality", "type": "Mapping", "sort_weight": null, "version_updated_on": "2025-03-05T03:56:12.285876Z", "version_updated_by": "duvet05", "latest_source_version": "2025-03-05-03", "created_on": "2025-03-05T03:56:12.279405Z", "updated_on": "2025-03-05T03:56:12.285876Z", "created_by": "duvet05", "updated_by": "duvet05", "public_can_view": true}, {"extras": {}, "checksums": {"smart": "d224d4682d0db6884b5828bcef94f0cf", "standard": "0ac5aa15e3fa6016b5864f4f860cd4e3"}, "external_id": "1ae28e98-7854-44f8-8b8c-04dca7b37c0a", "retired": false, "map_type": "SAME-AS", "source": "sihsalus", "owner": "PeruHCE", "owner_type": "Organization", "from_concept_code": "1110", "from_concept_name": null, "from_concept_url": "/orgs/PeruHCE/sources/sihsalus/concepts/1110/", "to_concept_code": "1110", "to_concept_name": null, "to_concept_url": "/orgs/PeruHCE/sources/sihsalus/concepts/1110/", "from_source_owner": "PeruHCE", "from_source_owner_type": "Organization", "from_source_url": "/orgs/CIEL/sources/CIEL/", "from_source_name": "sihsalus", "to_source_owner": "PeruHCE", "to_source_owner_type": "Organization", "to_source_url": "/orgs/CIEL/sources/CIEL/", "to_source_name": "sihsalus", "url": "/orgs/PeruHCE/sources/sihsalus/mappings/75eeee4f-e4f0-4855-936b-826ce9423613/", "version": "9726287", "id": "75eeee4f-e4f0-4855-936b-826ce9423613", "versioned_object_id": 9726286, "versioned_object_url": "/orgs/PeruHCE/sources/sihsalus/mappings/75eeee4f-e4f0-4855-936b-826ce9423613/", "is_latest_version": true, "update_comment": null, "version_url": "/orgs/PeruHCE/sources/sihsalus/mappings/75eeee4f-e4f0-4855-936b-826ce9423613/9726287/", "uuid": "9726287", "version_created_on": "2025-01-21T04:45:26.571958Z", "from_source_version": null, "to_source_version": null, "from_concept_name_resolved": "Tarde", "to_concept_name_resolved": "Tarde", "type": "Mapping", "sort_weight": null, "version_updated_on": "2025-01-21T04:45:26.579309Z", "version_updated_by": "duvet05", "latest_source_version": "2025-03-05-03", "created_on": "2025-01-21T04:45:26.571958Z", "updated_on": "2025-01-21T04:45:26.579309Z", "created_by": "duvet05", "updated_by": "duvet05", "public_can_view": true}, {"extras": {}, "checksums": {"smart": "2850fc23ee739f02ba0e94974f95f2b7", "standard": "f1a793e8ac8fd96b2f735ef7b76a40ab"}, "external_id": "f7eb754e-b37e-430a-a1d1-31445d95b73b", "retired": false, "map_type": "SAME-AS", "source": "sihsalus", "owner": "PeruHCE", "owner_type": "Organization", "from_concept_code": "1110", "from_concept_name": null, "from_concept_url": "/orgs/PeruHCE/sources/sihsalus/concepts/1110/", "to_concept_code": "422133006", "to_concept_name": null, "to_concept_url": null, "from_source_owner": "PeruHCE", "from_source_owner_type": "Organization", "from_source_url": "/orgs/CIEL/sources/CIEL/", "from_source_name": "sihsalus", "to_source_owner": "IHTSDO", "to_source_owner_type": "Organization", "to_source_url": "/orgs/IHTSDO/sources/SNOMED-CT/", "to_source_name": "SNOMED-CT", "url": "/orgs/PeruHCE/sources/sihsalus/mappings/bded07e2-96ad-46df-80db-b74f2f6b3888/", "version": "9726285", "id": "bded07e2-96ad-46df-80db-b74f2f6b3888", "versioned_object_id": 9726284, "versioned_object_url": "/orgs/PeruHCE/sources/sihsalus/mappings/bded07e2-96ad-46df-80db-b74f2f6b3888/", "is_latest_version": true, "update_comment": null, "version_url": "/orgs/PeruHCE/sources/sihsalus/mappings/bded07e2-96ad-46df-80db-b74f2f6b3888/9726285/", "uuid": "9726285", "version_created_on": "2025-01-21T04:45:26.257565Z", "from_source_version": null, "to_source_version": null, "from_concept_name_resolved": "Tarde", "type": "Mapping", "sort_weight": null, "version_updated_on": "2025-01-21T04:45:26.271842Z", "version_updated_by": "duvet05", "latest_source_version": "2025-03-05-03", "created_on": "2025-01-21T04:45:26.257565Z", "updated_on": "2025-01-21T04:45:26.271842Z", "created_by": "duvet05", "updated_by": "duvet05", "public_can_view": true}, {"extras": {}, "checksums": {"smart": "8345386cdeade0a7cc43b1463752d155", "standard": "125bd3d7dfc8bab0ab5902015669777a"}, "external_id": "0093f0a2-f2ea-4501-8e69-b2a261807654", "retired": false, "map_type": "SAME-AS", "source": "sihsalus", "owner": "PeruHCE", "owner_type": "Organization", "from_concept_code": "1110", "from_concept_name": null, "from_concept_url": "/orgs/PeruHCE/sources/sihsalus/concepts/1110/", "to_concept_code": "161016", "to_concept_name": null, "to_concept_url": "/orgs/CIEL/sources/CIEL/concepts/161016/", "from_source_owner": "PeruHCE", "from_source_owner_type": "Organization", "from_source_url": null, "from_source_name": "sihsalus", "to_source_owner": "CIEL", "to_source_owner_type": "Organization", "to_source_url": null, "to_source_name": "CIEL", "url": "/orgs/PeruHCE/sources/sihsalus/mappings/6e80c687-2a67-4f34-947d-9834fbb2d559/", "version": "9726283", "id": "6e80c687-2a67-4f34-947d-9834fbb2d559", "versioned_object_id": 9726282, "versioned_object_url": "/orgs/PeruHCE/sources/sihsalus/mappings/6e80c687-2a67-4f34-947d-9834fbb2d559/", "is_latest_version": true, "update_comment": null, "version_url": "/orgs/PeruHCE/sources/sihsalus/mappings/6e80c687-2a67-4f34-947d-9834fbb2d559/9726283/", "uuid": "9726283", "version_created_on": "2025-01-21T04:45:26.072796Z", "from_source_version": null, "to_source_version": null, "from_concept_name_resolved": "Tarde", "to_concept_name_resolved": "Afternoon", "type": "Mapping", "sort_weight": null, "version_updated_on": "2025-01-21T04:45:26.080695Z", "version_updated_by": "duvet05", "latest_source_version": "2025-03-05-03", "created_on": "2025-01-21T04:45:26.072796Z", "updated_on": "2025-01-21T04:45:26.080695Z", "created_by": "duvet05", "updated_by": "duvet05", "public_can_view": true}], "export_time": "8.51secs"}