{"type": "Collection Version", "uuid": "25211", "id": "2", "short_code": "PD", "name": "Patient Data", "full_name": "Reference Application Patient-Specific Concepts", "description": "Updated collection", "collection_type": "Dictionary", "custom_validation_schema": "OpenMRS", "public_access": "View", "default_locale": "en", "supported_locales": ["en"], "website": null, "url": "/orgs/openmrs/collections/PD/", "owner": "openmrs", "owner_type": "Organization", "owner_url": "/orgs/openmrs/", "version_url": "/orgs/openmrs/collections/PD/2/", "previous_version_url": "/orgs/openmrs/collections/PD/1/", "created_on": "2023-04-13T17:24:49.487471Z", "updated_on": "2023-04-13T17:24:49.594210Z", "created_by": "ibacher", "updated_by": "ibacher", "extras": {"source": "/orgs/openmrs/sources/PD/"}, "external_id": null, "version": "2", "concepts_url": "/orgs/openmrs/collections/PD/2/concepts/", "mappings_url": "/orgs/openmrs/collections/PD/2/mappings/", "expansions_url": "/orgs/openmrs/collections/PD/2/expansions/", "is_processing": true, "released": true, "retired": false, "canonical_url": null, "identifier": {}, "publisher": null, "contact": {}, "jurisdiction": {}, "purpose": null, "copyright": null, "meta": null, "immutable": null, "revision_date": null, "text": null, "experimental": null, "locked_date": null, "autoexpand": true, "expansion_url": "/orgs/openmrs/collections/PD/2/expansions/autoexpand-2/", "collection": {"id": "PD", "url": "/orgs/openmrs/collections/PD/", "meta": null, "name": "Patient Data", "text": null, "type": "Collection", "uuid": "25209", "owner": "openmrs", "extras": {"source": "/orgs/openmrs/sources/PD/"}, "contact": {}, "purpose": null, "version": "HEAD", "website": null, "logo_url": null, "copyright": null, "full_name": "Reference Application Patient-Specific Concepts", "immutable": null, "owner_url": "/orgs/openmrs/", "publisher": null, "created_by": "ibacher", "created_on": "2023-04-13T12:14:16.505362Z", "identifier": {}, "owner_type": "Organization", "references": [], "short_code": "PD", "updated_by": "ibacher", "updated_on": "2023-04-13T17:24:16.909339Z", "description": null, "external_id": null, "locked_date": null, "concepts_url": "/orgs/openmrs/collections/PD/concepts/", "experimental": null, "jurisdiction": {}, "mappings_url": "/orgs/openmrs/collections/PD/mappings/", "versions_url": "/orgs/openmrs/collections/PD/versions/", "canonical_url": null, "expansion_url": "/orgs/openmrs/collections/PD/HEAD/expansions/autoexpand-HEAD/", "public_access": "View", "revision_date": null, "default_locale": "en", "expansions_url": "/orgs/openmrs/collections/PD/expansions/", "autoexpand_head": true, "collection_type": "Dictionary", "preferred_source": "", "supported_locales": ["en"], "custom_validation_schema": "OpenMRS", "custom_resources_linked_source": ""}, "concepts": [{"type": "Concept", "uuid": "3067656", "id": "1", "external_id": "736e8771-e501-4615-bfa7-570c03f4bef5", "concept_class": "Misc", "datatype": "Complex", "display_name": "Patient Identification Photo", "display_locale": "en", "names": [{"uuid": "5454768", "name": "Patient Identification Photo", "external_id": "", "type": "ConceptName", "locale": "en", "locale_preferred": true, "name_type": "Fully-Specified"}], "descriptions": [{"uuid": "403325", "description": "A photograph of the patient, used for patient identification purposes.", "external_id": "", "type": "ConceptDescription", "locale": "en", "locale_preferred": false, "description_type": "None"}], "extras": {}, "retired": false, "source": "PD", "source_url": "/orgs/openmrs/sources/PD/", "owner": "openmrs", "owner_name": "openmrs", "owner_url": "/orgs/openmrs/", "version": "3067656", "created_on": "2023-04-13T17:17:29.641907Z", "updated_on": "2023-04-13T17:17:29.646544Z", "version_created_on": "2023-04-13T17:17:29.641907Z", "version_created_by": "ibacher", "update_comment": "Removing None name type", "is_latest_version": true, "locale": null, "url": "/orgs/openmrs/sources/PD/concepts/1/", "owner_type": "Organization", "version_url": "/orgs/openmrs/sources/PD/concepts/1/3067656/", "previous_version_url": "/orgs/openmrs/sources/PD/concepts/1/3067655/", "parent_concept_urls": [], "child_concept_urls": []}], "references": [{"expression": "/orgs/openmrs/sources/PD/concepts/1/3067656/", "reference_type": "concepts", "id": 2039907, "last_resolved_at": "2023-04-13T17:24:49.534773Z", "uri": "/orgs/openmrs/collections/PD/2/references/2039907/", "uuid": "2039907", "include": true, "type": "CollectionReference"}], "mappings": []}