{"type": "Collection Version", "uuid": "24367", "id": "2", "short_code": "DemoQueueConcepts", "name": "Demo Queue Concepts", "full_name": "Demo Queue Concepts", "description": "No changes, just seeing if this fixes the issue of no concepts being included in the export. ", "collection_type": "Dictionary", "custom_validation_schema": "OpenMRS", "public_access": "View", "default_locale": "en", "supported_locales": ["en"], "website": "", "url": "/orgs/openmrs/collections/DemoQueueConcepts/", "owner": "openmrs", "owner_type": "Organization", "owner_url": "/orgs/openmrs/", "version_url": "/orgs/openmrs/collections/DemoQueueConcepts/2/", "previous_version_url": "/orgs/openmrs/collections/DemoQueueConcepts/1/", "created_on": "2022-11-17T14:12:39.551496Z", "updated_on": "2022-11-17T14:12:40.383865Z", "created_by": "gpotma", "updated_by": "gpotma", "extras": {"source": "/orgs/openmrs/sources/DemoQueueConcepts/"}, "external_id": "8d90029b-cea8-4d9c-a454-de0d35d2e3e3", "version": "2", "concepts_url": "/orgs/openmrs/collections/DemoQueueConcepts/2/concepts/", "mappings_url": "/orgs/openmrs/collections/DemoQueueConcepts/2/mappings/", "expansions_url": "/orgs/openmrs/collections/DemoQueueConcepts/2/expansions/", "is_processing": true, "released": true, "retired": false, "canonical_url": null, "identifier": {}, "publisher": null, "contact": {}, "jurisdiction": {}, "purpose": null, "copyright": null, "meta": null, "immutable": null, "revision_date": null, "text": null, "experimental": null, "locked_date": null, "autoexpand": true, "expansion_url": "/orgs/openmrs/collections/DemoQueueConcepts/2/expansions/autoexpand-2/", "collection": {"id": "DemoQueueConcepts", "url": "/orgs/openmrs/collections/DemoQueueConcepts/", "meta": null, "name": "Demo Queue Concepts", "text": null, "type": "Collection", "uuid": "11569", "owner": "openmrs", "extras": {"source": "/orgs/openmrs/sources/DemoQueueConcepts/"}, "contact": {}, "purpose": null, "version": "HEAD", "website": "", "logo_url": null, "copyright": null, "full_name": "Demo Queue Concepts", "immutable": null, "owner_url": "/orgs/openmrs/", "publisher": null, "created_by": "gpotma", "created_on": "2022-03-01T05:13:48.926907Z", "identifier": {}, "owner_type": "Organization", "references": [], "short_code": "DemoQueueConcepts", "updated_by": "gpotma", "updated_on": "2022-04-06T03:39:16.941347Z", "description": "Demo concepts for Service Delivery Queues in the 3.x RefApp. Wiki page here: https://wiki.openmrs.org/x/LArDDw", "external_id": "8d90029b-cea8-4d9c-a454-de0d35d2e3e3", "locked_date": null, "concepts_url": "/orgs/openmrs/collections/DemoQueueConcepts/concepts/", "experimental": null, "jurisdiction": {}, "mappings_url": "/orgs/openmrs/collections/DemoQueueConcepts/mappings/", "versions_url": "/orgs/openmrs/collections/DemoQueueConcepts/versions/", "canonical_url": null, "expansion_url": "/orgs/openmrs/collections/DemoQueueConcepts/HEAD/expansions/autoexpand-HEAD/", "public_access": "View", "revision_date": null, "default_locale": "en", "expansions_url": "/orgs/openmrs/collections/DemoQueueConcepts/expansions/", "autoexpand_head": true, "collection_type": "Dictionary", "preferred_source": "CIEL", "supported_locales": ["en"], "custom_validation_schema": "OpenMRS", "custom_resources_linked_source": ""}, "concepts": [{"type": "Concept", "uuid": "1566270", "id": "DemoQueue-Status", "external_id": "d60ffa60-fca6-4c60-aea9-a79469ae65c7", "concept_class": "ConvSet", "datatype": "N/A", "display_name": "Status", "display_locale": "en", "names": [{"uuid": "1862358", "name": "Status", "external_id": "8e1cc7e4-ab53-440b-bda0-a5af0f5d537c", "type": "ConceptName", "locale": "en", "locale_preferred": true, "name_type": "FULLY_SPECIFIED"}], "descriptions": [{"uuid": "1862359", "description": "Status, such as Waiting, Done, etc.", "external_id": "c323a649-5dde-4dba-a1d5-650f8f78deaa", "type": "ConceptDescription", "locale": "en", "locale_preferred": false, "description_type": null}], "extras": {}, "retired": false, "source": "DemoQueueConcepts", "source_url": "/orgs/openmrs/sources/DemoQueueConcepts/", "owner": "openmrs", "owner_name": "openmrs", "owner_url": "/orgs/openmrs/", "version": "1566270", "created_on": "2022-03-01T05:23:07.532154Z", "updated_on": "2022-03-01T05:23:07.535218Z", "version_created_on": "2022-03-01T05:23:07.532154Z", "version_created_by": "gpotma", "update_comment": null, "is_latest_version": true, "locale": null, "url": "/orgs/openmrs/sources/DemoQueueConcepts/concepts/DemoQueue-Status/", "owner_type": "Organization", "version_url": "/orgs/openmrs/sources/DemoQueueConcepts/concepts/DemoQueue-Status/1566270/", "previous_version_url": "/orgs/openmrs/sources/DemoQueueConcepts/concepts/DemoQueue-Status/1566263/", "parent_concept_urls": [], "child_concept_urls": []}, {"type": "Concept", "uuid": "1566269", "id": "DemoQueue-Status-FinishedService", "external_id": "b559fb77-4e1e-4285-b9b7-1d03e0ba983f", "concept_class": "Misc", "datatype": "N/A", "display_name": "Finished Service", "display_locale": "en", "names": [{"uuid": "1862357", "name": "Finished Service", "external_id": "5585edc7-c2d5-4213-949a-40180d5a99aa", "type": "ConceptName", "locale": "en", "locale_preferred": true, "name_type": "FULLY_SPECIFIED"}], "descriptions": [], "extras": {}, "retired": false, "source": "DemoQueueConcepts", "source_url": "/orgs/openmrs/sources/DemoQueueConcepts/", "owner": "openmrs", "owner_name": "openmrs", "owner_url": "/orgs/openmrs/", "version": "1566269", "created_on": "2022-03-01T05:22:34.253254Z", "updated_on": "2022-03-01T05:22:34.263897Z", "version_created_on": "2022-03-01T05:22:34.253254Z", "version_created_by": "gpotma", "update_comment": null, "is_latest_version": true, "locale": null, "url": "/orgs/openmrs/sources/DemoQueueConcepts/concepts/DemoQueue-Status-FinishedService/", "owner_type": "Organization", "version_url": "/orgs/openmrs/sources/DemoQueueConcepts/concepts/DemoQueue-Status-FinishedService/1566269/", "previous_version_url": null, "parent_concept_urls": [], "child_concept_urls": []}, {"type": "Concept", "uuid": "1566267", "id": "DemoQueue-Status-InService", "external_id": "ca7494ae-437f-4fd0-8aae-b88b9a2ba47d", "concept_class": "Misc", "datatype": "N/A", "display_name": "In Service", "display_locale": "en", "names": [{"uuid": "1862355", "name": "In Service", "external_id": "c46d7ea5-4f13-4a8a-9aa7-029bc8fd6636", "type": "ConceptName", "locale": "en", "locale_preferred": true, "name_type": "FULLY_SPECIFIED"}], "descriptions": [{"uuid": "1862356", "description": "Currently in service (as opposed to waiting or on hold)", "external_id": "ced54ac4-61e5-4a92-8af2-3462177c53f6", "type": "ConceptDescription", "locale": "en", "locale_preferred": false, "description_type": null}], "extras": {}, "retired": false, "source": "DemoQueueConcepts", "source_url": "/orgs/openmrs/sources/DemoQueueConcepts/", "owner": "openmrs", "owner_name": "openmrs", "owner_url": "/orgs/openmrs/", "version": "1566267", "created_on": "2022-03-01T05:22:10.289679Z", "updated_on": "2022-03-01T05:22:10.303905Z", "version_created_on": "2022-03-01T05:22:10.289679Z", "version_created_by": "gpotma", "update_comment": null, "is_latest_version": true, "locale": null, "url": "/orgs/openmrs/sources/DemoQueueConcepts/concepts/DemoQueue-Status-InService/", "owner_type": "Organization", "version_url": "/orgs/openmrs/sources/DemoQueueConcepts/concepts/DemoQueue-Status-InService/1566267/", "previous_version_url": null, "parent_concept_urls": [], "child_concept_urls": []}, {"type": "Concept", "uuid": "1566265", "id": "DemoQueue-Status-Waiting", "external_id": "51ae5e4d-b72b-4912-bf31-a17efb690aeb", "concept_class": "Misc", "datatype": "N/A", "display_name": "Waiting", "display_locale": "en", "names": [{"uuid": "1862353", "name": "Waiting", "external_id": "5e2c1ed8-e21c-495f-9a88-7fadc42d8b23", "type": "ConceptName", "locale": "en", "locale_preferred": true, "name_type": "FULLY_SPECIFIED"}], "descriptions": [{"uuid": "1862354", "description": "Waiting for service.", "external_id": "575f7eeb-6fd3-4b73-8130-2bd48f846d97", "type": "ConceptDescription", "locale": "en", "locale_preferred": false, "description_type": null}], "extras": {}, "retired": false, "source": "DemoQueueConcepts", "source_url": "/orgs/openmrs/sources/DemoQueueConcepts/", "owner": "openmrs", "owner_name": "openmrs", "owner_url": "/orgs/openmrs/", "version": "1566265", "created_on": "2022-03-01T05:21:35.364186Z", "updated_on": "2022-03-01T05:21:35.374000Z", "version_created_on": "2022-03-01T05:21:35.364186Z", "version_created_by": "gpotma", "update_comment": null, "is_latest_version": true, "locale": null, "url": "/orgs/openmrs/sources/DemoQueueConcepts/concepts/DemoQueue-Status-Waiting/", "owner_type": "Organization", "version_url": "/orgs/openmrs/sources/DemoQueueConcepts/concepts/DemoQueue-Status-Waiting/1566265/", "previous_version_url": null, "parent_concept_urls": [], "child_concept_urls": []}, {"type": "Concept", "uuid": "1566261", "id": "DemoQueue-Service", "external_id": "a8f3f64a-11d5-4a09-b0fb-c8118fa349f3", "concept_class": "ConvSet", "datatype": "N/A", "display_name": "Service", "display_locale": "en", "names": [{"uuid": "1862349", "name": "Service", "external_id": "02c854cd-0a31-43f5-905d-b1392dfd09ff", "type": "ConceptName", "locale": "en", "locale_preferred": true, "name_type": "FULLY_SPECIFIED"}], "descriptions": [{"uuid": "1862350", "description": "Service area description, e.g. Triage, Clinical Consult, etc.", "external_id": "94ea65cc-16c9-4671-b2d9-c7b0d9117d25", "type": "ConceptDescription", "locale": "en", "locale_preferred": false, "description_type": null}], "extras": {}, "retired": false, "source": "DemoQueueConcepts", "source_url": "/orgs/openmrs/sources/DemoQueueConcepts/", "owner": "openmrs", "owner_name": "openmrs", "owner_url": "/orgs/openmrs/", "version": "1566261", "created_on": "2022-03-01T05:20:13.522193Z", "updated_on": "2022-03-01T05:20:13.525569Z", "version_created_on": "2022-03-01T05:20:13.522193Z", "version_created_by": "gpotma", "update_comment": null, "is_latest_version": true, "locale": null, "url": "/orgs/openmrs/sources/DemoQueueConcepts/concepts/DemoQueue-Service/", "owner_type": "Organization", "version_url": "/orgs/openmrs/sources/DemoQueueConcepts/concepts/DemoQueue-Service/1566261/", "previous_version_url": "/orgs/openmrs/sources/DemoQueueConcepts/concepts/DemoQueue-Service/1566256/", "parent_concept_urls": [], "child_concept_urls": []}, {"type": "Concept", "uuid": "1566260", "id": "DemoQueue-Service-ClinicalConsultation", "external_id": "e96e2ce6-e326-46f2-8015-17572689c401", "concept_class": "Misc", "datatype": "N/A", "display_name": "Clinical Consultation", "display_locale": "en", "names": [{"uuid": "1862348", "name": "Clinical Consultation", "external_id": "d20c1f77-9a52-4f7c-9eef-28de4eabc89e", "type": "ConceptName", "locale": "en", "locale_preferred": true, "name_type": "FULLY_SPECIFIED"}], "descriptions": [], "extras": {}, "retired": false, "source": "DemoQueueConcepts", "source_url": "/orgs/openmrs/sources/DemoQueueConcepts/", "owner": "openmrs", "owner_name": "openmrs", "owner_url": "/orgs/openmrs/", "version": "1566260", "created_on": "2022-03-01T05:19:44.744369Z", "updated_on": "2022-03-01T05:19:44.752301Z", "version_created_on": "2022-03-01T05:19:44.744369Z", "version_created_by": "gpotma", "update_comment": null, "is_latest_version": true, "locale": null, "url": "/orgs/openmrs/sources/DemoQueueConcepts/concepts/DemoQueue-Service-ClinicalConsultation/", "owner_type": "Organization", "version_url": "/orgs/openmrs/sources/DemoQueueConcepts/concepts/DemoQueue-Service-ClinicalConsultation/1566260/", "previous_version_url": null, "parent_concept_urls": [], "child_concept_urls": []}, {"type": "Concept", "uuid": "1566258", "id": "DemoQueue-Service-Triage", "external_id": "d62d58e9-ec91-4108-9643-00f5f23bf51c", "concept_class": "Misc", "datatype": "N/A", "display_name": "Triage", "display_locale": "en", "names": [{"uuid": "1862346", "name": "Triage", "external_id": "048f510a-aaca-4a9c-94ec-c11e8af81f6d", "type": "ConceptName", "locale": "en", "locale_preferred": true, "name_type": "FULLY_SPECIFIED"}], "descriptions": [{"uuid": "1862347", "description": "Service area is Triage.", "external_id": "e839627f-3037-4ac6-acec-be54cab66d07", "type": "ConceptDescription", "locale": "en", "locale_preferred": false, "description_type": null}], "extras": {}, "retired": false, "source": "DemoQueueConcepts", "source_url": "/orgs/openmrs/sources/DemoQueueConcepts/", "owner": "openmrs", "owner_name": "openmrs", "owner_url": "/orgs/openmrs/", "version": "1566258", "created_on": "2022-03-01T05:19:20.287138Z", "updated_on": "2022-03-01T05:19:20.301495Z", "version_created_on": "2022-03-01T05:19:20.287138Z", "version_created_by": "gpotma", "update_comment": null, "is_latest_version": true, "locale": null, "url": "/orgs/openmrs/sources/DemoQueueConcepts/concepts/DemoQueue-Service-Triage/", "owner_type": "Organization", "version_url": "/orgs/openmrs/sources/DemoQueueConcepts/concepts/DemoQueue-Service-Triage/1566258/", "previous_version_url": null, "parent_concept_urls": [], "child_concept_urls": []}, {"type": "Concept", "uuid": "1566254", "id": "DemoQueue-Priority", "external_id": "78063dec-b6d8-40c1-9483-dd4d3c3ca434", "concept_class": "ConvSet", "datatype": "N/A", "display_name": "Priority", "display_locale": "en", "names": [{"uuid": "1862342", "name": "Priority", "external_id": "bf3a7fb3-a41b-4bb1-ab5e-1331270033dc", "type": "ConceptName", "locale": "en", "locale_preferred": true, "name_type": "FULLY_SPECIFIED"}], "descriptions": [{"uuid": "1862343", "description": "Demo priority levels for the Priority field in Queue flow.", "external_id": "89ff9eb0-c951-420c-9c81-1501a11f8716", "type": "ConceptDescription", "locale": "en", "locale_preferred": false, "description_type": null}], "extras": {}, "retired": false, "source": "DemoQueueConcepts", "source_url": "/orgs/openmrs/sources/DemoQueueConcepts/", "owner": "openmrs", "owner_name": "openmrs", "owner_url": "/orgs/openmrs/", "version": "1566254", "created_on": "2022-03-01T05:18:04.108954Z", "updated_on": "2022-03-01T05:18:04.112688Z", "version_created_on": "2022-03-01T05:18:04.108954Z", "version_created_by": "gpotma", "update_comment": null, "is_latest_version": true, "locale": null, "url": "/orgs/openmrs/sources/DemoQueueConcepts/concepts/DemoQueue-Priority/", "owner_type": "Organization", "version_url": "/orgs/openmrs/sources/DemoQueueConcepts/concepts/DemoQueue-Priority/1566254/", "previous_version_url": "/orgs/openmrs/sources/DemoQueueConcepts/concepts/DemoQueue-Priority/1566247/", "parent_concept_urls": [], "child_concept_urls": []}, {"type": "Concept", "uuid": "1566253", "id": "DemoQueue-Priority-NotUrgent", "external_id": "f4620bfa-3625-4883-bd3f-84c2cce14470", "concept_class": "Misc", "datatype": "N/A", "display_name": "Not Urgent", "display_locale": "en", "names": [{"uuid": "1862340", "name": "Not Urgent", "external_id": "175654f5-3bf3-456c-9b1a-e8e807c14658", "type": "ConceptName", "locale": "en", "locale_preferred": true, "name_type": "FULLY_SPECIFIED"}], "descriptions": [{"uuid": "1862341", "description": "Priority is \"Not Urgent\" or non-urgent.", "external_id": "43e1c2a1-017b-4764-a94a-3d1c4313e45b", "type": "ConceptDescription", "locale": "en", "locale_preferred": false, "description_type": null}], "extras": {}, "retired": false, "source": "DemoQueueConcepts", "source_url": "/orgs/openmrs/sources/DemoQueueConcepts/", "owner": "openmrs", "owner_name": "openmrs", "owner_url": "/orgs/openmrs/", "version": "1566253", "created_on": "2022-03-01T05:17:26.350152Z", "updated_on": "2022-03-01T05:17:26.362479Z", "version_created_on": "2022-03-01T05:17:26.350152Z", "version_created_by": "gpotma", "update_comment": null, "is_latest_version": true, "locale": null, "url": "/orgs/openmrs/sources/DemoQueueConcepts/concepts/DemoQueue-Priority-NotUrgent/", "owner_type": "Organization", "version_url": "/orgs/openmrs/sources/DemoQueueConcepts/concepts/DemoQueue-Priority-NotUrgent/1566253/", "previous_version_url": null, "parent_concept_urls": [], "child_concept_urls": []}, {"type": "Concept", "uuid": "1566251", "id": "DemoQueue-Priority-Urgent", "external_id": "dc3492ef-24a5-4fd9-b58d-4fd2acf7071f", "concept_class": "Misc", "datatype": "N/A", "display_name": "Urgent", "display_locale": "en", "names": [{"uuid": "1862338", "name": "Urgent", "external_id": "82fadaac-33af-4536-ba58-b6055ca2e8fc", "type": "ConceptName", "locale": "en", "locale_preferred": true, "name_type": "FULLY_SPECIFIED"}], "descriptions": [{"uuid": "1862339", "description": "Queue priority level is \"Urgent\".", "external_id": "ee8f06de-ee1c-4a55-bf7f-77c83dac3d18", "type": "ConceptDescription", "locale": "en", "locale_preferred": false, "description_type": null}], "extras": {}, "retired": false, "source": "DemoQueueConcepts", "source_url": "/orgs/openmrs/sources/DemoQueueConcepts/", "owner": "openmrs", "owner_name": "openmrs", "owner_url": "/orgs/openmrs/", "version": "1566251", "created_on": "2022-03-01T05:16:42.720984Z", "updated_on": "2022-03-01T05:16:42.736245Z", "version_created_on": "2022-03-01T05:16:42.720984Z", "version_created_by": "gpotma", "update_comment": null, "is_latest_version": true, "locale": null, "url": "/orgs/openmrs/sources/DemoQueueConcepts/concepts/DemoQueue-Priority-Urgent/", "owner_type": "Organization", "version_url": "/orgs/openmrs/sources/DemoQueueConcepts/concepts/DemoQueue-Priority-Urgent/1566251/", "previous_version_url": null, "parent_concept_urls": [], "child_concept_urls": []}, {"type": "Concept", "uuid": "1566249", "id": "DemoQueue-Priority-Emergency", "external_id": "04f6f7e0-e3cb-4e13-a133-4479f759574e", "concept_class": "Misc", "datatype": "N/A", "display_name": "Emergency", "display_locale": "en", "names": [{"uuid": "1862336", "name": "Emergency", "external_id": "bc607a95-97b5-4ed8-a000-0dc26a0c1610", "type": "ConceptName", "locale": "en", "locale_preferred": true, "name_type": "FULLY_SPECIFIED"}], "descriptions": [{"uuid": "1862337", "description": "Priority level is \"Emergency\" or \"Emergent\".", "external_id": "03df0597-8d3c-426b-b7b1-93df68ce4b1e", "type": "ConceptDescription", "locale": "en", "locale_preferred": false, "description_type": null}], "extras": {}, "retired": false, "source": "DemoQueueConcepts", "source_url": "/orgs/openmrs/sources/DemoQueueConcepts/", "owner": "openmrs", "owner_name": "openmrs", "owner_url": "/orgs/openmrs/", "version": "1566249", "created_on": "2022-03-01T05:16:09.897563Z", "updated_on": "2022-03-01T05:16:09.910498Z", "version_created_on": "2022-03-01T05:16:09.897563Z", "version_created_by": "gpotma", "update_comment": null, "is_latest_version": true, "locale": null, "url": "/orgs/openmrs/sources/DemoQueueConcepts/concepts/DemoQueue-Priority-Emergency/", "owner_type": "Organization", "version_url": "/orgs/openmrs/sources/DemoQueueConcepts/concepts/DemoQueue-Priority-Emergency/1566249/", "previous_version_url": null, "parent_concept_urls": [], "child_concept_urls": []}], "references": [{"expression": "/orgs/openmrs/sources/DemoQueueConcepts/concepts/DemoQueue-Service-ClinicalConsultation/1566260/", "reference_type": "concepts", "id": 1334910, "last_resolved_at": "2022-11-17T14:12:40.292380Z", "uri": "/orgs/openmrs/collections/DemoQueueConcepts/2/references/1334910/", "uuid": "1334910", "include": true, "type": "CollectionReference"}, {"expression": "/orgs/openmrs/sources/DemoQueueConcepts/concepts/DemoQueue-Status-FinishedService/1566269/", "reference_type": "concepts", "id": 1334909, "last_resolved_at": "2022-11-17T14:12:40.249245Z", "uri": "/orgs/openmrs/collections/DemoQueueConcepts/2/references/1334909/", "uuid": "1334909", "include": true, "type": "CollectionReference"}, {"expression": "/orgs/openmrs/sources/DemoQueueConcepts/concepts/DemoQueue-Service/1566261/", "reference_type": "concepts", "id": 1334908, "last_resolved_at": "2022-11-17T14:12:40.206811Z", "uri": "/orgs/openmrs/collections/DemoQueueConcepts/2/references/1334908/", "uuid": "1334908", "include": true, "type": "CollectionReference"}, {"expression": "/orgs/openmrs/sources/DemoQueueConcepts/concepts/DemoQueue-Status-Waiting/1566265/", "reference_type": "concepts", "id": 1334907, "last_resolved_at": "2022-11-17T14:12:40.149042Z", "uri": "/orgs/openmrs/collections/DemoQueueConcepts/2/references/1334907/", "uuid": "1334907", "include": true, "type": "CollectionReference"}, {"expression": "/orgs/openmrs/sources/DemoQueueConcepts/concepts/DemoQueue-Priority-NotUrgent/1566253/", "reference_type": "concepts", "id": 1334906, "last_resolved_at": "2022-11-17T14:12:40.090174Z", "uri": "/orgs/openmrs/collections/DemoQueueConcepts/2/references/1334906/", "uuid": "1334906", "include": true, "type": "CollectionReference"}, {"expression": "/orgs/openmrs/sources/DemoQueueConcepts/concepts/DemoQueue-Status-InService/1566267/", "reference_type": "concepts", "id": 1334905, "last_resolved_at": "2022-11-17T14:12:39.990670Z", "uri": "/orgs/openmrs/collections/DemoQueueConcepts/2/references/1334905/", "uuid": "1334905", "include": true, "type": "CollectionReference"}, {"expression": "/orgs/openmrs/sources/DemoQueueConcepts/concepts/DemoQueue-Service-Triage/1566258/", "reference_type": "concepts", "id": 1334904, "last_resolved_at": "2022-11-17T14:12:39.962590Z", "uri": "/orgs/openmrs/collections/DemoQueueConcepts/2/references/1334904/", "uuid": "1334904", "include": true, "type": "CollectionReference"}, {"expression": "/orgs/openmrs/sources/DemoQueueConcepts/concepts/DemoQueue-Priority/1566254/", "reference_type": "concepts", "id": 1334903, "last_resolved_at": "2022-11-17T14:12:39.937101Z", "uri": "/orgs/openmrs/collections/DemoQueueConcepts/2/references/1334903/", "uuid": "1334903", "include": true, "type": "CollectionReference"}, {"expression": "/orgs/openmrs/sources/DemoQueueConcepts/concepts/DemoQueue-Status/1566270/", "reference_type": "concepts", "id": 1334902, "last_resolved_at": "2022-11-17T14:12:39.908916Z", "uri": "/orgs/openmrs/collections/DemoQueueConcepts/2/references/1334902/", "uuid": "1334902", "include": true, "type": "CollectionReference"}, {"expression": "/orgs/openmrs/sources/DemoQueueConcepts/concepts/DemoQueue-Priority-Emergency/1566249/", "reference_type": "concepts", "id": 1334901, "last_resolved_at": "2022-11-17T14:12:39.879960Z", "uri": "/orgs/openmrs/collections/DemoQueueConcepts/2/references/1334901/", "uuid": "1334901", "include": true, "type": "CollectionReference"}, {"expression": "/orgs/openmrs/sources/DemoQueueConcepts/concepts/DemoQueue-Priority-Urgent/1566251/", "reference_type": "concepts", "id": 1334900, "last_resolved_at": "2022-11-17T14:12:39.847272Z", "uri": "/orgs/openmrs/collections/DemoQueueConcepts/2/references/1334900/", "uuid": "1334900", "include": true, "type": "CollectionReference"}, {"expression": "/orgs/openmrs/sources/DemoQueueConcepts/mappings/2325296/2325297/", "reference_type": "mappings", "id": 1334899, "last_resolved_at": "2022-11-17T14:12:39.817923Z", "uri": "/orgs/openmrs/collections/DemoQueueConcepts/2/references/1334899/", "uuid": "1334899", "include": true, "type": "CollectionReference"}, {"expression": "/orgs/openmrs/sources/DemoQueueConcepts/mappings/2325294/2325295/", "reference_type": "mappings", "id": 1334898, "last_resolved_at": "2022-11-17T14:12:39.791893Z", "uri": "/orgs/openmrs/collections/DemoQueueConcepts/2/references/1334898/", "uuid": "1334898", "include": true, "type": "CollectionReference"}, {"expression": "/orgs/openmrs/sources/DemoQueueConcepts/mappings/2325290/2325291/", "reference_type": "mappings", "id": 1334897, "last_resolved_at": "2022-11-17T14:12:39.765400Z", "uri": "/orgs/openmrs/collections/DemoQueueConcepts/2/references/1334897/", "uuid": "1334897", "include": true, "type": "CollectionReference"}, {"expression": "/orgs/openmrs/sources/DemoQueueConcepts/mappings/2325292/2325293/", "reference_type": "mappings", "id": 1334896, "last_resolved_at": "2022-11-17T14:12:39.737796Z", "uri": "/orgs/openmrs/collections/DemoQueueConcepts/2/references/1334896/", "uuid": "1334896", "include": true, "type": "CollectionReference"}, {"expression": "/orgs/openmrs/sources/DemoQueueConcepts/mappings/2325282/2325283/", "reference_type": "mappings", "id": 1334895, "last_resolved_at": "2022-11-17T14:12:39.711231Z", "uri": "/orgs/openmrs/collections/DemoQueueConcepts/2/references/1334895/", "uuid": "1334895", "include": true, "type": "CollectionReference"}, {"expression": "/orgs/openmrs/sources/DemoQueueConcepts/mappings/2325288/2325289/", "reference_type": "mappings", "id": 1334894, "last_resolved_at": "2022-11-17T14:12:39.684101Z", "uri": "/orgs/openmrs/collections/DemoQueueConcepts/2/references/1334894/", "uuid": "1334894", "include": true, "type": "CollectionReference"}, {"expression": "/orgs/openmrs/sources/DemoQueueConcepts/mappings/2325286/2325287/", "reference_type": "mappings", "id": 1334893, "last_resolved_at": "2022-11-17T14:12:39.656814Z", "uri": "/orgs/openmrs/collections/DemoQueueConcepts/2/references/1334893/", "uuid": "1334893", "include": true, "type": "CollectionReference"}, {"expression": "/orgs/openmrs/sources/DemoQueueConcepts/mappings/2325284/2325285/", "reference_type": "mappings", "id": 1334892, "last_resolved_at": "2022-11-17T14:12:39.616589Z", "uri": "/orgs/openmrs/collections/DemoQueueConcepts/2/references/1334892/", "uuid": "1334892", "include": true, "type": "CollectionReference"}], "mappings": [{"external_id": "86f25677-81ab-4e40-9ca8-fe3272a6ba11", "retired": false, "map_type": "CONCEPT-SET", "source": "DemoQueueConcepts", "owner": "openmrs", "owner_type": "Organization", "from_concept_code": "DemoQueue-Status", "from_concept_name": null, "from_concept_url": "/orgs/openmrs/sources/DemoQueueConcepts/concepts/DemoQueue-Status/", "to_concept_code": "DemoQueue-Status-FinishedService", "to_concept_name": "Finished Service", "to_concept_url": "/orgs/openmrs/sources/DemoQueueConcepts/concepts/DemoQueue-Status-FinishedService/", "from_source_owner": "openmrs", "from_source_owner_type": "Organization", "from_source_url": "/orgs/openmrs/sources/DemoQueueConcepts/", "from_source_name": "DemoQueueConcepts", "to_source_owner": "openmrs", "to_source_owner_type": "Organization", "to_source_url": "/orgs/openmrs/sources/DemoQueueConcepts/", "to_source_name": "DemoQueueConcepts", "url": "/orgs/openmrs/sources/DemoQueueConcepts/mappings/2325296/", "version": "2325297", "id": "2325296", "versioned_object_id": 2325296, "versioned_object_url": "/orgs/openmrs/sources/DemoQueueConcepts/mappings/2325296/", "is_latest_version": true, "update_comment": null, "version_url": "/orgs/openmrs/sources/DemoQueueConcepts/mappings/2325296/2325297/", "uuid": "2325297", "version_created_on": "2022-03-01T05:23:08.666155Z", "from_source_version": null, "to_source_version": null, "from_concept_name_resolved": "Status", "to_concept_name_resolved": "Finished Service", "extras": {}, "type": "Mapping", "created_on": "2022-03-01T05:23:08.666155Z", "updated_on": "2022-03-01T05:23:08.675092Z", "created_by": "ocladmin", "updated_by": "ocladmin", "public_can_view": true}, {"external_id": "9b9795c7-bfed-4f1c-be30-6ca801887222", "retired": false, "map_type": "CONCEPT-SET", "source": "DemoQueueConcepts", "owner": "openmrs", "owner_type": "Organization", "from_concept_code": "DemoQueue-Status", "from_concept_name": null, "from_concept_url": "/orgs/openmrs/sources/DemoQueueConcepts/concepts/DemoQueue-Status/", "to_concept_code": "DemoQueue-Status-InService", "to_concept_name": "In Service", "to_concept_url": "/orgs/openmrs/sources/DemoQueueConcepts/concepts/DemoQueue-Status-InService/", "from_source_owner": "openmrs", "from_source_owner_type": "Organization", "from_source_url": "/orgs/openmrs/sources/DemoQueueConcepts/", "from_source_name": "DemoQueueConcepts", "to_source_owner": "openmrs", "to_source_owner_type": "Organization", "to_source_url": "/orgs/openmrs/sources/DemoQueueConcepts/", "to_source_name": "DemoQueueConcepts", "url": "/orgs/openmrs/sources/DemoQueueConcepts/mappings/2325294/", "version": "2325295", "id": "2325294", "versioned_object_id": 2325294, "versioned_object_url": "/orgs/openmrs/sources/DemoQueueConcepts/mappings/2325294/", "is_latest_version": true, "update_comment": null, "version_url": "/orgs/openmrs/sources/DemoQueueConcepts/mappings/2325294/2325295/", "uuid": "2325295", "version_created_on": "2022-03-01T05:23:08.331026Z", "from_source_version": null, "to_source_version": null, "from_concept_name_resolved": "Status", "to_concept_name_resolved": "In Service", "extras": {}, "type": "Mapping", "created_on": "2022-03-01T05:23:08.331026Z", "updated_on": "2022-03-01T05:23:08.341853Z", "created_by": "ocladmin", "updated_by": "ocladmin", "public_can_view": true}, {"external_id": "be8f06e7-0728-4f17-9f70-14cbf001f9c7", "retired": false, "map_type": "CONCEPT-SET", "source": "DemoQueueConcepts", "owner": "openmrs", "owner_type": "Organization", "from_concept_code": "DemoQueue-Status", "from_concept_name": null, "from_concept_url": "/orgs/openmrs/sources/DemoQueueConcepts/concepts/DemoQueue-Status/", "to_concept_code": "DemoQueue-Status-Waiting", "to_concept_name": "Waiting", "to_concept_url": "/orgs/openmrs/sources/DemoQueueConcepts/concepts/DemoQueue-Status-Waiting/", "from_source_owner": "openmrs", "from_source_owner_type": "Organization", "from_source_url": "/orgs/openmrs/sources/DemoQueueConcepts/", "from_source_name": "DemoQueueConcepts", "to_source_owner": "openmrs", "to_source_owner_type": "Organization", "to_source_url": "/orgs/openmrs/sources/DemoQueueConcepts/", "to_source_name": "DemoQueueConcepts", "url": "/orgs/openmrs/sources/DemoQueueConcepts/mappings/2325292/", "version": "2325293", "id": "2325292", "versioned_object_id": 2325292, "versioned_object_url": "/orgs/openmrs/sources/DemoQueueConcepts/mappings/2325292/", "is_latest_version": true, "update_comment": null, "version_url": "/orgs/openmrs/sources/DemoQueueConcepts/mappings/2325292/2325293/", "uuid": "2325293", "version_created_on": "2022-03-01T05:23:07.952518Z", "from_source_version": null, "to_source_version": null, "from_concept_name_resolved": "Status", "to_concept_name_resolved": "Waiting", "extras": {}, "type": "Mapping", "created_on": "2022-03-01T05:23:07.952518Z", "updated_on": "2022-03-01T05:23:07.973848Z", "created_by": "ocladmin", "updated_by": "ocladmin", "public_can_view": true}, {"external_id": "6b100fd4-3f06-47d9-bdf6-862d5d76a2f2", "retired": false, "map_type": "CONCEPT-SET", "source": "DemoQueueConcepts", "owner": "openmrs", "owner_type": "Organization", "from_concept_code": "DemoQueue-Service", "from_concept_name": null, "from_concept_url": "/orgs/openmrs/sources/DemoQueueConcepts/concepts/DemoQueue-Service/", "to_concept_code": "DemoQueue-Service-ClinicalConsultation", "to_concept_name": "Clinical Consultation", "to_concept_url": "/orgs/openmrs/sources/DemoQueueConcepts/concepts/DemoQueue-Service-ClinicalConsultation/", "from_source_owner": "openmrs", "from_source_owner_type": "Organization", "from_source_url": "/orgs/openmrs/sources/DemoQueueConcepts/", "from_source_name": "DemoQueueConcepts", "to_source_owner": "openmrs", "to_source_owner_type": "Organization", "to_source_url": "/orgs/openmrs/sources/DemoQueueConcepts/", "to_source_name": "DemoQueueConcepts", "url": "/orgs/openmrs/sources/DemoQueueConcepts/mappings/2325290/", "version": "2325291", "id": "2325290", "versioned_object_id": 2325290, "versioned_object_url": "/orgs/openmrs/sources/DemoQueueConcepts/mappings/2325290/", "is_latest_version": true, "update_comment": null, "version_url": "/orgs/openmrs/sources/DemoQueueConcepts/mappings/2325290/2325291/", "uuid": "2325291", "version_created_on": "2022-03-01T05:20:14.322833Z", "from_source_version": null, "to_source_version": null, "from_concept_name_resolved": "Service", "to_concept_name_resolved": "Clinical Consultation", "extras": {}, "type": "Mapping", "created_on": "2022-03-01T05:20:14.322833Z", "updated_on": "2022-03-01T05:20:14.334001Z", "created_by": "ocladmin", "updated_by": "ocladmin", "public_can_view": true}, {"external_id": "571ed5ef-f779-4ae1-a984-f0174a0a5992", "retired": false, "map_type": "CONCEPT-SET", "source": "DemoQueueConcepts", "owner": "openmrs", "owner_type": "Organization", "from_concept_code": "DemoQueue-Service", "from_concept_name": null, "from_concept_url": "/orgs/openmrs/sources/DemoQueueConcepts/concepts/DemoQueue-Service/", "to_concept_code": "DemoQueue-Service-Triage", "to_concept_name": "Triage", "to_concept_url": "/orgs/openmrs/sources/DemoQueueConcepts/concepts/DemoQueue-Service-Triage/", "from_source_owner": "openmrs", "from_source_owner_type": "Organization", "from_source_url": "/orgs/openmrs/sources/DemoQueueConcepts/", "from_source_name": "DemoQueueConcepts", "to_source_owner": "openmrs", "to_source_owner_type": "Organization", "to_source_url": "/orgs/openmrs/sources/DemoQueueConcepts/", "to_source_name": "DemoQueueConcepts", "url": "/orgs/openmrs/sources/DemoQueueConcepts/mappings/2325288/", "version": "2325289", "id": "2325288", "versioned_object_id": 2325288, "versioned_object_url": "/orgs/openmrs/sources/DemoQueueConcepts/mappings/2325288/", "is_latest_version": true, "update_comment": null, "version_url": "/orgs/openmrs/sources/DemoQueueConcepts/mappings/2325288/2325289/", "uuid": "2325289", "version_created_on": "2022-03-01T05:20:13.878448Z", "from_source_version": null, "to_source_version": null, "from_concept_name_resolved": "Service", "to_concept_name_resolved": "Triage", "extras": {}, "type": "Mapping", "created_on": "2022-03-01T05:20:13.878448Z", "updated_on": "2022-03-01T05:20:13.896901Z", "created_by": "ocladmin", "updated_by": "ocladmin", "public_can_view": true}, {"external_id": "f9941bb4-3077-43a6-8e71-b60784f50b8b", "retired": false, "map_type": "CONCEPT-SET", "source": "DemoQueueConcepts", "owner": "openmrs", "owner_type": "Organization", "from_concept_code": "DemoQueue-Priority", "from_concept_name": null, "from_concept_url": "/orgs/openmrs/sources/DemoQueueConcepts/concepts/DemoQueue-Priority/", "to_concept_code": "DemoQueue-Priority-NotUrgent", "to_concept_name": "Not Urgent", "to_concept_url": "/orgs/openmrs/sources/DemoQueueConcepts/concepts/DemoQueue-Priority-NotUrgent/", "from_source_owner": "openmrs", "from_source_owner_type": "Organization", "from_source_url": "/orgs/openmrs/sources/DemoQueueConcepts/", "from_source_name": "DemoQueueConcepts", "to_source_owner": "openmrs", "to_source_owner_type": "Organization", "to_source_url": "/orgs/openmrs/sources/DemoQueueConcepts/", "to_source_name": "DemoQueueConcepts", "url": "/orgs/openmrs/sources/DemoQueueConcepts/mappings/2325286/", "version": "2325287", "id": "2325286", "versioned_object_id": 2325286, "versioned_object_url": "/orgs/openmrs/sources/DemoQueueConcepts/mappings/2325286/", "is_latest_version": true, "update_comment": null, "version_url": "/orgs/openmrs/sources/DemoQueueConcepts/mappings/2325286/2325287/", "uuid": "2325287", "version_created_on": "2022-03-01T05:18:05.450777Z", "from_source_version": null, "to_source_version": null, "from_concept_name_resolved": "Priority", "to_concept_name_resolved": "Not Urgent", "extras": {}, "type": "Mapping", "created_on": "2022-03-01T05:18:05.450777Z", "updated_on": "2022-03-01T05:18:05.460300Z", "created_by": "ocladmin", "updated_by": "ocladmin", "public_can_view": true}, {"external_id": "66f1f065-7568-4100-9a00-edc50644fe31", "retired": false, "map_type": "CONCEPT-SET", "source": "DemoQueueConcepts", "owner": "openmrs", "owner_type": "Organization", "from_concept_code": "DemoQueue-Priority", "from_concept_name": null, "from_concept_url": "/orgs/openmrs/sources/DemoQueueConcepts/concepts/DemoQueue-Priority/", "to_concept_code": "DemoQueue-Priority-Urgent", "to_concept_name": "Urgent", "to_concept_url": "/orgs/openmrs/sources/DemoQueueConcepts/concepts/DemoQueue-Priority-Urgent/", "from_source_owner": "openmrs", "from_source_owner_type": "Organization", "from_source_url": "/orgs/openmrs/sources/DemoQueueConcepts/", "from_source_name": "DemoQueueConcepts", "to_source_owner": "openmrs", "to_source_owner_type": "Organization", "to_source_url": "/orgs/openmrs/sources/DemoQueueConcepts/", "to_source_name": "DemoQueueConcepts", "url": "/orgs/openmrs/sources/DemoQueueConcepts/mappings/2325284/", "version": "2325285", "id": "2325284", "versioned_object_id": 2325284, "versioned_object_url": "/orgs/openmrs/sources/DemoQueueConcepts/mappings/2325284/", "is_latest_version": true, "update_comment": null, "version_url": "/orgs/openmrs/sources/DemoQueueConcepts/mappings/2325284/2325285/", "uuid": "2325285", "version_created_on": "2022-03-01T05:18:05.013603Z", "from_source_version": null, "to_source_version": null, "from_concept_name_resolved": "Priority", "to_concept_name_resolved": "Urgent", "extras": {}, "type": "Mapping", "created_on": "2022-03-01T05:18:05.013603Z", "updated_on": "2022-03-01T05:18:05.032282Z", "created_by": "ocladmin", "updated_by": "ocladmin", "public_can_view": true}, {"external_id": "ae1f159b-f1a6-4960-823b-951b674fe7fc", "retired": false, "map_type": "CONCEPT-SET", "source": "DemoQueueConcepts", "owner": "openmrs", "owner_type": "Organization", "from_concept_code": "DemoQueue-Priority", "from_concept_name": null, "from_concept_url": "/orgs/openmrs/sources/DemoQueueConcepts/concepts/DemoQueue-Priority/", "to_concept_code": "DemoQueue-Priority-Emergency", "to_concept_name": "Emergency", "to_concept_url": "/orgs/openmrs/sources/DemoQueueConcepts/concepts/DemoQueue-Priority-Emergency/", "from_source_owner": "openmrs", "from_source_owner_type": "Organization", "from_source_url": "/orgs/openmrs/sources/DemoQueueConcepts/", "from_source_name": "DemoQueueConcepts", "to_source_owner": "openmrs", "to_source_owner_type": "Organization", "to_source_url": "/orgs/openmrs/sources/DemoQueueConcepts/", "to_source_name": "DemoQueueConcepts", "url": "/orgs/openmrs/sources/DemoQueueConcepts/mappings/2325282/", "version": "2325283", "id": "2325282", "versioned_object_id": 2325282, "versioned_object_url": "/orgs/openmrs/sources/DemoQueueConcepts/mappings/2325282/", "is_latest_version": true, "update_comment": null, "version_url": "/orgs/openmrs/sources/DemoQueueConcepts/mappings/2325282/2325283/", "uuid": "2325283", "version_created_on": "2022-03-01T05:18:04.626129Z", "from_source_version": null, "to_source_version": null, "from_concept_name_resolved": "Priority", "to_concept_name_resolved": "Emergency", "extras": {}, "type": "Mapping", "created_on": "2022-03-01T05:18:04.626129Z", "updated_on": "2022-03-01T05:18:04.639815Z", "created_by": "ocladmin", "updated_by": "ocladmin", "public_can_view": true}]}