{"type": "Collection Version", "uuid": "44471", "id": "1.0.0", "short_code": "Queues", "name": "Queues", "full_name": "SIH SALUS Queues", "description": "ZIP queues", "collection_type": "Dictionary", "custom_validation_schema": "OpenMRS", "public_access": "View", "default_locale": "es", "supported_locales": ["es"], "website": null, "url": "/orgs/PeruHCE/collections/Queues/", "owner": "PeruHCE", "owner_type": "Organization", "owner_url": "/orgs/PeruHCE/", "version_url": "/orgs/PeruHCE/collections/Queues/1.0.0/", "previous_version_url": "/orgs/PeruHCE/collections/Queues/", "created_on": "2025-02-20T17:33:06.096995Z", "updated_on": "2025-02-20T17:33:06.989363Z", "created_by": "duvet05", "updated_by": "duvet05", "extras": {}, "external_id": null, "version": "1.0.0", "concepts_url": "/orgs/PeruHCE/collections/Queues/1.0.0/concepts/", "mappings_url": "/orgs/PeruHCE/collections/Queues/1.0.0/mappings/", "expansions_url": "/orgs/PeruHCE/collections/Queues/1.0.0/expansions/", "is_processing": true, "released": true, "retired": false, "canonical_url": null, "identifier": {}, "publisher": null, "contact": {}, "jurisdiction": {}, "purpose": null, "copyright": null, "meta": null, "immutable": null, "revision_date": null, "text": null, "experimental": null, "locked_date": null, "autoexpand": true, "expansion_url": "/orgs/PeruHCE/collections/Queues/1.0.0/expansions/autoexpand-1.0.0/", "checksums": {"smart": "38a9f40b06d1dcb9109e807a7e5bc4bf", "standard": "483cdbdb616602e571b9b4d4ad4c6d45"}, "collection": {"id": "Queues", "url": "/orgs/PeruHCE/collections/Queues/", "meta": null, "name": "Queues", "text": null, "type": "Collection", "uuid": "44470", "owner": "PeruHCE", "extras": {}, "contact": {}, "purpose": null, "version": "HEAD", "website": null, "logo_url": null, "checksums": {"smart": "be13fcd29fc16e36d37f230152d1f907", "standard": "483cdbdb616602e571b9b4d4ad4c6d45"}, "copyright": null, "full_name": "SIH SALUS Queues", "immutable": null, "owner_url": "/orgs/PeruHCE/", "publisher": null, "created_by": "duvet05", "created_on": "2025-02-20T17:01:26.449551Z", "identifier": {}, "owner_type": "Organization", "short_code": "Queues", "updated_by": "duvet05", "updated_on": "2025-02-20T17:31:04.251077Z", "description": "SIH SALUS Queues", "external_id": null, "locked_date": null, "concepts_url": "/orgs/PeruHCE/collections/Queues/concepts/", "experimental": null, "jurisdiction": {}, "mappings_url": "/orgs/PeruHCE/collections/Queues/mappings/", "versions_url": "/orgs/PeruHCE/collections/Queues/versions/", "canonical_url": null, "expansion_url": "/orgs/PeruHCE/collections/Queues/HEAD/expansions/autoexpand-HEAD/", "public_access": "View", "revision_date": null, "default_locale": "es", "expansions_url": "/orgs/PeruHCE/collections/Queues/expansions/", "autoexpand_head": true, "collection_type": "Dictionary", "preferred_source": "", "supported_locales": ["es"], "custom_validation_schema": "OpenMRS", "custom_resources_linked_source": ""}, "concepts": [{"type": "Concept", "uuid": "7306219", "id": "2724", "external_id": "4bf3f465-ac91-44fa-9b1f-173daf0c89a0", "concept_class": "ConvSet", "datatype": "N/A", "display_name": "Tipo de Servicio", "display_locale": "es", "names": [{"uuid": "23298355", "name": "Tipo de Servicio", "external_id": "02c854cd-0a31-43f5-905d-b1392dfd09ff", "type": "ConceptName", "locale": "es", "locale_preferred": true, "name_type": "Fully-Specified", "checksum": "12b16c2c631114d0e332bbfdec4e6527"}], "descriptions": [{"uuid": "2376060", "description": "Service area description, e.g. Triage, Clinical Consult, etc.", "external_id": "94ea65cc-16c9-4671-b2d9-c7b0d9117d25", "type": "ConceptDescription", "locale": "en", "locale_preferred": false, "description_type": "None", "checksum": "4e8620a85bd44d93727aaac721142141"}], "extras": {}, "retired": false, "source": "sihsalus", "source_url": "/orgs/PeruHCE/sources/sihsalus/", "owner": "PeruHCE", "owner_name": "PeruHCE", "owner_url": "/orgs/PeruHCE/", "version": "7306219", "created_on": "2025-02-20T17:19:06.245311Z", "updated_on": "2025-02-20T17:19:06.247796Z", "version_created_on": "2025-02-20T17:19:06.245311Z", "version_created_by": "duvet05", "update_comment": "tropicalizado", "is_latest_version": true, "locale": null, "url": "/orgs/PeruHCE/sources/sihsalus/concepts/2724/", "owner_type": "Organization", "version_url": "/orgs/PeruHCE/sources/sihsalus/concepts/2724/7306219/", "previous_version_url": "/orgs/PeruHCE/sources/sihsalus/concepts/2724/7306209/", "parent_concept_urls": [], "child_concept_urls": [], "version_updated_on": "2025-02-20T17:19:06.247796Z", "version_updated_by": "duvet05", "checksums": {"smart": "8567bca9d75f86478d56d6356aecd68a", "standard": "736dc4125c65007b37b68ee8ac112743"}}, {"type": "Concept", "uuid": "7306213", "id": "2729", "external_id": "bf3a08c6-cbe6-4f00-8e06-5f5437790b85", "concept_class": "Misc", "datatype": "N/A", "display_name": "No Urgente", "display_locale": "es", "names": [{"uuid": "23298349", "name": "No Urgente", "external_id": "175654f5-3bf3-456c-9b1a-e8e807c14658", "type": "ConceptName", "locale": "es", "locale_preferred": true, "name_type": "Fully-Specified", "checksum": "55e8f55b48f324ae7a743c7be8d6e58f"}], "descriptions": [{"uuid": "2376054", "description": "Priority is \"Not Urgent\" or non-urgent.", "external_id": "43e1c2a1-017b-4764-a94a-3d1c4313e45b", "type": "ConceptDescription", "locale": "en", "locale_preferred": false, "description_type": "None", "checksum": "60d73a5c213f0f3718ae0c4907a1cb83"}], "extras": {}, "retired": false, "source": "sihsalus", "source_url": "/orgs/PeruHCE/sources/sihsalus/", "owner": "PeruHCE", "owner_name": "PeruHCE", "owner_url": "/orgs/PeruHCE/", "version": "7306213", "created_on": "2025-02-20T17:14:47.998263Z", "updated_on": "2025-02-20T17:14:48.003343Z", "version_created_on": "2025-02-20T17:14:47.998263Z", "version_created_by": "duvet05", "update_comment": "tropicalizado", "is_latest_version": true, "locale": null, "url": "/orgs/PeruHCE/sources/sihsalus/concepts/2729/", "owner_type": "Organization", "version_url": "/orgs/PeruHCE/sources/sihsalus/concepts/2729/7306213/", "previous_version_url": "/orgs/PeruHCE/sources/sihsalus/concepts/2729/7306201/", "parent_concept_urls": [], "child_concept_urls": [], "version_updated_on": "2025-02-20T17:14:48.003343Z", "version_updated_by": "duvet05", "checksums": {"smart": "1a360c5d920da1f2dca6c79dc0ae4de5", "standard": "f338888b94578737b47bd42872a568fc"}}, {"type": "Concept", "uuid": "7306212", "id": "2728", "external_id": "b96959db-2106-4ce7-b39b-6fcb2ca88cda", "concept_class": "Misc", "datatype": "N/A", "display_name": "Urgente", "display_locale": "es", "names": [{"uuid": "23298347", "name": "Urgente", "external_id": "82fadaac-33af-4536-ba58-b6055ca2e8fc", "type": "ConceptName", "locale": "es", "locale_preferred": true, "name_type": "Fully-Specified", "checksum": "23cacc33961598bb1fb737e0817809e1"}], "descriptions": [{"uuid": "2376052", "description": "Queue priority level is \"Urgent\".", "external_id": "ee8f06de-ee1c-4a55-bf7f-77c83dac3d18", "type": "ConceptDescription", "locale": "en", "locale_preferred": false, "description_type": "None", "checksum": "118d0bfab55d727197448760b9764423"}], "extras": {}, "retired": false, "source": "sihsalus", "source_url": "/orgs/PeruHCE/sources/sihsalus/", "owner": "PeruHCE", "owner_name": "PeruHCE", "owner_url": "/orgs/PeruHCE/", "version": "7306212", "created_on": "2025-02-20T17:14:28.799716Z", "updated_on": "2025-02-20T17:14:28.805071Z", "version_created_on": "2025-02-20T17:14:28.799716Z", "version_created_by": "duvet05", "update_comment": "tropicalizado", "is_latest_version": true, "locale": null, "url": "/orgs/PeruHCE/sources/sihsalus/concepts/2728/", "owner_type": "Organization", "version_url": "/orgs/PeruHCE/sources/sihsalus/concepts/2728/7306212/", "previous_version_url": "/orgs/PeruHCE/sources/sihsalus/concepts/2728/7306199/", "parent_concept_urls": [], "child_concept_urls": [], "version_updated_on": "2025-02-20T17:14:28.805071Z", "version_updated_by": "duvet05", "checksums": {"smart": "577d727fcb6643241dc4e2d71d5c6b83", "standard": "54108f75a2fc0e25acca7b99fef4ff8c"}}, {"type": "Concept", "uuid": "7306211", "id": "2726", "external_id": "d736c954-601f-4d8b-b778-6df7f3ed3767", "concept_class": "ConvSet", "datatype": "N/A", "display_name": "Prioridad", "display_locale": "es", "names": [{"uuid": "23298345", "name": "Prioridad", "external_id": "bf3a7fb3-a41b-4bb1-ab5e-1331270033dc", "type": "ConceptName", "locale": "es", "locale_preferred": true, "name_type": "Fully-Specified", "checksum": "7f3cb4e321d14e38eb81aac55c7caf9d"}], "descriptions": [{"uuid": "2376050", "description": "Demo priority levels for the Priority field in Queue flow.", "external_id": "89ff9eb0-c951-420c-9c81-1501a11f8716", "type": "ConceptDescription", "locale": "en", "locale_preferred": false, "description_type": "None", "checksum": "d3c1b6725fe786fab77db094213ca9ff"}], "extras": {}, "retired": false, "source": "sihsalus", "source_url": "/orgs/PeruHCE/sources/sihsalus/", "owner": "PeruHCE", "owner_name": "PeruHCE", "owner_url": "/orgs/PeruHCE/", "version": "7306211", "created_on": "2025-02-20T17:10:24.251081Z", "updated_on": "2025-02-20T17:10:24.255591Z", "version_created_on": "2025-02-20T17:10:24.251081Z", "version_created_by": "duvet05", "update_comment": "tropicalizado", "is_latest_version": true, "locale": null, "url": "/orgs/PeruHCE/sources/sihsalus/concepts/2726/", "owner_type": "Organization", "version_url": "/orgs/PeruHCE/sources/sihsalus/concepts/2726/7306211/", "previous_version_url": "/orgs/PeruHCE/sources/sihsalus/concepts/2726/7306196/", "parent_concept_urls": [], "child_concept_urls": [], "version_updated_on": "2025-02-20T17:10:24.255591Z", "version_updated_by": "duvet05", "checksums": {"smart": "f7ec9c518bd6d7c0b9597ece5e41a446", "standard": "94383b93f1467ef79c6063bf37cc6e29"}}, {"type": "Concept", "uuid": "7306210", "id": "2725", "external_id": "ea771a12-c8e4-49fd-a09c-6d6d8796aaa4", "concept_class": "Misc", "datatype": "N/A", "display_name": "Triaje", "display_locale": "es", "names": [{"uuid": "23298343", "name": "Triaje", "external_id": "048f510a-aaca-4a9c-94ec-c11e8af81f6d", "type": "ConceptName", "locale": "es", "locale_preferred": true, "name_type": "Fully-Specified", "checksum": "4bbebadc067f70dabae3a02026ca6964"}], "descriptions": [{"uuid": "2376048", "description": "Service area is Triage.", "external_id": "e839627f-3037-4ac6-acec-be54cab66d07", "type": "ConceptDescription", "locale": "en", "locale_preferred": false, "description_type": "None", "checksum": "2695c74ff1b369fc2cb01019206f3a81"}], "extras": {}, "retired": false, "source": "sihsalus", "source_url": "/orgs/PeruHCE/sources/sihsalus/", "owner": "PeruHCE", "owner_name": "PeruHCE", "owner_url": "/orgs/PeruHCE/", "version": "7306210", "created_on": "2025-02-20T17:09:43.228992Z", "updated_on": "2025-02-20T17:09:43.232792Z", "version_created_on": "2025-02-20T17:09:43.228992Z", "version_created_by": "duvet05", "update_comment": "tropicalizado", "is_latest_version": true, "locale": null, "url": "/orgs/PeruHCE/sources/sihsalus/concepts/2725/", "owner_type": "Organization", "version_url": "/orgs/PeruHCE/sources/sihsalus/concepts/2725/7306210/", "previous_version_url": "/orgs/PeruHCE/sources/sihsalus/concepts/2725/7306194/", "parent_concept_urls": [], "child_concept_urls": [], "version_updated_on": "2025-02-20T17:09:43.232792Z", "version_updated_by": "duvet05", "checksums": {"smart": "ad90ccad09cb663225ebc2a527a5a192", "standard": "361d22d23db41ff18219fbb3e84750c6"}}, {"type": "Concept", "uuid": "7306206", "id": "2723", "external_id": "707b1d1e-d7f7-4dad-a382-3734e35933c3", "concept_class": "Misc", "datatype": "N/A", "display_name": "Servicio Finalizado", "display_locale": "es", "names": [{"uuid": "23298337", "name": "Servicio Finalizado", "external_id": "5585edc7-c2d5-4213-949a-40180d5a99aa", "type": "ConceptName", "locale": "es", "locale_preferred": true, "name_type": "Fully-Specified", "checksum": "3915a5226b0bd4396e3db96b310e0a97"}], "descriptions": [], "extras": {}, "retired": false, "source": "sihsalus", "source_url": "/orgs/PeruHCE/sources/sihsalus/", "owner": "PeruHCE", "owner_name": "PeruHCE", "owner_url": "/orgs/PeruHCE/", "version": "7306206", "created_on": "2025-02-20T17:06:07.451916Z", "updated_on": "2025-02-20T17:06:07.456145Z", "version_created_on": "2025-02-20T17:06:07.451916Z", "version_created_by": "duvet05", "update_comment": "tropicalizado", "is_latest_version": true, "locale": null, "url": "/orgs/PeruHCE/sources/sihsalus/concepts/2723/", "owner_type": "Organization", "version_url": "/orgs/PeruHCE/sources/sihsalus/concepts/2723/7306206/", "previous_version_url": "/orgs/PeruHCE/sources/sihsalus/concepts/2723/7306190/", "parent_concept_urls": [], "child_concept_urls": [], "version_updated_on": "2025-02-20T17:06:07.456145Z", "version_updated_by": "duvet05", "checksums": {"smart": "5ca8ff2799cb83d31288aacb081607e6", "standard": "b150b17ffe9c657e01857e51151a26f9"}}, {"type": "Concept", "uuid": "7306205", "id": "2722", "external_id": "9d7c8a4b-2c08-4f54-b2dd-5c5fd325029c", "concept_class": "Misc", "datatype": "N/A", "display_name": "Atendi\u00e9ndose", "display_locale": "es", "names": [{"uuid": "23298335", "name": "Atendi\u00e9ndose", "external_id": "97258667-65f7-45a6-b8ba-049da968fdc0", "type": "ConceptName", "locale": "es", "locale_preferred": true, "name_type": "Fully-Specified", "checksum": "35f6a89c5110086f7fb07830c078cc02"}], "descriptions": [{"uuid": "2376042", "description": "Currently in service (as opposed to waiting or on hold)", "external_id": "ced54ac4-61e5-4a92-8af2-3462177c53f6", "type": "ConceptDescription", "locale": "en", "locale_preferred": false, "description_type": "None", "checksum": "15f2c35fd6c5b25d634682161a249477"}], "extras": {}, "retired": false, "source": "sihsalus", "source_url": "/orgs/PeruHCE/sources/sihsalus/", "owner": "PeruHCE", "owner_name": "PeruHCE", "owner_url": "/orgs/PeruHCE/", "version": "7306205", "created_on": "2025-02-20T17:05:25.929163Z", "updated_on": "2025-02-20T17:05:25.934092Z", "version_created_on": "2025-02-20T17:05:25.929163Z", "version_created_by": "duvet05", "update_comment": "tropicalizado", "is_latest_version": true, "locale": null, "url": "/orgs/PeruHCE/sources/sihsalus/concepts/2722/", "owner_type": "Organization", "version_url": "/orgs/PeruHCE/sources/sihsalus/concepts/2722/7306205/", "previous_version_url": "/orgs/PeruHCE/sources/sihsalus/concepts/2722/7306188/", "parent_concept_urls": [], "child_concept_urls": [], "version_updated_on": "2025-02-20T17:05:25.934092Z", "version_updated_by": "duvet05", "checksums": {"smart": "9c5d9dc23451f0ce438daae430d8bad5", "standard": "9fdeaeb443838374b1e46bbea750e622"}}, {"type": "Concept", "uuid": "7306204", "id": "2721", "external_id": "733d4911-cd4e-4b11-a47c-8e7c74159052", "concept_class": "Misc", "datatype": "N/A", "display_name": "Esperando", "display_locale": "es", "names": [{"uuid": "23298333", "name": "Esperando", "external_id": "00b10946-90e3-4059-b186-4f9a2932e80a", "type": "ConceptName", "locale": "es", "locale_preferred": true, "name_type": "Fully-Specified", "checksum": "f60ed028d2cf4b840400b508529ae432"}], "descriptions": [{"uuid": "2376040", "description": "Waiting for service.", "external_id": "575f7eeb-6fd3-4b73-8130-2bd48f846d97", "type": "ConceptDescription", "locale": "en", "locale_preferred": false, "description_type": "None", "checksum": "526148126fb95a666d93f8de15944aa0"}], "extras": {}, "retired": false, "source": "sihsalus", "source_url": "/orgs/PeruHCE/sources/sihsalus/", "owner": "PeruHCE", "owner_name": "PeruHCE", "owner_url": "/orgs/PeruHCE/", "version": "7306204", "created_on": "2025-02-20T17:04:30.379298Z", "updated_on": "2025-02-20T17:04:30.384302Z", "version_created_on": "2025-02-20T17:04:30.379298Z", "version_created_by": "duvet05", "update_comment": "tropicalizado", "is_latest_version": true, "locale": null, "url": "/orgs/PeruHCE/sources/sihsalus/concepts/2721/", "owner_type": "Organization", "version_url": "/orgs/PeruHCE/sources/sihsalus/concepts/2721/7306204/", "previous_version_url": "/orgs/PeruHCE/sources/sihsalus/concepts/2721/7306186/", "parent_concept_urls": [], "child_concept_urls": [], "version_updated_on": "2025-02-20T17:04:30.384302Z", "version_updated_by": "duvet05", "checksums": {"smart": "a7055ffbfe5388a586dc7fe7ae6777b8", "standard": "85a4c14104c4c7d20f7c43e3f7cba284"}}, {"type": "Concept", "uuid": "7306203", "id": "2720", "external_id": "a10612bc-373d-44cf-8a1a-277e65f7fcf9", "concept_class": "ConvSet", "datatype": "N/A", "display_name": "Estado", "display_locale": "es", "names": [{"uuid": "23298331", "name": "Estado", "external_id": "8bb4785b-2406-4263-9bf1-01fe7f616e19", "type": "ConceptName", "locale": "es", "locale_preferred": true, "name_type": "Fully-Specified", "checksum": "d61a03969aef8168f1ace84aa0d13999"}], "descriptions": [{"uuid": "2376038", "description": "Status, such as Waiting, Done, etc.", "external_id": "c323a649-5dde-4dba-a1d5-650f8f78deaa", "type": "ConceptDescription", "locale": "en", "locale_preferred": false, "description_type": "None", "checksum": "e48fbca6b7eb8717c48dda76f2b4f6f6"}], "extras": {}, "retired": false, "source": "sihsalus", "source_url": "/orgs/PeruHCE/sources/sihsalus/", "owner": "PeruHCE", "owner_name": "PeruHCE", "owner_url": "/orgs/PeruHCE/", "version": "7306203", "created_on": "2025-02-20T17:04:03.535945Z", "updated_on": "2025-02-20T17:04:03.543958Z", "version_created_on": "2025-02-20T17:04:03.535945Z", "version_created_by": "duvet05", "update_comment": "tropicalizado", "is_latest_version": true, "locale": null, "url": "/orgs/PeruHCE/sources/sihsalus/concepts/2720/", "owner_type": "Organization", "version_url": "/orgs/PeruHCE/sources/sihsalus/concepts/2720/7306203/", "previous_version_url": "/orgs/PeruHCE/sources/sihsalus/concepts/2720/7306184/", "parent_concept_urls": [], "child_concept_urls": [], "version_updated_on": "2025-02-20T17:04:03.543958Z", "version_updated_by": "duvet05", "checksums": {"smart": "b910434660d27e9a7f7c5ed8a7321d28", "standard": "73c17af7565df8dcd004f2165c53bd82"}}, {"type": "Concept", "uuid": "7306202", "id": "2719", "external_id": "0f819fa7-864f-4f60-a50a-03d0b82daa73", "concept_class": "Misc", "datatype": "N/A", "display_name": "Consulta Ambulatoria", "display_locale": "es", "names": [{"uuid": "23298329", "name": "Consulta Ambulatoria", "external_id": "cc4dec85-eb65-4234-9e29-4c0601690b10", "type": "ConceptName", "locale": "es", "locale_preferred": true, "name_type": "Fully-Specified", "checksum": "45ac9157143c09bfdb169308d36b5261"}], "descriptions": [], "extras": {}, "retired": false, "source": "sihsalus", "source_url": "/orgs/PeruHCE/sources/sihsalus/", "owner": "PeruHCE", "owner_name": "PeruHCE", "owner_url": "/orgs/PeruHCE/", "version": "7306202", "created_on": "2025-02-20T17:03:17.655567Z", "updated_on": "2025-02-20T17:03:17.658227Z", "version_created_on": "2025-02-20T17:03:17.655567Z", "version_created_by": "duvet05", "update_comment": "tropicalizado", "is_latest_version": true, "locale": null, "url": "/orgs/PeruHCE/sources/sihsalus/concepts/2719/", "owner_type": "Organization", "version_url": "/orgs/PeruHCE/sources/sihsalus/concepts/2719/7306202/", "previous_version_url": "/orgs/PeruHCE/sources/sihsalus/concepts/2719/7306182/", "parent_concept_urls": [], "child_concept_urls": [], "version_updated_on": "2025-02-20T17:03:17.658227Z", "version_updated_by": "duvet05", "checksums": {"smart": "f2b8130ea406ceceaf1a1bc8a7c4005b", "standard": "c9746d5159d325aeaf2ae67fd424bfca"}}], "references": [{"expression": "/orgs/PeruHCE/sources/sihsalus/mappings/1243de04-5424-45d2-b7ed-87503412bba0/", "reference_type": "mappings", "id": 9694408, "last_resolved_at": "2025-02-20T17:33:06.919528Z", "uri": "/orgs/PeruHCE/collections/Queues/1.0.0/references/9694408/", "uuid": "9694408", "include": true, "type": "CollectionReference"}, {"expression": "/orgs/PeruHCE/sources/sihsalus/mappings/8bb8974d-0052-4dba-895e-eca578dfcc48/", "reference_type": "mappings", "id": 9694407, "last_resolved_at": "2025-02-20T17:33:06.892650Z", "uri": "/orgs/PeruHCE/collections/Queues/1.0.0/references/9694407/", "uuid": "9694407", "include": true, "type": "CollectionReference"}, {"expression": "/orgs/PeruHCE/sources/sihsalus/mappings/d8b9930c-e3d3-43de-9aa5-533fc1d4af9c/", "reference_type": "mappings", "id": 9694406, "last_resolved_at": "2025-02-20T17:33:06.865702Z", "uri": "/orgs/PeruHCE/collections/Queues/1.0.0/references/9694406/", "uuid": "9694406", "include": true, "type": "CollectionReference"}, {"expression": "/orgs/PeruHCE/sources/sihsalus/mappings/a3728523-134b-44a4-b59a-7187d2ab5678/", "reference_type": "mappings", "id": 9694405, "last_resolved_at": "2025-02-20T17:33:06.837837Z", "uri": "/orgs/PeruHCE/collections/Queues/1.0.0/references/9694405/", "uuid": "9694405", "include": true, "type": "CollectionReference"}, {"expression": "/orgs/PeruHCE/sources/sihsalus/concepts/2720/", "reference_type": "concepts", "id": 9694404, "last_resolved_at": "2025-02-20T17:33:06.811644Z", "uri": "/orgs/PeruHCE/collections/Queues/1.0.0/references/9694404/", "uuid": "9694404", "include": true, "type": "CollectionReference"}, {"expression": "/orgs/PeruHCE/sources/sihsalus/mappings/bf08f487-9907-4987-87d5-1c95db37478d/", "reference_type": "mappings", "id": 9694403, "last_resolved_at": "2025-02-20T17:33:06.785282Z", "uri": "/orgs/PeruHCE/collections/Queues/1.0.0/references/9694403/", "uuid": "9694403", "include": true, "type": "CollectionReference"}, {"expression": "/orgs/PeruHCE/sources/sihsalus/concepts/2721/", "reference_type": "concepts", "id": 9694402, "last_resolved_at": "2025-02-20T17:33:06.758287Z", "uri": "/orgs/PeruHCE/collections/Queues/1.0.0/references/9694402/", "uuid": "9694402", "include": true, "type": "CollectionReference"}, {"expression": "/orgs/PeruHCE/sources/sihsalus/mappings/5a9e5cf8-0c35-47a2-a03f-9d41a9c10f3d/", "reference_type": "mappings", "id": 9694401, "last_resolved_at": "2025-02-20T17:33:06.731270Z", "uri": "/orgs/PeruHCE/collections/Queues/1.0.0/references/9694401/", "uuid": "9694401", "include": true, "type": "CollectionReference"}, {"expression": "/orgs/PeruHCE/sources/sihsalus/concepts/2722/", "reference_type": "concepts", "id": 9694400, "last_resolved_at": "2025-02-20T17:33:06.704385Z", "uri": "/orgs/PeruHCE/collections/Queues/1.0.0/references/9694400/", "uuid": "9694400", "include": true, "type": "CollectionReference"}, {"expression": "/orgs/PeruHCE/sources/sihsalus/mappings/fcb4bb0c-729c-4a47-8961-49192430c69f/", "reference_type": "mappings", "id": 9694399, "last_resolved_at": "2025-02-20T17:33:06.677667Z", "uri": "/orgs/PeruHCE/collections/Queues/1.0.0/references/9694399/", "uuid": "9694399", "include": true, "type": "CollectionReference"}, {"expression": "/orgs/PeruHCE/sources/sihsalus/concepts/2723/", "reference_type": "concepts", "id": 9694398, "last_resolved_at": "2025-02-20T17:33:06.651116Z", "uri": "/orgs/PeruHCE/collections/Queues/1.0.0/references/9694398/", "uuid": "9694398", "include": true, "type": "CollectionReference"}, {"expression": "/orgs/PeruHCE/sources/sihsalus/mappings/da8811b3-7f51-48e9-973f-71ff56013d00/", "reference_type": "mappings", "id": 9694397, "last_resolved_at": "2025-02-20T17:33:06.623310Z", "uri": "/orgs/PeruHCE/collections/Queues/1.0.0/references/9694397/", "uuid": "9694397", "include": true, "type": "CollectionReference"}, {"expression": "/orgs/PeruHCE/sources/sihsalus/mappings/371031d5-d387-4efe-92f1-1b438fe2780b/", "reference_type": "mappings", "id": 9694396, "last_resolved_at": "2025-02-20T17:33:06.594749Z", "uri": "/orgs/PeruHCE/collections/Queues/1.0.0/references/9694396/", "uuid": "9694396", "include": true, "type": "CollectionReference"}, {"expression": "/orgs/PeruHCE/sources/sihsalus/mappings/f5fd486f-045a-4776-8b37-a5f47ebcc550/", "reference_type": "mappings", "id": 9694395, "last_resolved_at": "2025-02-20T17:33:06.566975Z", "uri": "/orgs/PeruHCE/collections/Queues/1.0.0/references/9694395/", "uuid": "9694395", "include": true, "type": "CollectionReference"}, {"expression": "/orgs/PeruHCE/sources/sihsalus/mappings/7d612fdd-9879-4371-a1c0-5f2a62147737/", "reference_type": "mappings", "id": 9694394, "last_resolved_at": "2025-02-20T17:33:06.539769Z", "uri": "/orgs/PeruHCE/collections/Queues/1.0.0/references/9694394/", "uuid": "9694394", "include": true, "type": "CollectionReference"}, {"expression": "/orgs/PeruHCE/sources/sihsalus/concepts/2726/", "reference_type": "concepts", "id": 9694393, "last_resolved_at": "2025-02-20T17:33:06.512784Z", "uri": "/orgs/PeruHCE/collections/Queues/1.0.0/references/9694393/", "uuid": "9694393", "include": true, "type": "CollectionReference"}, {"expression": "/orgs/PeruHCE/sources/sihsalus/mappings/b416ee3e-7c83-471a-9ed9-b2d3049e262a/", "reference_type": "mappings", "id": 9694392, "last_resolved_at": "2025-02-20T17:33:06.485461Z", "uri": "/orgs/PeruHCE/collections/Queues/1.0.0/references/9694392/", "uuid": "9694392", "include": true, "type": "CollectionReference"}, {"expression": "/orgs/PeruHCE/sources/sihsalus/concepts/2728/", "reference_type": "concepts", "id": 9694391, "last_resolved_at": "2025-02-20T17:33:06.457983Z", "uri": "/orgs/PeruHCE/collections/Queues/1.0.0/references/9694391/", "uuid": "9694391", "include": true, "type": "CollectionReference"}, {"expression": "/orgs/PeruHCE/sources/sihsalus/mappings/49a733e2-435b-4a1c-b08b-2ace8345c01b/", "reference_type": "mappings", "id": 9694390, "last_resolved_at": "2025-02-20T17:33:06.428793Z", "uri": "/orgs/PeruHCE/collections/Queues/1.0.0/references/9694390/", "uuid": "9694390", "include": true, "type": "CollectionReference"}, {"expression": "/orgs/PeruHCE/sources/sihsalus/concepts/2729/", "reference_type": "concepts", "id": 9694389, "last_resolved_at": "2025-02-20T17:33:06.400754Z", "uri": "/orgs/PeruHCE/collections/Queues/1.0.0/references/9694389/", "uuid": "9694389", "include": true, "type": "CollectionReference"}, {"expression": "/orgs/PeruHCE/sources/sihsalus/mappings/9942ed0e-1f79-4a55-b0d4-1a2f577210bb/", "reference_type": "mappings", "id": 9694388, "last_resolved_at": "2025-02-20T17:33:06.373077Z", "uri": "/orgs/PeruHCE/collections/Queues/1.0.0/references/9694388/", "uuid": "9694388", "include": true, "type": "CollectionReference"}, {"expression": "/orgs/PeruHCE/sources/sihsalus/mappings/8da32609-dc29-4603-ada9-394af7958872/", "reference_type": "mappings", "id": 9694387, "last_resolved_at": "2025-02-20T17:33:06.345406Z", "uri": "/orgs/PeruHCE/collections/Queues/1.0.0/references/9694387/", "uuid": "9694387", "include": true, "type": "CollectionReference"}, {"expression": "/orgs/PeruHCE/sources/sihsalus/mappings/e17d26d2-d114-4c43-bbb6-be8b25372f23/", "reference_type": "mappings", "id": 9694386, "last_resolved_at": "2025-02-20T17:33:06.318379Z", "uri": "/orgs/PeruHCE/collections/Queues/1.0.0/references/9694386/", "uuid": "9694386", "include": true, "type": "CollectionReference"}, {"expression": "/orgs/PeruHCE/sources/sihsalus/mappings/0cb19a56-8060-432e-bb44-f155e794fc5c/", "reference_type": "mappings", "id": 9694385, "last_resolved_at": "2025-02-20T17:33:06.289802Z", "uri": "/orgs/PeruHCE/collections/Queues/1.0.0/references/9694385/", "uuid": "9694385", "include": true, "type": "CollectionReference"}, {"expression": "/orgs/PeruHCE/sources/sihsalus/mappings/e9e473c6-7a4d-40f2-8992-6fe4d8edba24/", "reference_type": "mappings", "id": 9694384, "last_resolved_at": "2025-02-20T17:33:06.260759Z", "uri": "/orgs/PeruHCE/collections/Queues/1.0.0/references/9694384/", "uuid": "9694384", "include": true, "type": "CollectionReference"}, {"expression": "/orgs/PeruHCE/sources/sihsalus/concepts/2725/", "reference_type": "concepts", "id": 9694383, "last_resolved_at": "2025-02-20T17:33:06.222658Z", "uri": "/orgs/PeruHCE/collections/Queues/1.0.0/references/9694383/", "uuid": "9694383", "include": true, "type": "CollectionReference"}, {"expression": "/orgs/PeruHCE/sources/sihsalus/concepts/2724/", "reference_type": "concepts", "id": 9694382, "last_resolved_at": "2025-02-20T17:33:06.195637Z", "uri": "/orgs/PeruHCE/collections/Queues/1.0.0/references/9694382/", "uuid": "9694382", "include": true, "type": "CollectionReference"}, {"expression": "/orgs/PeruHCE/sources/sihsalus/concepts/2719/", "reference_type": "concepts", "id": 9694381, "last_resolved_at": "2025-02-20T17:33:06.166484Z", "uri": "/orgs/PeruHCE/collections/Queues/1.0.0/references/9694381/", "uuid": "9694381", "include": true, "type": "CollectionReference"}], "mappings": [{"extras": {}, "checksums": {"smart": "08664b41b8a96b19d6e95fa685ea300d", "standard": "634ec81681a9f4413c628c00b2edcc47"}, "external_id": "a9e9b09e-dadc-4d7c-af2c-f04f55722a14", "retired": false, "map_type": "CONCEPT-SET", "source": "sihsalus", "owner": "PeruHCE", "owner_type": "Organization", "from_concept_code": "2726", "from_concept_name": null, "from_concept_url": "/orgs/PeruHCE/sources/sihsalus/concepts/2726/", "to_concept_code": "2729", "to_concept_name": "Not Urgent", "to_concept_url": "/orgs/PeruHCE/sources/sihsalus/concepts/2729/", "from_source_owner": "PeruHCE", "from_source_owner_type": "Organization", "from_source_url": "/orgs/openmrs/sources/DemoQueueConcepts/", "from_source_name": "sihsalus", "to_source_owner": "PeruHCE", "to_source_owner_type": "Organization", "to_source_url": "/orgs/openmrs/sources/DemoQueueConcepts/", "to_source_name": "sihsalus", "url": "/orgs/PeruHCE/sources/sihsalus/mappings/f5fd486f-045a-4776-8b37-a5f47ebcc550/", "version": "10236834", "id": "f5fd486f-045a-4776-8b37-a5f47ebcc550", "versioned_object_id": 10236833, "versioned_object_url": "/orgs/PeruHCE/sources/sihsalus/mappings/f5fd486f-045a-4776-8b37-a5f47ebcc550/", "is_latest_version": true, "update_comment": null, "version_url": "/orgs/PeruHCE/sources/sihsalus/mappings/f5fd486f-045a-4776-8b37-a5f47ebcc550/10236834/", "uuid": "10236834", "version_created_on": "2025-02-20T17:01:56.412935Z", "from_source_version": null, "to_source_version": null, "from_concept_name_resolved": "Prioridad", "to_concept_name_resolved": "No Urgente", "type": "Mapping", "sort_weight": null, "version_updated_on": "2025-02-20T17:01:56.419793Z", "version_updated_by": "duvet05", "latest_source_version": "2025-02-20-01", "created_on": "2025-02-20T17:01:56.412935Z", "updated_on": "2025-02-20T17:01:56.419793Z", "created_by": "duvet05", "updated_by": "duvet05", "public_can_view": true}, {"extras": {}, "checksums": {"smart": "31f0a8b30adabee85b7b8d0aac8f5f68", "standard": "6710d9c4e9bfceb61611d8601aa18b37"}, "external_id": "dc1a6382-2ba9-4242-8783-0886d707ea38", "retired": false, "map_type": "CONCEPT-SET", "source": "sihsalus", "owner": "PeruHCE", "owner_type": "Organization", "from_concept_code": "2726", "from_concept_name": null, "from_concept_url": "/orgs/PeruHCE/sources/sihsalus/concepts/2726/", "to_concept_code": "2728", "to_concept_name": "Urgent", "to_concept_url": "/orgs/PeruHCE/sources/sihsalus/concepts/2728/", "from_source_owner": "PeruHCE", "from_source_owner_type": "Organization", "from_source_url": "/orgs/openmrs/sources/DemoQueueConcepts/", "from_source_name": "sihsalus", "to_source_owner": "PeruHCE", "to_source_owner_type": "Organization", "to_source_url": "/orgs/openmrs/sources/DemoQueueConcepts/", "to_source_name": "sihsalus", "url": "/orgs/PeruHCE/sources/sihsalus/mappings/371031d5-d387-4efe-92f1-1b438fe2780b/", "version": "10236832", "id": "371031d5-d387-4efe-92f1-1b438fe2780b", "versioned_object_id": 10236831, "versioned_object_url": "/orgs/PeruHCE/sources/sihsalus/mappings/371031d5-d387-4efe-92f1-1b438fe2780b/", "is_latest_version": true, "update_comment": null, "version_url": "/orgs/PeruHCE/sources/sihsalus/mappings/371031d5-d387-4efe-92f1-1b438fe2780b/10236832/", "uuid": "10236832", "version_created_on": "2025-02-20T17:01:56.220531Z", "from_source_version": null, "to_source_version": null, "from_concept_name_resolved": "Prioridad", "to_concept_name_resolved": "Urgente", "type": "Mapping", "sort_weight": null, "version_updated_on": "2025-02-20T17:01:56.228735Z", "version_updated_by": "duvet05", "latest_source_version": "2025-02-20-01", "created_on": "2025-02-20T17:01:56.220531Z", "updated_on": "2025-02-20T17:01:56.228735Z", "created_by": "duvet05", "updated_by": "duvet05", "public_can_view": true}, {"extras": {}, "checksums": {"smart": "31cfcaddfcd7b6660960c23ca98196f4", "standard": "13a5962a302c1c7f648e67213b740ecd"}, "external_id": "59613474-03bf-4576-a9ed-4b9d57b297d0", "retired": false, "map_type": "CONCEPT-SET", "source": "sihsalus", "owner": "PeruHCE", "owner_type": "Organization", "from_concept_code": "2726", "from_concept_name": null, "from_concept_url": "/orgs/PeruHCE/sources/sihsalus/concepts/2726/", "to_concept_code": "DemoQueue-Priority-Emergency", "to_concept_name": "Emergency", "to_concept_url": "/orgs/openmrs/sources/DemoQueueConcepts/concepts/DemoQueue-Priority-Emergency/", "from_source_owner": "PeruHCE", "from_source_owner_type": "Organization", "from_source_url": "/orgs/openmrs/sources/DemoQueueConcepts/", "from_source_name": "sihsalus", "to_source_owner": "openmrs", "to_source_owner_type": "Organization", "to_source_url": "/orgs/openmrs/sources/DemoQueueConcepts/", "to_source_name": "DemoQueueConcepts", "url": "/orgs/PeruHCE/sources/sihsalus/mappings/da8811b3-7f51-48e9-973f-71ff56013d00/", "version": "10236830", "id": "da8811b3-7f51-48e9-973f-71ff56013d00", "versioned_object_id": 10236829, "versioned_object_url": "/orgs/PeruHCE/sources/sihsalus/mappings/da8811b3-7f51-48e9-973f-71ff56013d00/", "is_latest_version": true, "update_comment": null, "version_url": "/orgs/PeruHCE/sources/sihsalus/mappings/da8811b3-7f51-48e9-973f-71ff56013d00/10236830/", "uuid": "10236830", "version_created_on": "2025-02-20T17:01:56.042702Z", "from_source_version": null, "to_source_version": null, "from_concept_name_resolved": "Prioridad", "to_concept_name_resolved": "Emergency", "type": "Mapping", "sort_weight": null, "version_updated_on": "2025-02-20T17:01:56.052625Z", "version_updated_by": "duvet05", "latest_source_version": "2025-02-20-01", "created_on": "2025-02-20T17:01:56.042702Z", "updated_on": "2025-02-20T17:01:56.052625Z", "created_by": "duvet05", "updated_by": "duvet05", "public_can_view": true}, {"extras": {}, "checksums": {"smart": "937a67c97317448d618ee86c390ccbcb", "standard": "ebcfdf38c15e2f8cd8354d3f4328a6b7"}, "external_id": "b260ca5c-49ed-44be-bff1-366f1c3fda68", "retired": false, "map_type": "SAME-AS", "source": "sihsalus", "owner": "PeruHCE", "owner_type": "Organization", "from_concept_code": "2729", "from_concept_name": null, "from_concept_url": "/orgs/PeruHCE/sources/sihsalus/concepts/2729/", "to_concept_code": "DemoQueue-Priority-NotUrgent", "to_concept_name": null, "to_concept_url": "/orgs/openmrs/sources/DemoQueueConcepts/concepts/DemoQueue-Priority-NotUrgent/", "from_source_owner": "PeruHCE", "from_source_owner_type": "Organization", "from_source_url": null, "from_source_name": "sihsalus", "to_source_owner": "openmrs", "to_source_owner_type": "Organization", "to_source_url": null, "to_source_name": "DemoQueueConcepts", "url": "/orgs/PeruHCE/sources/sihsalus/mappings/49a733e2-435b-4a1c-b08b-2ace8345c01b/", "version": "10236828", "id": "49a733e2-435b-4a1c-b08b-2ace8345c01b", "versioned_object_id": 10236827, "versioned_object_url": "/orgs/PeruHCE/sources/sihsalus/mappings/49a733e2-435b-4a1c-b08b-2ace8345c01b/", "is_latest_version": true, "update_comment": null, "version_url": "/orgs/PeruHCE/sources/sihsalus/mappings/49a733e2-435b-4a1c-b08b-2ace8345c01b/10236828/", "uuid": "10236828", "version_created_on": "2025-02-20T17:01:55.818032Z", "from_source_version": null, "to_source_version": null, "from_concept_name_resolved": "No Urgente", "to_concept_name_resolved": "Not Urgent", "type": "Mapping", "sort_weight": null, "version_updated_on": "2025-02-20T17:01:55.825431Z", "version_updated_by": "duvet05", "latest_source_version": "2025-02-20-01", "created_on": "2025-02-20T17:01:55.818032Z", "updated_on": "2025-02-20T17:01:55.825431Z", "created_by": "duvet05", "updated_by": "duvet05", "public_can_view": true}, {"extras": {}, "checksums": {"smart": "6f42fb5d26dcb1d19f97b24ea0011b0d", "standard": "10ce07ac011d06e407fc314ae4288aa5"}, "external_id": "6a242e08-2a2e-4088-81bb-f508920d791c", "retired": false, "map_type": "SAME-AS", "source": "sihsalus", "owner": "PeruHCE", "owner_type": "Organization", "from_concept_code": "2728", "from_concept_name": null, "from_concept_url": "/orgs/PeruHCE/sources/sihsalus/concepts/2728/", "to_concept_code": "DemoQueue-Priority-Urgent", "to_concept_name": null, "to_concept_url": "/orgs/openmrs/sources/DemoQueueConcepts/concepts/DemoQueue-Priority-Urgent/", "from_source_owner": "PeruHCE", "from_source_owner_type": "Organization", "from_source_url": null, "from_source_name": "sihsalus", "to_source_owner": "openmrs", "to_source_owner_type": "Organization", "to_source_url": null, "to_source_name": "DemoQueueConcepts", "url": "/orgs/PeruHCE/sources/sihsalus/mappings/b416ee3e-7c83-471a-9ed9-b2d3049e262a/", "version": "10236826", "id": "b416ee3e-7c83-471a-9ed9-b2d3049e262a", "versioned_object_id": 10236825, "versioned_object_url": "/orgs/PeruHCE/sources/sihsalus/mappings/b416ee3e-7c83-471a-9ed9-b2d3049e262a/", "is_latest_version": true, "update_comment": null, "version_url": "/orgs/PeruHCE/sources/sihsalus/mappings/b416ee3e-7c83-471a-9ed9-b2d3049e262a/10236826/", "uuid": "10236826", "version_created_on": "2025-02-20T17:01:55.383986Z", "from_source_version": null, "to_source_version": null, "from_concept_name_resolved": "Urgente", "to_concept_name_resolved": "Urgent", "type": "Mapping", "sort_weight": null, "version_updated_on": "2025-02-20T17:01:55.391038Z", "version_updated_by": "duvet05", "latest_source_version": "2025-02-20-01", "created_on": "2025-02-20T17:01:55.383986Z", "updated_on": "2025-02-20T17:01:55.391038Z", "created_by": "duvet05", "updated_by": "duvet05", "public_can_view": true}, {"extras": {}, "checksums": {"smart": "7835e6ca8ff0b02db29e56a6469984e8", "standard": "701f0339992f4f0ca2841d3aee9e02f1"}, "external_id": "e6635f70-2bb8-493d-b71a-9d9fdb9c5797", "retired": false, "map_type": "SAME-AS", "source": "sihsalus", "owner": "PeruHCE", "owner_type": "Organization", "from_concept_code": "2726", "from_concept_name": null, "from_concept_url": "/orgs/PeruHCE/sources/sihsalus/concepts/2726/", "to_concept_code": "DemoQueue-Priority", "to_concept_name": null, "to_concept_url": "/orgs/openmrs/sources/DemoQueueConcepts/concepts/DemoQueue-Priority/", "from_source_owner": "PeruHCE", "from_source_owner_type": "Organization", "from_source_url": null, "from_source_name": "sihsalus", "to_source_owner": "openmrs", "to_source_owner_type": "Organization", "to_source_url": null, "to_source_name": "DemoQueueConcepts", "url": "/orgs/PeruHCE/sources/sihsalus/mappings/7d612fdd-9879-4371-a1c0-5f2a62147737/", "version": "10236824", "id": "7d612fdd-9879-4371-a1c0-5f2a62147737", "versioned_object_id": 10236823, "versioned_object_url": "/orgs/PeruHCE/sources/sihsalus/mappings/7d612fdd-9879-4371-a1c0-5f2a62147737/", "is_latest_version": true, "update_comment": null, "version_url": "/orgs/PeruHCE/sources/sihsalus/mappings/7d612fdd-9879-4371-a1c0-5f2a62147737/10236824/", "uuid": "10236824", "version_created_on": "2025-02-20T17:01:54.683817Z", "from_source_version": null, "to_source_version": null, "from_concept_name_resolved": "Prioridad", "to_concept_name_resolved": "Priority", "type": "Mapping", "sort_weight": null, "version_updated_on": "2025-02-20T17:01:54.691629Z", "version_updated_by": "duvet05", "latest_source_version": "2025-02-20-01", "created_on": "2025-02-20T17:01:54.683817Z", "updated_on": "2025-02-20T17:01:54.691629Z", "created_by": "duvet05", "updated_by": "duvet05", "public_can_view": true}, {"extras": {}, "checksums": {"smart": "a9facba634af1e2ddacb055e5980d8f2", "standard": "fb83366a704810a1326b5e3d72a1409b"}, "external_id": "13d23c3a-9463-4fab-a764-13c9a8a85502", "retired": false, "map_type": "CONCEPT-SET", "source": "sihsalus", "owner": "PeruHCE", "owner_type": "Organization", "from_concept_code": "2724", "from_concept_name": null, "from_concept_url": "/orgs/PeruHCE/sources/sihsalus/concepts/2724/", "to_concept_code": "2719", "to_concept_name": null, "to_concept_url": "/orgs/PeruHCE/sources/sihsalus/concepts/2719/", "from_source_owner": "PeruHCE", "from_source_owner_type": "Organization", "from_source_url": "/orgs/openmrs/sources/DemoQueueConcepts/", "from_source_name": "sihsalus", "to_source_owner": "PeruHCE", "to_source_owner_type": "Organization", "to_source_url": "/orgs/openmrs/sources/DemoQueueConcepts/", "to_source_name": "sihsalus", "url": "/orgs/PeruHCE/sources/sihsalus/mappings/0cb19a56-8060-432e-bb44-f155e794fc5c/", "version": "10236822", "id": "0cb19a56-8060-432e-bb44-f155e794fc5c", "versioned_object_id": 10236821, "versioned_object_url": "/orgs/PeruHCE/sources/sihsalus/mappings/0cb19a56-8060-432e-bb44-f155e794fc5c/", "is_latest_version": true, "update_comment": null, "version_url": "/orgs/PeruHCE/sources/sihsalus/mappings/0cb19a56-8060-432e-bb44-f155e794fc5c/10236822/", "uuid": "10236822", "version_created_on": "2025-02-20T17:01:53.113818Z", "from_source_version": null, "to_source_version": null, "from_concept_name_resolved": "Tipo de Servicio", "to_concept_name_resolved": "Consulta Ambulatoria", "type": "Mapping", "sort_weight": null, "version_updated_on": "2025-02-20T17:01:53.120834Z", "version_updated_by": "duvet05", "latest_source_version": "2025-02-20-01", "created_on": "2025-02-20T17:01:53.113818Z", "updated_on": "2025-02-20T17:01:53.120834Z", "created_by": "duvet05", "updated_by": "duvet05", "public_can_view": true}, {"extras": {}, "checksums": {"smart": "a47db0ec9e5ddc8f4e8a4c50d2a28b2b", "standard": "1555bad4f5c0399218d75ecb66073ffa"}, "external_id": "f5251d20-b3c8-4dd2-9f22-d3516789a99b", "retired": false, "map_type": "CONCEPT-SET", "source": "sihsalus", "owner": "PeruHCE", "owner_type": "Organization", "from_concept_code": "2724", "from_concept_name": null, "from_concept_url": "/orgs/PeruHCE/sources/sihsalus/concepts/2724/", "to_concept_code": "2725", "to_concept_name": "Triage", "to_concept_url": "/orgs/PeruHCE/sources/sihsalus/concepts/2725/", "from_source_owner": "PeruHCE", "from_source_owner_type": "Organization", "from_source_url": "/orgs/openmrs/sources/DemoQueueConcepts/", "from_source_name": "sihsalus", "to_source_owner": "PeruHCE", "to_source_owner_type": "Organization", "to_source_url": "/orgs/openmrs/sources/DemoQueueConcepts/", "to_source_name": "sihsalus", "url": "/orgs/PeruHCE/sources/sihsalus/mappings/e17d26d2-d114-4c43-bbb6-be8b25372f23/", "version": "10236820", "id": "e17d26d2-d114-4c43-bbb6-be8b25372f23", "versioned_object_id": 10236819, "versioned_object_url": "/orgs/PeruHCE/sources/sihsalus/mappings/e17d26d2-d114-4c43-bbb6-be8b25372f23/", "is_latest_version": true, "update_comment": null, "version_url": "/orgs/PeruHCE/sources/sihsalus/mappings/e17d26d2-d114-4c43-bbb6-be8b25372f23/10236820/", "uuid": "10236820", "version_created_on": "2025-02-20T17:01:52.931644Z", "from_source_version": null, "to_source_version": null, "from_concept_name_resolved": "Tipo de Servicio", "to_concept_name_resolved": "Triaje", "type": "Mapping", "sort_weight": null, "version_updated_on": "2025-02-20T17:01:52.941948Z", "version_updated_by": "duvet05", "latest_source_version": "2025-02-20-01", "created_on": "2025-02-20T17:01:52.931644Z", "updated_on": "2025-02-20T17:01:52.941948Z", "created_by": "duvet05", "updated_by": "duvet05", "public_can_view": true}, {"extras": {}, "checksums": {"smart": "ab036d16cfc7d3bcf2e782c04835007d", "standard": "8298b063dc7d4dce63347aed3b0d89a2"}, "external_id": "95866242-8560-4ffd-9164-1b4a449fb182", "retired": false, "map_type": "SAME-AS", "source": "sihsalus", "owner": "PeruHCE", "owner_type": "Organization", "from_concept_code": "2725", "from_concept_name": null, "from_concept_url": "/orgs/PeruHCE/sources/sihsalus/concepts/2725/", "to_concept_code": "DemoQueue-Service-Triage", "to_concept_name": null, "to_concept_url": "/orgs/openmrs/sources/DemoQueueConcepts/concepts/DemoQueue-Service-Triage/", "from_source_owner": "PeruHCE", "from_source_owner_type": "Organization", "from_source_url": null, "from_source_name": "sihsalus", "to_source_owner": "openmrs", "to_source_owner_type": "Organization", "to_source_url": null, "to_source_name": "DemoQueueConcepts", "url": "/orgs/PeruHCE/sources/sihsalus/mappings/8da32609-dc29-4603-ada9-394af7958872/", "version": "10236818", "id": "8da32609-dc29-4603-ada9-394af7958872", "versioned_object_id": 10236817, "versioned_object_url": "/orgs/PeruHCE/sources/sihsalus/mappings/8da32609-dc29-4603-ada9-394af7958872/", "is_latest_version": true, "update_comment": null, "version_url": "/orgs/PeruHCE/sources/sihsalus/mappings/8da32609-dc29-4603-ada9-394af7958872/10236818/", "uuid": "10236818", "version_created_on": "2025-02-20T17:01:52.667632Z", "from_source_version": null, "to_source_version": null, "from_concept_name_resolved": "Triaje", "to_concept_name_resolved": "Triage", "type": "Mapping", "sort_weight": null, "version_updated_on": "2025-02-20T17:01:52.677766Z", "version_updated_by": "duvet05", "latest_source_version": "2025-02-20-01", "created_on": "2025-02-20T17:01:52.667632Z", "updated_on": "2025-02-20T17:01:52.677766Z", "created_by": "duvet05", "updated_by": "duvet05", "public_can_view": true}, {"extras": {}, "checksums": {"smart": "5989ebb9b424e179dd4a5a33f861e90b", "standard": "7d32e52853321970d41181f82a57b341"}, "external_id": "884d6fc3-719c-43f8-9574-356bfc5fe948", "retired": false, "map_type": "SAME-AS", "source": "sihsalus", "owner": "PeruHCE", "owner_type": "Organization", "from_concept_code": "2724", "from_concept_name": null, "from_concept_url": "/orgs/PeruHCE/sources/sihsalus/concepts/2724/", "to_concept_code": "DemoQueue-Service", "to_concept_name": null, "to_concept_url": "/orgs/openmrs/sources/DemoQueueConcepts/concepts/DemoQueue-Service/", "from_source_owner": "PeruHCE", "from_source_owner_type": "Organization", "from_source_url": null, "from_source_name": "sihsalus", "to_source_owner": "openmrs", "to_source_owner_type": "Organization", "to_source_url": null, "to_source_name": "DemoQueueConcepts", "url": "/orgs/PeruHCE/sources/sihsalus/mappings/e9e473c6-7a4d-40f2-8992-6fe4d8edba24/", "version": "10236816", "id": "e9e473c6-7a4d-40f2-8992-6fe4d8edba24", "versioned_object_id": 10236815, "versioned_object_url": "/orgs/PeruHCE/sources/sihsalus/mappings/e9e473c6-7a4d-40f2-8992-6fe4d8edba24/", "is_latest_version": true, "update_comment": null, "version_url": "/orgs/PeruHCE/sources/sihsalus/mappings/e9e473c6-7a4d-40f2-8992-6fe4d8edba24/10236816/", "uuid": "10236816", "version_created_on": "2025-02-20T17:01:52.140490Z", "from_source_version": null, "to_source_version": null, "from_concept_name_resolved": "Tipo de Servicio", "to_concept_name_resolved": "Service", "type": "Mapping", "sort_weight": null, "version_updated_on": "2025-02-20T17:01:52.147794Z", "version_updated_by": "duvet05", "latest_source_version": "2025-02-20-01", "created_on": "2025-02-20T17:01:52.140490Z", "updated_on": "2025-02-20T17:01:52.147794Z", "created_by": "duvet05", "updated_by": "duvet05", "public_can_view": true}, {"extras": {}, "checksums": {"smart": "b87cf5295eba6b89d33c87929ec7aa28", "standard": "d8372b9e7ea3eb91d9ac6b2b786049c0"}, "external_id": "3fb73c20-a252-49a6-8bd1-26b185516a34", "retired": false, "map_type": "CONCEPT-SET", "source": "sihsalus", "owner": "PeruHCE", "owner_type": "Organization", "from_concept_code": "2720", "from_concept_name": null, "from_concept_url": "/orgs/PeruHCE/sources/sihsalus/concepts/2720/", "to_concept_code": "2723", "to_concept_name": "Finished Service", "to_concept_url": "/orgs/PeruHCE/sources/sihsalus/concepts/2723/", "from_source_owner": "PeruHCE", "from_source_owner_type": "Organization", "from_source_url": "/orgs/openmrs/sources/DemoQueueConcepts/", "from_source_name": "sihsalus", "to_source_owner": "PeruHCE", "to_source_owner_type": "Organization", "to_source_url": "/orgs/openmrs/sources/DemoQueueConcepts/", "to_source_name": "sihsalus", "url": "/orgs/PeruHCE/sources/sihsalus/mappings/d8b9930c-e3d3-43de-9aa5-533fc1d4af9c/", "version": "10236814", "id": "d8b9930c-e3d3-43de-9aa5-533fc1d4af9c", "versioned_object_id": 10236813, "versioned_object_url": "/orgs/PeruHCE/sources/sihsalus/mappings/d8b9930c-e3d3-43de-9aa5-533fc1d4af9c/", "is_latest_version": true, "update_comment": null, "version_url": "/orgs/PeruHCE/sources/sihsalus/mappings/d8b9930c-e3d3-43de-9aa5-533fc1d4af9c/10236814/", "uuid": "10236814", "version_created_on": "2025-02-20T17:01:49.956752Z", "from_source_version": null, "to_source_version": null, "from_concept_name_resolved": "Estado", "to_concept_name_resolved": "Servicio Finalizado", "type": "Mapping", "sort_weight": 2.0, "version_updated_on": "2025-02-20T17:01:49.967667Z", "version_updated_by": "duvet05", "latest_source_version": "2025-02-20-01", "created_on": "2025-02-20T17:01:49.956752Z", "updated_on": "2025-02-20T17:01:49.967667Z", "created_by": "duvet05", "updated_by": "duvet05", "public_can_view": true}, {"extras": {}, "checksums": {"smart": "4e2b8480c2635df73c6b3b3329fce638", "standard": "383af97845992f421c729ee662bc60bb"}, "external_id": "08000bb1-4d4d-4ba4-8a21-4ad334d54777", "retired": false, "map_type": "CONCEPT-SET", "source": "sihsalus", "owner": "PeruHCE", "owner_type": "Organization", "from_concept_code": "2720", "from_concept_name": null, "from_concept_url": "/orgs/PeruHCE/sources/sihsalus/concepts/2720/", "to_concept_code": "2722", "to_concept_name": "In Service", "to_concept_url": "/orgs/PeruHCE/sources/sihsalus/concepts/2722/", "from_source_owner": "PeruHCE", "from_source_owner_type": "Organization", "from_source_url": "/orgs/openmrs/sources/DemoQueueConcepts/", "from_source_name": "sihsalus", "to_source_owner": "PeruHCE", "to_source_owner_type": "Organization", "to_source_url": "/orgs/openmrs/sources/DemoQueueConcepts/", "to_source_name": "sihsalus", "url": "/orgs/PeruHCE/sources/sihsalus/mappings/a3728523-134b-44a4-b59a-7187d2ab5678/", "version": "10236812", "id": "a3728523-134b-44a4-b59a-7187d2ab5678", "versioned_object_id": 10236811, "versioned_object_url": "/orgs/PeruHCE/sources/sihsalus/mappings/a3728523-134b-44a4-b59a-7187d2ab5678/", "is_latest_version": true, "update_comment": null, "version_url": "/orgs/PeruHCE/sources/sihsalus/mappings/a3728523-134b-44a4-b59a-7187d2ab5678/10236812/", "uuid": "10236812", "version_created_on": "2025-02-20T17:01:49.788532Z", "from_source_version": null, "to_source_version": null, "from_concept_name_resolved": "Estado", "to_concept_name_resolved": "Atendi\u00e9ndose", "type": "Mapping", "sort_weight": 1.0, "version_updated_on": "2025-02-20T17:01:49.801327Z", "version_updated_by": "duvet05", "latest_source_version": "2025-02-20-01", "created_on": "2025-02-20T17:01:49.788532Z", "updated_on": "2025-02-20T17:01:49.801327Z", "created_by": "duvet05", "updated_by": "duvet05", "public_can_view": true}, {"extras": {}, "checksums": {"smart": "33481ff02f96a49e18b7510a67da8790", "standard": "8a181374e3c58cf22336bfce262bad2e"}, "external_id": "80d08c3d-b46c-4aa5-b942-adde725f600d", "retired": false, "map_type": "CONCEPT-SET", "source": "sihsalus", "owner": "PeruHCE", "owner_type": "Organization", "from_concept_code": "2720", "from_concept_name": null, "from_concept_url": "/orgs/PeruHCE/sources/sihsalus/concepts/2720/", "to_concept_code": "2721", "to_concept_name": "Waiting", "to_concept_url": "/orgs/PeruHCE/sources/sihsalus/concepts/2721/", "from_source_owner": "PeruHCE", "from_source_owner_type": "Organization", "from_source_url": "/orgs/openmrs/sources/DemoQueueConcepts/", "from_source_name": "sihsalus", "to_source_owner": "PeruHCE", "to_source_owner_type": "Organization", "to_source_url": "/orgs/openmrs/sources/DemoQueueConcepts/", "to_source_name": "sihsalus", "url": "/orgs/PeruHCE/sources/sihsalus/mappings/8bb8974d-0052-4dba-895e-eca578dfcc48/", "version": "10236810", "id": "8bb8974d-0052-4dba-895e-eca578dfcc48", "versioned_object_id": 10236809, "versioned_object_url": "/orgs/PeruHCE/sources/sihsalus/mappings/8bb8974d-0052-4dba-895e-eca578dfcc48/", "is_latest_version": true, "update_comment": null, "version_url": "/orgs/PeruHCE/sources/sihsalus/mappings/8bb8974d-0052-4dba-895e-eca578dfcc48/10236810/", "uuid": "10236810", "version_created_on": "2025-02-20T17:01:49.608027Z", "from_source_version": null, "to_source_version": null, "from_concept_name_resolved": "Estado", "to_concept_name_resolved": "Esperando", "type": "Mapping", "sort_weight": 0.0, "version_updated_on": "2025-02-20T17:01:49.616853Z", "version_updated_by": "duvet05", "latest_source_version": "2025-02-20-01", "created_on": "2025-02-20T17:01:49.608027Z", "updated_on": "2025-02-20T17:01:49.616853Z", "created_by": "duvet05", "updated_by": "duvet05", "public_can_view": true}, {"extras": {}, "checksums": {"smart": "11e4a5b3367ef6d1d6af7243c28f12f7", "standard": "be2a8ea6235f9668921c1aaf7e43b47e"}, "external_id": "ea0567f7-3c83-43a9-a614-0243da2fd771", "retired": false, "map_type": "SAME-AS", "source": "sihsalus", "owner": "PeruHCE", "owner_type": "Organization", "from_concept_code": "2723", "from_concept_name": null, "from_concept_url": "/orgs/PeruHCE/sources/sihsalus/concepts/2723/", "to_concept_code": "DemoQueue-Status-FinishedService", "to_concept_name": null, "to_concept_url": "/orgs/openmrs/sources/DemoQueueConcepts/concepts/DemoQueue-Status-FinishedService/", "from_source_owner": "PeruHCE", "from_source_owner_type": "Organization", "from_source_url": null, "from_source_name": "sihsalus", "to_source_owner": "openmrs", "to_source_owner_type": "Organization", "to_source_url": null, "to_source_name": "DemoQueueConcepts", "url": "/orgs/PeruHCE/sources/sihsalus/mappings/fcb4bb0c-729c-4a47-8961-49192430c69f/", "version": "10236808", "id": "fcb4bb0c-729c-4a47-8961-49192430c69f", "versioned_object_id": 10236807, "versioned_object_url": "/orgs/PeruHCE/sources/sihsalus/mappings/fcb4bb0c-729c-4a47-8961-49192430c69f/", "is_latest_version": true, "update_comment": null, "version_url": "/orgs/PeruHCE/sources/sihsalus/mappings/fcb4bb0c-729c-4a47-8961-49192430c69f/10236808/", "uuid": "10236808", "version_created_on": "2025-02-20T17:01:49.350332Z", "from_source_version": null, "to_source_version": null, "from_concept_name_resolved": "Servicio Finalizado", "to_concept_name_resolved": "Finished Service", "type": "Mapping", "sort_weight": null, "version_updated_on": "2025-02-20T17:01:49.358930Z", "version_updated_by": "duvet05", "latest_source_version": "2025-02-20-01", "created_on": "2025-02-20T17:01:49.350332Z", "updated_on": "2025-02-20T17:01:49.358930Z", "created_by": "duvet05", "updated_by": "duvet05", "public_can_view": true}, {"extras": {}, "checksums": {"smart": "91e1f68167449a3c4e9d0166b53e0ce9", "standard": "d1b1b046c02993d8d8dd6c1bd99e86dc"}, "external_id": "542b9bc8-bbfd-4c2f-b07b-b6df997acfaf", "retired": false, "map_type": "SAME-AS", "source": "sihsalus", "owner": "PeruHCE", "owner_type": "Organization", "from_concept_code": "2722", "from_concept_name": null, "from_concept_url": "/orgs/PeruHCE/sources/sihsalus/concepts/2722/", "to_concept_code": "DemoQueue-Status-InService", "to_concept_name": null, "to_concept_url": "/orgs/openmrs/sources/DemoQueueConcepts/concepts/DemoQueue-Status-InService/", "from_source_owner": "PeruHCE", "from_source_owner_type": "Organization", "from_source_url": null, "from_source_name": "sihsalus", "to_source_owner": "openmrs", "to_source_owner_type": "Organization", "to_source_url": null, "to_source_name": "DemoQueueConcepts", "url": "/orgs/PeruHCE/sources/sihsalus/mappings/5a9e5cf8-0c35-47a2-a03f-9d41a9c10f3d/", "version": "10236806", "id": "5a9e5cf8-0c35-47a2-a03f-9d41a9c10f3d", "versioned_object_id": 10236805, "versioned_object_url": "/orgs/PeruHCE/sources/sihsalus/mappings/5a9e5cf8-0c35-47a2-a03f-9d41a9c10f3d/", "is_latest_version": true, "update_comment": null, "version_url": "/orgs/PeruHCE/sources/sihsalus/mappings/5a9e5cf8-0c35-47a2-a03f-9d41a9c10f3d/10236806/", "uuid": "10236806", "version_created_on": "2025-02-20T17:01:48.926305Z", "from_source_version": null, "to_source_version": null, "from_concept_name_resolved": "Atendi\u00e9ndose", "to_concept_name_resolved": "In Service", "type": "Mapping", "sort_weight": null, "version_updated_on": "2025-02-20T17:01:48.938514Z", "version_updated_by": "duvet05", "latest_source_version": "2025-02-20-01", "created_on": "2025-02-20T17:01:48.926305Z", "updated_on": "2025-02-20T17:01:48.938514Z", "created_by": "duvet05", "updated_by": "duvet05", "public_can_view": true}, {"extras": {}, "checksums": {"smart": "f324c9e07cad45c64a6630c9b9927922", "standard": "fe794c654506ab724b5048e179922ff7"}, "external_id": "6c38f96e-de15-4849-94a0-b1319a68da36", "retired": false, "map_type": "SAME-AS", "source": "sihsalus", "owner": "PeruHCE", "owner_type": "Organization", "from_concept_code": "2721", "from_concept_name": null, "from_concept_url": "/orgs/PeruHCE/sources/sihsalus/concepts/2721/", "to_concept_code": "DemoQueue-Status-Waiting", "to_concept_name": null, "to_concept_url": "/orgs/openmrs/sources/DemoQueueConcepts/concepts/DemoQueue-Status-Waiting/", "from_source_owner": "PeruHCE", "from_source_owner_type": "Organization", "from_source_url": null, "from_source_name": "sihsalus", "to_source_owner": "openmrs", "to_source_owner_type": "Organization", "to_source_url": null, "to_source_name": "DemoQueueConcepts", "url": "/orgs/PeruHCE/sources/sihsalus/mappings/bf08f487-9907-4987-87d5-1c95db37478d/", "version": "10236804", "id": "bf08f487-9907-4987-87d5-1c95db37478d", "versioned_object_id": 10236803, "versioned_object_url": "/orgs/PeruHCE/sources/sihsalus/mappings/bf08f487-9907-4987-87d5-1c95db37478d/", "is_latest_version": true, "update_comment": null, "version_url": "/orgs/PeruHCE/sources/sihsalus/mappings/bf08f487-9907-4987-87d5-1c95db37478d/10236804/", "uuid": "10236804", "version_created_on": "2025-02-20T17:01:48.494515Z", "from_source_version": null, "to_source_version": null, "from_concept_name_resolved": "Esperando", "to_concept_name_resolved": "Waiting", "type": "Mapping", "sort_weight": null, "version_updated_on": "2025-02-20T17:01:48.502577Z", "version_updated_by": "duvet05", "latest_source_version": "2025-02-20-01", "created_on": "2025-02-20T17:01:48.494515Z", "updated_on": "2025-02-20T17:01:48.502577Z", "created_by": "duvet05", "updated_by": "duvet05", "public_can_view": true}, {"extras": {}, "checksums": {"smart": "7155c776ed87f04c0b3771f5287abda3", "standard": "bc8a68e0d11f5687a01e9dfbde1b424a"}, "external_id": "48833151-6401-4a51-85e5-cc87dd46ba96", "retired": false, "map_type": "SAME-AS", "source": "sihsalus", "owner": "PeruHCE", "owner_type": "Organization", "from_concept_code": "2720", "from_concept_name": null, "from_concept_url": "/orgs/PeruHCE/sources/sihsalus/concepts/2720/", "to_concept_code": "DemoQueue-Status", "to_concept_name": null, "to_concept_url": "/orgs/openmrs/sources/DemoQueueConcepts/concepts/DemoQueue-Status/", "from_source_owner": "PeruHCE", "from_source_owner_type": "Organization", "from_source_url": null, "from_source_name": "sihsalus", "to_source_owner": "openmrs", "to_source_owner_type": "Organization", "to_source_url": null, "to_source_name": "DemoQueueConcepts", "url": "/orgs/PeruHCE/sources/sihsalus/mappings/1243de04-5424-45d2-b7ed-87503412bba0/", "version": "10236802", "id": "1243de04-5424-45d2-b7ed-87503412bba0", "versioned_object_id": 10236801, "versioned_object_url": "/orgs/PeruHCE/sources/sihsalus/mappings/1243de04-5424-45d2-b7ed-87503412bba0/", "is_latest_version": true, "update_comment": null, "version_url": "/orgs/PeruHCE/sources/sihsalus/mappings/1243de04-5424-45d2-b7ed-87503412bba0/10236802/", "uuid": "10236802", "version_created_on": "2025-02-20T17:01:47.894555Z", "from_source_version": null, "to_source_version": null, "from_concept_name_resolved": "Estado", "to_concept_name_resolved": "Status", "type": "Mapping", "sort_weight": null, "version_updated_on": "2025-02-20T17:01:47.906639Z", "version_updated_by": "duvet05", "latest_source_version": "2025-02-20-01", "created_on": "2025-02-20T17:01:47.894555Z", "updated_on": "2025-02-20T17:01:47.906639Z", "created_by": "duvet05", "updated_by": "duvet05", "public_can_view": true}, {"extras": {}, "checksums": {"smart": "d9b1e9b35a885082d2d0b271e88f08d4", "standard": "75becb4a4f8a45bd2aa3e84da5c78a96"}, "external_id": "725af2cf-1f3c-41dc-be08-9d82461e85f0", "retired": false, "map_type": "SAME-AS", "source": "sihsalus", "owner": "PeruHCE", "owner_type": "Organization", "from_concept_code": "2719", "from_concept_name": null, "from_concept_url": "/orgs/PeruHCE/sources/sihsalus/concepts/2719/", "to_concept_code": "DemoQueue-Service-ClinicalConsultation", "to_concept_name": null, "to_concept_url": "/orgs/openmrs/sources/DemoQueueConcepts/concepts/DemoQueue-Service-ClinicalConsultation/", "from_source_owner": "PeruHCE", "from_source_owner_type": "Organization", "from_source_url": null, "from_source_name": "sihsalus", "to_source_owner": "openmrs", "to_source_owner_type": "Organization", "to_source_url": null, "to_source_name": "DemoQueueConcepts", "url": "/orgs/PeruHCE/sources/sihsalus/mappings/9942ed0e-1f79-4a55-b0d4-1a2f577210bb/", "version": "10236800", "id": "9942ed0e-1f79-4a55-b0d4-1a2f577210bb", "versioned_object_id": 10236799, "versioned_object_url": "/orgs/PeruHCE/sources/sihsalus/mappings/9942ed0e-1f79-4a55-b0d4-1a2f577210bb/", "is_latest_version": true, "update_comment": null, "version_url": "/orgs/PeruHCE/sources/sihsalus/mappings/9942ed0e-1f79-4a55-b0d4-1a2f577210bb/10236800/", "uuid": "10236800", "version_created_on": "2025-02-20T17:01:46.676330Z", "from_source_version": null, "to_source_version": null, "from_concept_name_resolved": "Consulta Ambulatoria", "to_concept_name_resolved": "Clinical Consult", "type": "Mapping", "sort_weight": null, "version_updated_on": "2025-02-20T17:01:46.683019Z", "version_updated_by": "duvet05", "latest_source_version": "2025-02-20-01", "created_on": "2025-02-20T17:01:46.676330Z", "updated_on": "2025-02-20T17:01:46.683019Z", "created_by": "duvet05", "updated_by": "duvet05", "public_can_view": true}], "export_time": "7.91secs"}