<?xml version="1.0" encoding="UTF-8"?>
<list id="1">
  <org.openmrs.ConceptSource id="2" uuid="edd52713-8887-47b7-ba9e-6e1148824ca4">
    <name>org.openmrs.module.emrapi</name>
    <description>Source used to tag concepts used in the EMR API module</description>
    <creator/>
    <dateCreated id="3">2021-05-17 11:03:07</dateCreated>
    <retired>false</retired>
    <conceptSourceId>2</conceptSourceId>
  </org.openmrs.ConceptSource>
  <org.openmrs.module.metadatamapping.MetadataSource id="4" uuid="33bed25b-2ff7-49ec-ba52-bd066199d8b8">
    <name>org.openmrs.module.emrapi</name>
    <description>Source used to tag metadata used in the EMR API module</description>
    <creator/>
    <dateCreated id="5">2021-05-17 11:02:58</dateCreated>
    <retired>false</retired>
    <metadataSourceId>1</metadataSourceId>
  </org.openmrs.module.metadatamapping.MetadataSource>
</list>
