{"type": "Collection Version", "uuid": "44766", "id": "1.0.1", "short_code": "Immunizations", "name": "SIH SALUS Immunizations", "full_name": "SIH SALUS Immunizations", "description": "TEST", "collection_type": "Dictionary", "custom_validation_schema": "OpenMRS", "public_access": "View", "default_locale": "es", "supported_locales": ["es"], "website": null, "url": "/orgs/PeruHCE/collections/Immunizations/", "owner": "PeruHCE", "owner_type": "Organization", "owner_url": "/orgs/PeruHCE/", "version_url": "/orgs/PeruHCE/collections/Immunizations/1.0.1/", "previous_version_url": "/orgs/PeruHCE/collections/Immunizations/1.0.0/", "created_on": "2025-05-07T04:50:11.845387Z", "updated_on": "2025-05-07T04:50:13.529418Z", "created_by": "duvet05", "updated_by": "duvet05", "extras": {}, "external_id": null, "version": "1.0.1", "concepts_url": "/orgs/PeruHCE/collections/Immunizations/1.0.1/concepts/", "mappings_url": "/orgs/PeruHCE/collections/Immunizations/1.0.1/mappings/", "expansions_url": "/orgs/PeruHCE/collections/Immunizations/1.0.1/expansions/", "is_processing": true, "released": false, "retired": false, "canonical_url": null, "identifier": {}, "publisher": null, "contact": {}, "jurisdiction": {}, "purpose": null, "copyright": null, "meta": null, "immutable": null, "revision_date": null, "text": null, "experimental": null, "locked_date": null, "autoexpand": true, "expansion_url": "/orgs/PeruHCE/collections/Immunizations/1.0.1/expansions/autoexpand-1.0.1/", "checksums": {"smart": "be13fcd29fc16e36d37f230152d1f907", "standard": "483cdbdb616602e571b9b4d4ad4c6d45"}, "collection": {"id": "Immunizations", "url": "/orgs/PeruHCE/collections/Immunizations/", "meta": null, "name": "SIH SALUS Immunizations", "text": null, "type": "Collection", "uuid": "44581", "owner": "PeruHCE", "extras": {}, "contact": {}, "purpose": null, "version": "HEAD", "website": null, "logo_url": null, "checksums": {"smart": "be13fcd29fc16e36d37f230152d1f907", "standard": "483cdbdb616602e571b9b4d4ad4c6d45"}, "copyright": null, "full_name": "SIH SALUS Immunizations", "immutable": null, "owner_url": "/orgs/PeruHCE/", "publisher": null, "created_by": "duvet05", "created_on": "2025-03-17T20:59:10.522685Z", "identifier": {}, "owner_type": "Organization", "short_code": "Immunizations", "updated_by": "duvet05", "updated_on": "2025-05-07T04:20:55.198611Z", "description": "SIH SALUS Immunizations", "external_id": null, "locked_date": null, "concepts_url": "/orgs/PeruHCE/collections/Immunizations/concepts/", "experimental": null, "jurisdiction": {}, "mappings_url": "/orgs/PeruHCE/collections/Immunizations/mappings/", "versions_url": "/orgs/PeruHCE/collections/Immunizations/versions/", "canonical_url": null, "expansion_url": "/orgs/PeruHCE/collections/Immunizations/HEAD/expansions/autoexpand-HEAD/", "public_access": "View", "revision_date": null, "default_locale": "es", "expansions_url": "/orgs/PeruHCE/collections/Immunizations/expansions/", "autoexpand_head": true, "collection_type": "Dictionary", "preferred_source": "", "supported_locales": ["es"], "custom_validation_schema": "OpenMRS", "custom_resources_linked_source": ""}, "concepts": [{"type": "Concept", "uuid": "7834475", "id": "4466", "external_id": "a8807661-5f6a-491b-8781-509660b5c2aa", "concept_class": "ConvSet", "datatype": "Coded", "display_name": "Vacunas", "display_locale": "es", "names": [{"uuid": "24715436", "name": "Vacunas", "external_id": "ff7f788c-ae02-42d1-ace5-5f80347e2b8c", "type": "ConceptName", "locale": "es", "locale_preferred": true, "name_type": "Fully-Specified", "checksum": "203b837306d035c94dfab8fdc2ea0aa4"}], "descriptions": [{"uuid": "2533753", "description": "Captures basic information about immunizations administered during a visit.", "external_id": "41294bac-a9ea-4a44-a897-c3df4e369cb8", "type": "ConceptDescription", "locale": "es", "locale_preferred": false, "description_type": "Definition", "checksum": "6541fcae2a723a157cdd755d89dbc44d"}], "extras": {}, "retired": false, "source": "sihsalus", "source_url": "/orgs/PeruHCE/sources/sihsalus/", "owner": "PeruHCE", "owner_name": "PeruHCE", "owner_url": "/orgs/PeruHCE/", "version": "7834475", "created_on": "2025-05-07T04:14:31.950771Z", "updated_on": "2025-05-07T04:14:31.990012Z", "version_created_on": "2025-05-07T04:14:31.950771Z", "version_created_by": "duvet05", "update_comment": null, "is_latest_version": true, "locale": null, "url": "/orgs/PeruHCE/sources/sihsalus/concepts/4466/", "owner_type": "Organization", "version_url": "/orgs/PeruHCE/sources/sihsalus/concepts/4466/7834475/", "previous_version_url": null, "parent_concept_urls": [], "child_concept_urls": [], "version_updated_on": "2025-05-07T04:14:31.990012Z", "version_updated_by": "duvet05", "checksums": {"smart": "a1e9fdee0159dd9b3678fd0b4dc8f0db", "standard": "46a64a2300d37a6777e780f17fdd5b7e"}}], "references": [{"expression": "/orgs/PeruHCE/sources/sihsalus/mappings/46eef087-49b4-477c-9391-e3872e63a2f6/", "reference_type": "mappings", "id": 10773916, "last_resolved_at": "2025-05-07T04:50:13.109724Z", "uri": "/orgs/PeruHCE/collections/Immunizations/1.0.1/references/10773916/", "uuid": "10773916", "include": true, "type": "CollectionReference", "code": "46eef087-49b4-477c-9391-e3872e63a2f6", "resource_version": null, "namespace": null, "system": "/orgs/PeruHCE/sources/sihsalus/", "version": null, "valueset": null, "cascade": null, "filter": null, "display": null, "created_at": "2025-05-07T04:50:13.111825Z", "updated_at": "2025-05-07T04:50:13.111839Z", "concepts": 0, "mappings": 1, "translation": "Include latest mapping \"46eef087-49b4-477c-9391-e3872e63a2f6\" from PeruHCE/sihsalus", "transform": null}, {"expression": "/orgs/PeruHCE/sources/sihsalus/mappings/03edce48-1225-4332-a9f3-aa31d2b02e91/", "reference_type": "mappings", "id": 10773915, "last_resolved_at": "2025-05-07T04:50:13.063665Z", "uri": "/orgs/PeruHCE/collections/Immunizations/1.0.1/references/10773915/", "uuid": "10773915", "include": true, "type": "CollectionReference", "code": "03edce48-1225-4332-a9f3-aa31d2b02e91", "resource_version": null, "namespace": null, "system": "/orgs/PeruHCE/sources/sihsalus/", "version": null, "valueset": null, "cascade": null, "filter": null, "display": null, "created_at": "2025-05-07T04:50:13.065532Z", "updated_at": "2025-05-07T04:50:13.065547Z", "concepts": 0, "mappings": 1, "translation": "Include latest mapping \"03edce48-1225-4332-a9f3-aa31d2b02e91\" from PeruHCE/sihsalus", "transform": null}, {"expression": "/orgs/PeruHCE/sources/sihsalus/mappings/df0829d1-87d6-40ae-a9ba-312a5bb7a351/", "reference_type": "mappings", "id": 10773914, "last_resolved_at": "2025-05-07T04:50:13.010975Z", "uri": "/orgs/PeruHCE/collections/Immunizations/1.0.1/references/10773914/", "uuid": "10773914", "include": true, "type": "CollectionReference", "code": "df0829d1-87d6-40ae-a9ba-312a5bb7a351", "resource_version": null, "namespace": null, "system": "/orgs/PeruHCE/sources/sihsalus/", "version": null, "valueset": null, "cascade": null, "filter": null, "display": null, "created_at": "2025-05-07T04:50:13.012798Z", "updated_at": "2025-05-07T04:50:13.012812Z", "concepts": 0, "mappings": 1, "translation": "Include latest mapping \"df0829d1-87d6-40ae-a9ba-312a5bb7a351\" from PeruHCE/sihsalus", "transform": null}, {"expression": "/orgs/PeruHCE/sources/sihsalus/mappings/eb12a53f-8d8f-4e7f-81c5-c27d9231c9fc/", "reference_type": "mappings", "id": 10773913, "last_resolved_at": "2025-05-07T04:50:12.977475Z", "uri": "/orgs/PeruHCE/collections/Immunizations/1.0.1/references/10773913/", "uuid": "10773913", "include": true, "type": "CollectionReference", "code": "eb12a53f-8d8f-4e7f-81c5-c27d9231c9fc", "resource_version": null, "namespace": null, "system": "/orgs/PeruHCE/sources/sihsalus/", "version": null, "valueset": null, "cascade": null, "filter": null, "display": null, "created_at": "2025-05-07T04:50:12.979250Z", "updated_at": "2025-05-07T04:50:12.979265Z", "concepts": 0, "mappings": 1, "translation": "Include latest mapping \"eb12a53f-8d8f-4e7f-81c5-c27d9231c9fc\" from PeruHCE/sihsalus", "transform": null}, {"expression": "/orgs/PeruHCE/sources/sihsalus/mappings/4dfd9f33-cbe8-4d7d-8630-d41a7dc5cb06/", "reference_type": "mappings", "id": 10773912, "last_resolved_at": "2025-05-07T04:50:12.953145Z", "uri": "/orgs/PeruHCE/collections/Immunizations/1.0.1/references/10773912/", "uuid": "10773912", "include": true, "type": "CollectionReference", "code": "4dfd9f33-cbe8-4d7d-8630-d41a7dc5cb06", "resource_version": null, "namespace": null, "system": "/orgs/PeruHCE/sources/sihsalus/", "version": null, "valueset": null, "cascade": null, "filter": null, "display": null, "created_at": "2025-05-07T04:50:12.955107Z", "updated_at": "2025-05-07T04:50:12.955121Z", "concepts": 0, "mappings": 1, "translation": "Include latest mapping \"4dfd9f33-cbe8-4d7d-8630-d41a7dc5cb06\" from PeruHCE/sihsalus", "transform": null}, {"expression": "/orgs/PeruHCE/sources/sihsalus/mappings/3e2d7f85-c2f4-46fa-96d7-3df7d362190d/", "reference_type": "mappings", "id": 10773911, "last_resolved_at": "2025-05-07T04:50:12.847881Z", "uri": "/orgs/PeruHCE/collections/Immunizations/1.0.1/references/10773911/", "uuid": "10773911", "include": true, "type": "CollectionReference", "code": "3e2d7f85-c2f4-46fa-96d7-3df7d362190d", "resource_version": null, "namespace": null, "system": "/orgs/PeruHCE/sources/sihsalus/", "version": null, "valueset": null, "cascade": null, "filter": null, "display": null, "created_at": "2025-05-07T04:50:12.849630Z", "updated_at": "2025-05-07T04:50:12.849644Z", "concepts": 0, "mappings": 1, "translation": "Include latest mapping \"3e2d7f85-c2f4-46fa-96d7-3df7d362190d\" from PeruHCE/sihsalus", "transform": null}, {"expression": "/orgs/PeruHCE/sources/sihsalus/concepts/4466/", "reference_type": "concepts", "id": 10773910, "last_resolved_at": "2025-05-07T04:50:12.593041Z", "uri": "/orgs/PeruHCE/collections/Immunizations/1.0.1/references/10773910/", "uuid": "10773910", "include": true, "type": "CollectionReference", "code": "4466", "resource_version": null, "namespace": null, "system": "/orgs/PeruHCE/sources/sihsalus/", "version": null, "valueset": null, "cascade": null, "filter": null, "display": null, "created_at": "2025-05-07T04:50:12.594697Z", "updated_at": "2025-05-07T04:50:12.594711Z", "concepts": 1, "mappings": 0, "translation": "Include latest concept \"4466\" from PeruHCE/sihsalus", "transform": null}], "mappings": [{"extras": {}, "checksums": {"smart": "78e9c3db9cb21261cb1c476520d0531d", "standard": "dcda1d641c5c92c5b3d1bdee9433c26a"}, "external_id": "dfea76d8-9b52-4c36-a1de-bf2ed0dc60fe", "retired": false, "map_type": "Q-AND-A", "source": "sihsalus", "owner": "PeruHCE", "owner_type": "Organization", "from_concept_code": "4466", "from_concept_name": null, "from_concept_url": "/orgs/PeruHCE/sources/sihsalus/concepts/4466/", "to_concept_code": "90676", "to_concept_name": null, "to_concept_url": "/orgs/PeruHCE/sources/CPMS/concepts/90676/", "from_source_owner": "PeruHCE", "from_source_owner_type": "Organization", "from_source_url": "/orgs/PeruHCE/sources/sihsalus/", "from_source_name": "sihsalus", "to_source_owner": "PeruHCE", "to_source_owner_type": "Organization", "to_source_url": "/orgs/PeruHCE/sources/CPMS/", "to_source_name": "CPMS", "url": "/orgs/PeruHCE/sources/sihsalus/mappings/46eef087-49b4-477c-9391-e3872e63a2f6/", "version": "11166752", "id": "46eef087-49b4-477c-9391-e3872e63a2f6", "versioned_object_id": 11166751, "versioned_object_url": "/orgs/PeruHCE/sources/sihsalus/mappings/46eef087-49b4-477c-9391-e3872e63a2f6/", "is_latest_version": true, "update_comment": null, "version_url": "/orgs/PeruHCE/sources/sihsalus/mappings/46eef087-49b4-477c-9391-e3872e63a2f6/11166752/", "uuid": "11166752", "version_created_on": "2025-05-07T04:18:23.239548Z", "from_source_version": null, "to_source_version": null, "from_concept_name_resolved": "Vacunas", "to_concept_name_resolved": "VACUNA CONTRA LA RABIA, PARA USO INTRADERMICO", "type": "Mapping", "sort_weight": null, "version_updated_on": "2025-05-07T04:18:23.246924Z", "version_updated_by": "duvet05", "latest_source_version": "2025-05-06-01", "created_on": "2025-05-07T04:18:23.239548Z", "updated_on": "2025-05-07T04:18:23.246924Z", "created_by": "duvet05", "updated_by": "duvet05", "public_can_view": true}, {"extras": {}, "checksums": {"smart": "d18b2023516b036ad0a4adf058e66c70", "standard": "254631020b83ee0feec6fcaa2c93dd8f"}, "external_id": "7bafcb27-4744-4f43-8fd8-5dbfdde210c9", "retired": false, "map_type": "Q-AND-A", "source": "sihsalus", "owner": "PeruHCE", "owner_type": "Organization", "from_concept_code": "4466", "from_concept_name": null, "from_concept_url": "/orgs/PeruHCE/sources/sihsalus/concepts/4466/", "to_concept_code": "90690", "to_concept_name": null, "to_concept_url": "/orgs/PeruHCE/sources/CPMS/concepts/90690/", "from_source_owner": "PeruHCE", "from_source_owner_type": "Organization", "from_source_url": "/orgs/PeruHCE/sources/sihsalus/", "from_source_name": "sihsalus", "to_source_owner": "PeruHCE", "to_source_owner_type": "Organization", "to_source_url": "/orgs/PeruHCE/sources/CPMS/", "to_source_name": "CPMS", "url": "/orgs/PeruHCE/sources/sihsalus/mappings/df0829d1-87d6-40ae-a9ba-312a5bb7a351/", "version": "11166750", "id": "df0829d1-87d6-40ae-a9ba-312a5bb7a351", "versioned_object_id": 11166749, "versioned_object_url": "/orgs/PeruHCE/sources/sihsalus/mappings/df0829d1-87d6-40ae-a9ba-312a5bb7a351/", "is_latest_version": true, "update_comment": null, "version_url": "/orgs/PeruHCE/sources/sihsalus/mappings/df0829d1-87d6-40ae-a9ba-312a5bb7a351/11166750/", "uuid": "11166750", "version_created_on": "2025-05-07T04:17:57.971531Z", "from_source_version": null, "to_source_version": null, "from_concept_name_resolved": "Vacunas", "to_concept_name_resolved": "VACUNA VIVA CONTRA LA FIEBRE TIFOIDEA, ORAL", "type": "Mapping", "sort_weight": null, "version_updated_on": "2025-05-07T04:17:57.978081Z", "version_updated_by": "duvet05", "latest_source_version": "2025-05-06-01", "created_on": "2025-05-07T04:17:57.971531Z", "updated_on": "2025-05-07T04:17:57.978081Z", "created_by": "duvet05", "updated_by": "duvet05", "public_can_view": true}, {"extras": {}, "checksums": {"smart": "eb220e89c82843b97322ece4247b09db", "standard": "5767fb16647e873867a8ccac97f5c621"}, "external_id": "ba930d98-e85f-4554-9767-762647a112ee", "retired": false, "map_type": "Q-AND-A", "source": "sihsalus", "owner": "PeruHCE", "owner_type": "Organization", "from_concept_code": "4466", "from_concept_name": null, "from_concept_url": "/orgs/PeruHCE/sources/sihsalus/concepts/4466/", "to_concept_code": "90725", "to_concept_name": null, "to_concept_url": "/orgs/PeruHCE/sources/CPMS/concepts/90725/", "from_source_owner": "PeruHCE", "from_source_owner_type": "Organization", "from_source_url": "/orgs/PeruHCE/sources/sihsalus/", "from_source_name": "sihsalus", "to_source_owner": "PeruHCE", "to_source_owner_type": "Organization", "to_source_url": "/orgs/PeruHCE/sources/CPMS/", "to_source_name": "CPMS", "url": "/orgs/PeruHCE/sources/sihsalus/mappings/4dfd9f33-cbe8-4d7d-8630-d41a7dc5cb06/", "version": "11166748", "id": "4dfd9f33-cbe8-4d7d-8630-d41a7dc5cb06", "versioned_object_id": 11166747, "versioned_object_url": "/orgs/PeruHCE/sources/sihsalus/mappings/4dfd9f33-cbe8-4d7d-8630-d41a7dc5cb06/", "is_latest_version": true, "update_comment": null, "version_url": "/orgs/PeruHCE/sources/sihsalus/mappings/4dfd9f33-cbe8-4d7d-8630-d41a7dc5cb06/11166748/", "uuid": "11166748", "version_created_on": "2025-05-07T04:17:48.372938Z", "from_source_version": null, "to_source_version": null, "from_concept_name_resolved": "Vacunas", "to_concept_name_resolved": "VACUNA CONTRA COLERA, PARA USO INTRAMUSCULAR", "type": "Mapping", "sort_weight": null, "version_updated_on": "2025-05-07T04:17:48.391164Z", "version_updated_by": "duvet05", "latest_source_version": "2025-05-06-01", "created_on": "2025-05-07T04:17:48.372938Z", "updated_on": "2025-05-07T04:17:48.391164Z", "created_by": "duvet05", "updated_by": "duvet05", "public_can_view": true}, {"extras": {}, "checksums": {"smart": "ce35a39a28081bc1156a0c766e550388", "standard": "1d39646abc53f754d2acce7be02ff39d"}, "external_id": "eb216ddb-9317-48cf-9650-d50d5836ac4d", "retired": false, "map_type": "Q-AND-A", "source": "sihsalus", "owner": "PeruHCE", "owner_type": "Organization", "from_concept_code": "4466", "from_concept_name": null, "from_concept_url": "/orgs/PeruHCE/sources/sihsalus/concepts/4466/", "to_concept_code": "90727", "to_concept_name": null, "to_concept_url": "/orgs/PeruHCE/sources/CPMS/concepts/90727/", "from_source_owner": "PeruHCE", "from_source_owner_type": "Organization", "from_source_url": "/orgs/PeruHCE/sources/sihsalus/", "from_source_name": "sihsalus", "to_source_owner": "PeruHCE", "to_source_owner_type": "Organization", "to_source_url": "/orgs/PeruHCE/sources/CPMS/", "to_source_name": "CPMS", "url": "/orgs/PeruHCE/sources/sihsalus/mappings/03edce48-1225-4332-a9f3-aa31d2b02e91/", "version": "11166746", "id": "03edce48-1225-4332-a9f3-aa31d2b02e91", "versioned_object_id": 11166745, "versioned_object_url": "/orgs/PeruHCE/sources/sihsalus/mappings/03edce48-1225-4332-a9f3-aa31d2b02e91/", "is_latest_version": true, "update_comment": null, "version_url": "/orgs/PeruHCE/sources/sihsalus/mappings/03edce48-1225-4332-a9f3-aa31d2b02e91/11166746/", "uuid": "11166746", "version_created_on": "2025-05-07T04:17:33.001070Z", "from_source_version": null, "to_source_version": null, "from_concept_name_resolved": "Vacunas", "to_concept_name_resolved": "VACUNA CONTRA PESTE, PARA USO INTRAMUSCULAR", "type": "Mapping", "sort_weight": null, "version_updated_on": "2025-05-07T04:17:33.034730Z", "version_updated_by": "duvet05", "latest_source_version": "2025-05-06-01", "created_on": "2025-05-07T04:17:33.001070Z", "updated_on": "2025-05-07T04:17:33.034730Z", "created_by": "duvet05", "updated_by": "duvet05", "public_can_view": true}, {"extras": {}, "checksums": {"smart": "eb9c0def084d8d02e63e9488d7a0e6ac", "standard": "0571f24a04eb2445c2858f53e0e627f6"}, "external_id": "ffa184d3-c2a7-401d-8cce-3c91709eae28", "retired": false, "map_type": "Q-AND-A", "source": "sihsalus", "owner": "PeruHCE", "owner_type": "Organization", "from_concept_code": "4466", "from_concept_name": null, "from_concept_url": "/orgs/PeruHCE/sources/sihsalus/concepts/4466/", "to_concept_code": "90722", "to_concept_name": null, "to_concept_url": "/orgs/PeruHCE/sources/CPMS/concepts/90722/", "from_source_owner": "PeruHCE", "from_source_owner_type": "Organization", "from_source_url": "/orgs/PeruHCE/sources/sihsalus/", "from_source_name": "sihsalus", "to_source_owner": "PeruHCE", "to_source_owner_type": "Organization", "to_source_url": "/orgs/PeruHCE/sources/CPMS/", "to_source_name": "CPMS", "url": "/orgs/PeruHCE/sources/sihsalus/mappings/3e2d7f85-c2f4-46fa-96d7-3df7d362190d/", "version": "11166744", "id": "3e2d7f85-c2f4-46fa-96d7-3df7d362190d", "versioned_object_id": 11166743, "versioned_object_url": "/orgs/PeruHCE/sources/sihsalus/mappings/3e2d7f85-c2f4-46fa-96d7-3df7d362190d/", "is_latest_version": true, "update_comment": null, "version_url": "/orgs/PeruHCE/sources/sihsalus/mappings/3e2d7f85-c2f4-46fa-96d7-3df7d362190d/11166744/", "uuid": "11166744", "version_created_on": "2025-05-07T04:17:14.252008Z", "from_source_version": null, "to_source_version": null, "from_concept_name_resolved": "Vacunas", "to_concept_name_resolved": "VACUNA CONTRA LA DPT-HVB-HIB", "type": "Mapping", "sort_weight": null, "version_updated_on": "2025-05-07T04:17:14.272883Z", "version_updated_by": "duvet05", "latest_source_version": "2025-05-06-01", "created_on": "2025-05-07T04:17:14.252008Z", "updated_on": "2025-05-07T04:17:14.272883Z", "created_by": "duvet05", "updated_by": "duvet05", "public_can_view": true}, {"extras": {}, "checksums": {"smart": "3c705115183f2632fed618d85e0fe724", "standard": "552eeabbb734f923b8175c4f91c920c6"}, "external_id": "489bfad9-5ff6-4011-a481-cbdc8d096b3f", "retired": false, "map_type": "Q-AND-A", "source": "sihsalus", "owner": "PeruHCE", "owner_type": "Organization", "from_concept_code": "4466", "from_concept_name": null, "from_concept_url": "/orgs/PeruHCE/sources/sihsalus/concepts/4466/", "to_concept_code": "90711", "to_concept_name": null, "to_concept_url": "/orgs/PeruHCE/sources/CPMS/concepts/90711/", "from_source_owner": "PeruHCE", "from_source_owner_type": "Organization", "from_source_url": "/orgs/PeruHCE/sources/sihsalus/", "from_source_name": "sihsalus", "to_source_owner": "PeruHCE", "to_source_owner_type": "Organization", "to_source_url": "/orgs/PeruHCE/sources/CPMS/", "to_source_name": "CPMS", "url": "/orgs/PeruHCE/sources/sihsalus/mappings/eb12a53f-8d8f-4e7f-81c5-c27d9231c9fc/", "version": "11166740", "id": "eb12a53f-8d8f-4e7f-81c5-c27d9231c9fc", "versioned_object_id": 11166739, "versioned_object_url": "/orgs/PeruHCE/sources/sihsalus/mappings/eb12a53f-8d8f-4e7f-81c5-c27d9231c9fc/", "is_latest_version": true, "update_comment": null, "version_url": "/orgs/PeruHCE/sources/sihsalus/mappings/eb12a53f-8d8f-4e7f-81c5-c27d9231c9fc/11166740/", "uuid": "11166740", "version_created_on": "2025-05-07T04:15:42.866890Z", "from_source_version": null, "to_source_version": null, "from_concept_name_resolved": "Vacunas", "to_concept_name_resolved": "VACUNA CONTRA EL SARAMPION", "type": "Mapping", "sort_weight": null, "version_updated_on": "2025-05-07T04:15:42.893102Z", "version_updated_by": "duvet05", "latest_source_version": "2025-05-06-01", "created_on": "2025-05-07T04:15:42.866890Z", "updated_on": "2025-05-07T04:15:42.893102Z", "created_by": "duvet05", "updated_by": "duvet05", "public_can_view": true}], "export_time": "7.55secs"}