{"type": "Collection Version", "uuid": "44840", "id": "VERSION PRE-RELEASE", "short_code": "CIEL", "name": "SIH SALUS CIEL", "full_name": "SIH SALUS CIEL", "description": "VERSION PRE-RELEASE", "collection_type": "Dictionary", "custom_validation_schema": "OpenMRS", "public_access": "View", "default_locale": "es", "supported_locales": ["es"], "website": null, "url": "/orgs/PeruHCE/collections/CIEL/", "owner": "PeruHCE", "owner_type": "Organization", "owner_url": "/orgs/PeruHCE/", "version_url": "/orgs/PeruHCE/collections/CIEL/VERSION%20PRE-RELEASE/", "previous_version_url": "/orgs/PeruHCE/collections/CIEL/1.0.1/", "created_on": "2025-05-23T22:32:44.379896Z", "updated_on": "2025-05-23T22:34:31.459306Z", "created_by": "duvet05", "updated_by": "duvet05", "extras": {}, "external_id": null, "version": "VERSION PRE-RELEASE", "concepts_url": "/orgs/PeruHCE/collections/CIEL/VERSION%20PRE-RELEASE/concepts/", "mappings_url": "/orgs/PeruHCE/collections/CIEL/VERSION%20PRE-RELEASE/mappings/", "expansions_url": "/orgs/PeruHCE/collections/CIEL/VERSION%20PRE-RELEASE/expansions/", "is_processing": true, "released": true, "retired": false, "canonical_url": null, "identifier": {}, "publisher": null, "contact": {}, "jurisdiction": {}, "purpose": null, "copyright": null, "meta": null, "immutable": null, "revision_date": null, "text": null, "experimental": null, "locked_date": null, "autoexpand": true, "expansion_url": "/orgs/PeruHCE/collections/CIEL/VERSION%20PRE-RELEASE/expansions/PRE-RELEASE/", "checksums": {"smart": "38a9f40b06d1dcb9109e807a7e5bc4bf", "standard": "483cdbdb616602e571b9b4d4ad4c6d45"}, "collection": {"id": "CIEL", "url": "/orgs/PeruHCE/collections/CIEL/", "meta": null, "name": "SIH SALUS CIEL", "text": null, "type": "Collection", "uuid": "44535", "owner": "PeruHCE", "extras": {}, "contact": {}, "purpose": null, "version": "HEAD", "website": null, "logo_url": null, "checksums": {"smart": "be13fcd29fc16e36d37f230152d1f907", "standard": "483cdbdb616602e571b9b4d4ad4c6d45"}, "copyright": null, "full_name": "SIH SALUS CIEL", "immutable": null, "owner_url": "/orgs/PeruHCE/", "publisher": null, "created_by": "duvet05", "created_on": "2025-03-06T22:25:15.571961Z", "identifier": {}, "owner_type": "Organization", "short_code": "CIEL", "updated_by": "duvet05", "updated_on": "2025-03-19T18:00:36.427896Z", "description": "SIH SALUS CIEL", "external_id": null, "locked_date": null, "concepts_url": "/orgs/PeruHCE/collections/CIEL/concepts/", "experimental": null, "jurisdiction": {}, "mappings_url": "/orgs/PeruHCE/collections/CIEL/mappings/", "versions_url": "/orgs/PeruHCE/collections/CIEL/versions/", "canonical_url": null, "expansion_url": "/orgs/PeruHCE/collections/CIEL/HEAD/expansions/autoexpand-HEAD/", "public_access": "View", "revision_date": null, "default_locale": "es", "expansions_url": "/orgs/PeruHCE/collections/CIEL/expansions/", "autoexpand_head": true, "collection_type": "Dictionary", "preferred_source": "", "supported_locales": ["es"], "custom_validation_schema": "OpenMRS", "custom_resources_linked_source": ""}, "concepts": [], "references": [{"expression": "/orgs/CIEL/sources/CIEL/concepts/1115/", "reference_type": "concepts", "id": 10919652, "last_resolved_at": "2025-05-23T22:32:44.778451Z", "uri": "/orgs/PeruHCE/collections/CIEL/VERSION%20PRE-RELEASE/references/10919652/", "uuid": "10919652", "include": true, "type": "CollectionReference", "code": "1115", "resource_version": null, "namespace": null, "system": "/orgs/CIEL/sources/CIEL/", "version": null, "valueset": null, "cascade": "", "filter": null, "display": null, "created_at": "2025-05-23T22:32:44.780190Z", "updated_at": "2025-05-23T22:32:44.780205Z", "concepts": 1, "mappings": 0, "translation": "Include latest concept \"1115\" from CIEL/CIEL", "transform": null}, {"expression": "/orgs/CIEL/sources/CIEL/mappings/4408/", "reference_type": "mappings", "id": 10919651, "last_resolved_at": "2025-05-23T22:32:44.757732Z", "uri": "/orgs/PeruHCE/collections/CIEL/VERSION%20PRE-RELEASE/references/10919651/", "uuid": "10919651", "include": false, "type": "CollectionReference", "code": "4408", "resource_version": null, "namespace": null, "system": "/orgs/CIEL/sources/CIEL/", "version": null, "valueset": null, "cascade": null, "filter": null, "display": null, "created_at": "2025-05-23T22:32:44.759342Z", "updated_at": "2025-05-23T22:32:44.759357Z", "concepts": 0, "mappings": 1, "translation": "Exclude latest mapping \"4408\" from CIEL/CIEL", "transform": null}, {"expression": "/orgs/CIEL/sources/CIEL/mappings/3792/", "reference_type": "mappings", "id": 10919650, "last_resolved_at": "2025-05-23T22:32:44.739070Z", "uri": "/orgs/PeruHCE/collections/CIEL/VERSION%20PRE-RELEASE/references/10919650/", "uuid": "10919650", "include": false, "type": "CollectionReference", "code": "3792", "resource_version": null, "namespace": null, "system": "/orgs/CIEL/sources/CIEL/", "version": null, "valueset": null, "cascade": null, "filter": null, "display": null, "created_at": "2025-05-23T22:32:44.741219Z", "updated_at": "2025-05-23T22:32:44.741231Z", "concepts": 0, "mappings": 1, "translation": "Exclude latest mapping \"3792\" from CIEL/CIEL", "transform": null}, {"expression": "/orgs/CIEL/sources/CIEL/mappings/3812/", "reference_type": "mappings", "id": 10919649, "last_resolved_at": "2025-05-23T22:32:44.717293Z", "uri": "/orgs/PeruHCE/collections/CIEL/VERSION%20PRE-RELEASE/references/10919649/", "uuid": "10919649", "include": false, "type": "CollectionReference", "code": "3812", "resource_version": null, "namespace": null, "system": "/orgs/CIEL/sources/CIEL/", "version": null, "valueset": null, "cascade": null, "filter": null, "display": null, "created_at": "2025-05-23T22:32:44.719172Z", "updated_at": "2025-05-23T22:32:44.719188Z", "concepts": 0, "mappings": 1, "translation": "Exclude latest mapping \"3812\" from CIEL/CIEL", "transform": null}, {"expression": "/orgs/CIEL/sources/CIEL/mappings/4453/", "reference_type": "mappings", "id": 10919648, "last_resolved_at": "2025-05-23T22:32:44.694207Z", "uri": "/orgs/PeruHCE/collections/CIEL/VERSION%20PRE-RELEASE/references/10919648/", "uuid": "10919648", "include": false, "type": "CollectionReference", "code": "4453", "resource_version": null, "namespace": null, "system": "/orgs/CIEL/sources/CIEL/", "version": null, "valueset": null, "cascade": null, "filter": null, "display": null, "created_at": "2025-05-23T22:32:44.696085Z", "updated_at": "2025-05-23T22:32:44.696097Z", "concepts": 0, "mappings": 1, "translation": "Exclude latest mapping \"4453\" from CIEL/CIEL", "transform": null}, {"expression": "/orgs/CIEL/sources/CIEL/mappings/1008215/", "reference_type": "mappings", "id": 10919647, "last_resolved_at": "2025-05-23T22:32:44.661468Z", "uri": "/orgs/PeruHCE/collections/CIEL/VERSION%20PRE-RELEASE/references/10919647/", "uuid": "10919647", "include": false, "type": "CollectionReference", "code": "1008215", "resource_version": null, "namespace": null, "system": "/orgs/CIEL/sources/CIEL/", "version": null, "valueset": null, "cascade": null, "filter": null, "display": null, "created_at": "2025-05-23T22:32:44.663007Z", "updated_at": "2025-05-23T22:32:44.663019Z", "concepts": 0, "mappings": 1, "translation": "Exclude latest mapping \"1008215\" from CIEL/CIEL", "transform": null}, {"expression": "/orgs/CIEL/sources/CIEL/concepts/1107/", "reference_type": "concepts", "id": 10919646, "last_resolved_at": "2025-05-23T22:32:44.642701Z", "uri": "/orgs/PeruHCE/collections/CIEL/VERSION%20PRE-RELEASE/references/10919646/", "uuid": "10919646", "include": true, "type": "CollectionReference", "code": "1107", "resource_version": null, "namespace": null, "system": "/orgs/CIEL/sources/CIEL/", "version": null, "valueset": null, "cascade": "", "filter": null, "display": null, "created_at": "2025-05-23T22:32:44.644315Z", "updated_at": "2025-05-23T22:32:44.644328Z", "concepts": 1, "mappings": 0, "translation": "Include latest concept \"1107\" from CIEL/CIEL", "transform": null}, {"expression": "/orgs/CIEL/sources/CIEL/concepts/1067/", "reference_type": "concepts", "id": 10919645, "last_resolved_at": "2025-05-23T22:32:44.619953Z", "uri": "/orgs/PeruHCE/collections/CIEL/VERSION%20PRE-RELEASE/references/10919645/", "uuid": "10919645", "include": true, "type": "CollectionReference", "code": "1067", "resource_version": null, "namespace": null, "system": "/orgs/CIEL/sources/CIEL/", "version": null, "valueset": null, "cascade": "", "filter": null, "display": null, "created_at": "2025-05-23T22:32:44.621536Z", "updated_at": "2025-05-23T22:32:44.621549Z", "concepts": 1, "mappings": 0, "translation": "Include latest concept \"1067\" from CIEL/CIEL", "transform": null}, {"expression": "/orgs/CIEL/sources/CIEL/concepts/5622/", "reference_type": "concepts", "id": 10919644, "last_resolved_at": "2025-05-23T22:32:44.598500Z", "uri": "/orgs/PeruHCE/collections/CIEL/VERSION%20PRE-RELEASE/references/10919644/", "uuid": "10919644", "include": true, "type": "CollectionReference", "code": "5622", "resource_version": null, "namespace": null, "system": "/orgs/CIEL/sources/CIEL/", "version": null, "valueset": null, "cascade": "", "filter": null, "display": null, "created_at": "2025-05-23T22:32:44.600405Z", "updated_at": "2025-05-23T22:32:44.600418Z", "concepts": 1, "mappings": 0, "translation": "Include latest concept \"5622\" from CIEL/CIEL", "transform": null}, {"expression": "/orgs/CIEL/sources/CIEL/concepts/1065/", "reference_type": "concepts", "id": 10919643, "last_resolved_at": "2025-05-23T22:32:44.574338Z", "uri": "/orgs/PeruHCE/collections/CIEL/VERSION%20PRE-RELEASE/references/10919643/", "uuid": "10919643", "include": true, "type": "CollectionReference", "code": "1065", "resource_version": null, "namespace": null, "system": "/orgs/CIEL/sources/CIEL/", "version": null, "valueset": null, "cascade": "", "filter": null, "display": null, "created_at": "2025-05-23T22:32:44.576082Z", "updated_at": "2025-05-23T22:32:44.576095Z", "concepts": 1, "mappings": 0, "translation": "Include latest concept \"1065\" from CIEL/CIEL", "transform": null}, {"expression": "/orgs/CIEL/sources/CIEL/concepts/1066/", "reference_type": "concepts", "id": 10919642, "last_resolved_at": "2025-05-23T22:32:44.536684Z", "uri": "/orgs/PeruHCE/collections/CIEL/VERSION%20PRE-RELEASE/references/10919642/", "uuid": "10919642", "include": true, "type": "CollectionReference", "code": "1066", "resource_version": null, "namespace": null, "system": "/orgs/CIEL/sources/CIEL/", "version": null, "valueset": null, "cascade": {"method": "sourcetoconcepts", "map_types": "Q-AND-A,CONCEPT-SET", "cascade_levels": "*", "return_map_types": "*"}, "filter": null, "display": null, "created_at": "2025-05-23T22:32:44.538333Z", "updated_at": "2025-05-23T22:32:44.538346Z", "concepts": 1, "mappings": 5, "translation": "Include latest concept \"1066\" from CIEL/CIEL PLUS its mappings and their target concepts", "transform": null}, {"expression": "/orgs/CIEL/sources/CIEL/concepts/703/", "reference_type": "concepts", "id": 10919641, "last_resolved_at": "2025-05-23T22:32:44.516407Z", "uri": "/orgs/PeruHCE/collections/CIEL/VERSION%20PRE-RELEASE/references/10919641/", "uuid": "10919641", "include": true, "type": "CollectionReference", "code": "703", "resource_version": null, "namespace": null, "system": "/orgs/CIEL/sources/CIEL/", "version": null, "valueset": null, "cascade": "", "filter": null, "display": null, "created_at": "2025-05-23T22:32:44.518290Z", "updated_at": "2025-05-23T22:32:44.518307Z", "concepts": 1, "mappings": 0, "translation": "Include latest concept \"703\" from CIEL/CIEL", "transform": null}, {"expression": "/orgs/CIEL/sources/CIEL/concepts/664/", "reference_type": "concepts", "id": 10919640, "last_resolved_at": "2025-05-23T22:32:44.468569Z", "uri": "/orgs/PeruHCE/collections/CIEL/VERSION%20PRE-RELEASE/references/10919640/", "uuid": "10919640", "include": true, "type": "CollectionReference", "code": "664", "resource_version": null, "namespace": null, "system": "/orgs/CIEL/sources/CIEL/", "version": null, "valueset": null, "cascade": "", "filter": null, "display": null, "created_at": "2025-05-23T22:32:44.470517Z", "updated_at": "2025-05-23T22:32:44.470532Z", "concepts": 1, "mappings": 0, "translation": "Include latest concept \"664\" from CIEL/CIEL", "transform": null}], "mappings": [], "export_time": "2.08secs"}