{"type": "Collection Version", "uuid": "25199", "id": "1", "short_code": "SOAPTemplate", "name": "SOAPTemplate", "full_name": "SOAP Template", "description": "Fixed SOAP concepts with new source and collection", "collection_type": "Dictionary", "custom_validation_schema": "OpenMRS", "public_access": "View", "default_locale": "en", "supported_locales": ["en"], "website": null, "url": "/orgs/openmrs/collections/SOAPTemplate/", "owner": "openmrs", "owner_type": "Organization", "owner_url": "/orgs/openmrs/", "version_url": "/orgs/openmrs/collections/SOAPTemplate/1/", "previous_version_url": "/orgs/openmrs/collections/SOAPTemplate/", "created_on": "2023-03-31T07:51:25.272336Z", "updated_on": "2023-03-31T07:51:25.568639Z", "created_by": "gpotma", "updated_by": "gpotma", "extras": {}, "external_id": null, "version": "1", "concepts_url": "/orgs/openmrs/collections/SOAPTemplate/1/concepts/", "mappings_url": "/orgs/openmrs/collections/SOAPTemplate/1/mappings/", "expansions_url": "/orgs/openmrs/collections/SOAPTemplate/1/expansions/", "is_processing": true, "released": true, "retired": false, "canonical_url": null, "identifier": {}, "publisher": null, "contact": {}, "jurisdiction": {}, "purpose": null, "copyright": null, "meta": null, "immutable": null, "revision_date": null, "text": null, "experimental": null, "locked_date": null, "autoexpand": true, "expansion_url": "/orgs/openmrs/collections/SOAPTemplate/1/expansions/autoexpand-1/", "collection": {"id": "SOAPTemplate", "url": "/orgs/openmrs/collections/SOAPTemplate/", "meta": null, "name": "SOAPTemplate", "text": null, "type": "Collection", "uuid": "25198", "owner": "openmrs", "extras": {}, "contact": {}, "purpose": null, "version": "HEAD", "website": null, "logo_url": null, "copyright": null, "full_name": "SOAP Template", "immutable": null, "owner_url": "/orgs/openmrs/", "publisher": null, "created_by": "gpotma", "created_on": "2023-03-31T07:47:45.964612Z", "identifier": {}, "owner_type": "Organization", "references": [], "short_code": "SOAPTemplate", "updated_by": "gpotma", "updated_on": "2023-03-31T07:47:54.157451Z", "description": null, "external_id": null, "locked_date": null, "concepts_url": "/orgs/openmrs/collections/SOAPTemplate/concepts/", "experimental": null, "jurisdiction": {}, "mappings_url": "/orgs/openmrs/collections/SOAPTemplate/mappings/", "versions_url": "/orgs/openmrs/collections/SOAPTemplate/versions/", "canonical_url": null, "expansion_url": "/orgs/openmrs/collections/SOAPTemplate/HEAD/expansions/autoexpand-HEAD/", "public_access": "View", "revision_date": null, "default_locale": "en", "expansions_url": "/orgs/openmrs/collections/SOAPTemplate/expansions/", "autoexpand_head": true, "collection_type": "Dictionary", "preferred_source": "", "supported_locales": ["en"], "custom_validation_schema": "OpenMRS", "custom_resources_linked_source": ""}, "concepts": [{"type": "Concept", "uuid": "3011052", "id": "2", "external_id": "aeec913c-9a36-4153-9a44-12bc255d7f60", "concept_class": "Question", "datatype": "Text", "display_name": "Objective Findings", "display_locale": "en", "names": [{"uuid": "5139721", "name": "Objective Findings", "external_id": "objectivefindings", "type": "ConceptName", "locale": "en", "locale_preferred": false, "name_type": "Fully-Specified"}], "descriptions": [], "extras": {}, "retired": false, "source": "SOAP", "source_url": "/orgs/openmrs/sources/SOAP/", "owner": "openmrs", "owner_name": "openmrs", "owner_url": "/orgs/openmrs/", "version": "3011052", "created_on": "2023-03-31T07:42:21.558467Z", "updated_on": "2023-03-31T07:42:21.564047Z", "version_created_on": "2023-03-31T07:42:21.558467Z", "version_created_by": "gpotma", "update_comment": "remove short name", "is_latest_version": true, "locale": null, "url": "/orgs/openmrs/sources/SOAP/concepts/2/", "owner_type": "Organization", "version_url": "/orgs/openmrs/sources/SOAP/concepts/2/3011052/", "previous_version_url": "/orgs/openmrs/sources/SOAP/concepts/2/3011050/", "parent_concept_urls": [], "child_concept_urls": []}, {"type": "Concept", "uuid": "3011051", "id": "1", "external_id": "81a60a0dbc0c478caa714d372ac533d5", "concept_class": "Question", "datatype": "Text", "display_name": "Subjective Findings", "display_locale": "en", "names": [{"uuid": "5139719", "name": "Subjective Findings", "external_id": "subjectivefindings", "type": "ConceptName", "locale": "en", "locale_preferred": false, "name_type": "Fully-Specified"}], "descriptions": [], "extras": {}, "retired": false, "source": "SOAP", "source_url": "/orgs/openmrs/sources/SOAP/", "owner": "openmrs", "owner_name": "openmrs", "owner_url": "/orgs/openmrs/", "version": "3011051", "created_on": "2023-03-31T07:42:06.624541Z", "updated_on": "2023-03-31T07:42:06.629789Z", "version_created_on": "2023-03-31T07:42:06.624541Z", "version_created_by": "gpotma", "update_comment": "remove short name", "is_latest_version": true, "locale": null, "url": "/orgs/openmrs/sources/SOAP/concepts/1/", "owner_type": "Organization", "version_url": "/orgs/openmrs/sources/SOAP/concepts/1/3011051/", "previous_version_url": "/orgs/openmrs/sources/SOAP/concepts/1/3011049/", "parent_concept_urls": [], "child_concept_urls": []}, {"type": "Concept", "uuid": "3011048", "id": "3", "external_id": "13f82aece2cd4e3bbb950140e6cbffce", "concept_class": "Question", "datatype": "Text", "display_name": "Assessment", "display_locale": "en", "names": [{"uuid": "5139709", "name": "Assessment", "external_id": "assessment", "type": "ConceptName", "locale": "en", "locale_preferred": true, "name_type": "Fully-Specified"}], "descriptions": [], "extras": {}, "retired": false, "source": "SOAP", "source_url": "/orgs/openmrs/sources/SOAP/", "owner": "openmrs", "owner_name": "openmrs", "owner_url": "/orgs/openmrs/", "version": "3011048", "created_on": "2023-03-31T07:38:10.172283Z", "updated_on": "2023-03-31T07:38:10.176997Z", "version_created_on": "2023-03-31T07:38:10.172283Z", "version_created_by": "gpotma", "update_comment": "added name id", "is_latest_version": true, "locale": null, "url": "/orgs/openmrs/sources/SOAP/concepts/3/", "owner_type": "Organization", "version_url": "/orgs/openmrs/sources/SOAP/concepts/3/3011048/", "previous_version_url": "/orgs/openmrs/sources/SOAP/concepts/3/3011047/", "parent_concept_urls": [], "child_concept_urls": []}, {"type": "Concept", "uuid": "3011046", "id": "4", "external_id": "2ad20b043cf54dd48e698e1c8e231c99", "concept_class": "Question", "datatype": "Text", "display_name": "Plan", "display_locale": "en", "names": [{"uuid": "5139705", "name": "Plan", "external_id": "plan", "type": "ConceptName", "locale": "en", "locale_preferred": true, "name_type": "Fully-Specified"}], "descriptions": [], "extras": {}, "retired": false, "source": "SOAP", "source_url": "/orgs/openmrs/sources/SOAP/", "owner": "openmrs", "owner_name": "openmrs", "owner_url": "/orgs/openmrs/", "version": "3011046", "created_on": "2023-03-31T07:34:02.719726Z", "updated_on": "2023-03-31T07:34:02.729940Z", "version_created_on": "2023-03-31T07:34:02.719726Z", "version_created_by": "gpotma", "update_comment": "remove hyphens, add Name ID", "is_latest_version": true, "locale": null, "url": "/orgs/openmrs/sources/SOAP/concepts/4/", "owner_type": "Organization", "version_url": "/orgs/openmrs/sources/SOAP/concepts/4/3011046/", "previous_version_url": "/orgs/openmrs/sources/SOAP/concepts/4/3011042/", "parent_concept_urls": [], "child_concept_urls": []}], "references": [{"expression": "/orgs/openmrs/sources/SOAP/concepts/4/3011046/", "reference_type": "concepts", "id": 2039618, "last_resolved_at": "2023-03-31T07:51:25.482407Z", "uri": "/orgs/openmrs/collections/SOAPTemplate/1/references/2039618/", "uuid": "2039618", "include": true, "type": "CollectionReference"}, {"expression": "/orgs/openmrs/sources/SOAP/concepts/3/3011048/", "reference_type": "concepts", "id": 2039617, "last_resolved_at": "2023-03-31T07:51:25.447861Z", "uri": "/orgs/openmrs/collections/SOAPTemplate/1/references/2039617/", "uuid": "2039617", "include": true, "type": "CollectionReference"}, {"expression": "/orgs/openmrs/sources/SOAP/concepts/1/3011051/", "reference_type": "concepts", "id": 2039616, "last_resolved_at": "2023-03-31T07:51:25.396943Z", "uri": "/orgs/openmrs/collections/SOAPTemplate/1/references/2039616/", "uuid": "2039616", "include": true, "type": "CollectionReference"}, {"expression": "/orgs/openmrs/sources/SOAP/concepts/2/3011052/", "reference_type": "concepts", "id": 2039615, "last_resolved_at": "2023-03-31T07:51:25.328608Z", "uri": "/orgs/openmrs/collections/SOAPTemplate/1/references/2039615/", "uuid": "2039615", "include": true, "type": "CollectionReference"}], "mappings": []}