{"type": "Collection Version", "uuid": "44537", "id": "1.0.1", "short_code": "Death", "name": "SIH SALUS Death", "full_name": "SIH SALUS Death", "description": "1.0.1", "collection_type": "Dictionary", "custom_validation_schema": "OpenMRS", "public_access": "View", "default_locale": "es", "supported_locales": ["es"], "website": null, "url": "/orgs/PeruHCE/collections/Death/", "owner": "PeruHCE", "owner_type": "Organization", "owner_url": "/orgs/PeruHCE/", "version_url": "/orgs/PeruHCE/collections/Death/1.0.1/", "previous_version_url": "/orgs/PeruHCE/collections/Death/1.0.0/", "created_on": "2025-03-06T23:10:36.895380Z", "updated_on": "2025-03-06T23:10:37.276056Z", "created_by": "duvet05", "updated_by": "duvet05", "extras": {}, "external_id": null, "version": "1.0.1", "concepts_url": "/orgs/PeruHCE/collections/Death/1.0.1/concepts/", "mappings_url": "/orgs/PeruHCE/collections/Death/1.0.1/mappings/", "expansions_url": "/orgs/PeruHCE/collections/Death/1.0.1/expansions/", "is_processing": true, "released": true, "retired": false, "canonical_url": null, "identifier": {}, "publisher": null, "contact": {}, "jurisdiction": {}, "purpose": null, "copyright": null, "meta": null, "immutable": null, "revision_date": null, "text": null, "experimental": null, "locked_date": null, "autoexpand": true, "expansion_url": "/orgs/PeruHCE/collections/Death/1.0.1/expansions/autoexpand-1.0.1/", "checksums": {"smart": "38a9f40b06d1dcb9109e807a7e5bc4bf", "standard": "483cdbdb616602e571b9b4d4ad4c6d45"}, "collection": {"id": "Death", "url": "/orgs/PeruHCE/collections/Death/", "meta": null, "name": "SIH SALUS Death", "text": null, "type": "Collection", "uuid": "44529", "owner": "PeruHCE", "extras": {}, "contact": {}, "purpose": null, "version": "HEAD", "website": null, "logo_url": null, "checksums": {"smart": "be13fcd29fc16e36d37f230152d1f907", "standard": "483cdbdb616602e571b9b4d4ad4c6d45"}, "copyright": null, "full_name": "SIH SALUS Death", "immutable": null, "owner_url": "/orgs/PeruHCE/", "publisher": null, "created_by": "duvet05", "created_on": "2025-03-05T06:03:17.506549Z", "identifier": {}, "owner_type": "Organization", "short_code": "Death", "updated_by": "duvet05", "updated_on": "2025-03-06T23:08:10.674721Z", "description": ".", "external_id": null, "locked_date": null, "concepts_url": "/orgs/PeruHCE/collections/Death/concepts/", "experimental": null, "jurisdiction": {}, "mappings_url": "/orgs/PeruHCE/collections/Death/mappings/", "versions_url": "/orgs/PeruHCE/collections/Death/versions/", "canonical_url": null, "expansion_url": "/orgs/PeruHCE/collections/Death/HEAD/expansions/autoexpand-HEAD/", "public_access": "View", "revision_date": null, "default_locale": "es", "expansions_url": "/orgs/PeruHCE/collections/Death/expansions/", "autoexpand_head": true, "collection_type": "Dictionary", "preferred_source": "", "supported_locales": ["es"], "custom_validation_schema": "OpenMRS", "custom_resources_linked_source": ""}, "concepts": [{"type": "Concept", "uuid": "7319298", "id": "3134", "external_id": "9272a14b-7260-4353-9e5b-5787b5dead9d", "concept_class": "Question", "datatype": "Coded", "display_name": "Causa de muerte", "display_locale": "es", "names": [{"uuid": "23326575", "name": "Cause of death", "external_id": "f0469bee-2551-41ae-be13-465e362a3c8c", "type": "ConceptName", "locale": "en", "locale_preferred": true, "name_type": "Fully-Specified", "checksum": "002ef0bbe47bde8dbe13a34f8bcd7862"}, {"uuid": "23326576", "name": "Causa de muerte", "external_id": "8c21bde7-afd7-422f-8a45-9d757f78de41", "type": "ConceptName", "locale": "es", "locale_preferred": true, "name_type": "Fully-Specified", "checksum": "01fb2fe9fe824d1094468badd9d7facc"}], "descriptions": [{"uuid": "2387180", "description": "Cause of death for system records.", "external_id": "87d2f8e4-402e-48b2-ba89-7f2baf09ce28", "type": "ConceptDescription", "locale": "en", "locale_preferred": true, "description_type": "Definition", "checksum": "5766541f5cbe1342485a7ef7e8d5871a"}], "extras": {}, "retired": false, "source": "sihsalus", "source_url": "/orgs/PeruHCE/sources/sihsalus/", "owner": "PeruHCE", "owner_name": "PeruHCE", "owner_url": "/orgs/PeruHCE/", "version": "7319298", "created_on": "2025-03-06T23:02:07.503530Z", "updated_on": "2025-03-06T23:02:07.518616Z", "version_created_on": "2025-03-06T23:02:07.503530Z", "version_created_by": "duvet05", "update_comment": "tropicalizado", "is_latest_version": true, "locale": null, "url": "/orgs/PeruHCE/sources/sihsalus/concepts/3134/", "owner_type": "Organization", "version_url": "/orgs/PeruHCE/sources/sihsalus/concepts/3134/7319298/", "previous_version_url": "/orgs/PeruHCE/sources/sihsalus/concepts/3134/7316194/", "parent_concept_urls": [], "child_concept_urls": [], "version_updated_on": "2025-03-06T23:02:07.518616Z", "version_updated_by": "duvet05", "checksums": {"smart": "b706aee5807e34ae3de9b5f2e7879ef6", "standard": "b858990e1b35fcf4dbf5f0dd41bee4dd"}}], "references": [{"expression": "/orgs/PeruHCE/sources/sihsalus/mappings/ea9e5a29-b1d9-41ce-8848-2050e4ce5c6d/", "reference_type": "mappings", "id": 9721410, "last_resolved_at": "2025-03-06T23:10:37.206671Z", "uri": "/orgs/PeruHCE/collections/Death/1.0.1/references/9721410/", "uuid": "9721410", "include": true, "type": "CollectionReference"}, {"expression": "/orgs/PeruHCE/sources/sihsalus/mappings/28714aca-a8bd-4e24-a106-4a1cbeedb607/", "reference_type": "mappings", "id": 9721409, "last_resolved_at": "2025-03-06T23:10:37.188956Z", "uri": "/orgs/PeruHCE/collections/Death/1.0.1/references/9721409/", "uuid": "9721409", "include": true, "type": "CollectionReference"}, {"expression": "/orgs/PeruHCE/sources/sihsalus/mappings/fac5378f-6b36-4d21-b8d2-395d76394995/", "reference_type": "mappings", "id": 9721408, "last_resolved_at": "2025-03-06T23:10:37.171834Z", "uri": "/orgs/PeruHCE/collections/Death/1.0.1/references/9721408/", "uuid": "9721408", "include": true, "type": "CollectionReference"}, {"expression": "/orgs/PeruHCE/sources/sihsalus/mappings/df427e47-21a5-4bdc-a15b-d1fc650322ae/", "reference_type": "mappings", "id": 9721407, "last_resolved_at": "2025-03-06T23:10:37.152853Z", "uri": "/orgs/PeruHCE/collections/Death/1.0.1/references/9721407/", "uuid": "9721407", "include": true, "type": "CollectionReference"}, {"expression": "/orgs/PeruHCE/sources/sihsalus/mappings/1d65200a-634f-440c-ac43-ff0cece288d2/", "reference_type": "mappings", "id": 9721406, "last_resolved_at": "2025-03-06T23:10:37.115854Z", "uri": "/orgs/PeruHCE/collections/Death/1.0.1/references/9721406/", "uuid": "9721406", "include": true, "type": "CollectionReference"}, {"expression": "/orgs/PeruHCE/sources/sihsalus/mappings/087b6cb8-a2ba-47d5-a94f-067b89c1a4eb/", "reference_type": "mappings", "id": 9721405, "last_resolved_at": "2025-03-06T23:10:37.094378Z", "uri": "/orgs/PeruHCE/collections/Death/1.0.1/references/9721405/", "uuid": "9721405", "include": true, "type": "CollectionReference"}, {"expression": "/orgs/PeruHCE/sources/sihsalus/mappings/7ba87923-a548-46a7-8668-c9ee8db7f5b9/", "reference_type": "mappings", "id": 9721404, "last_resolved_at": "2025-03-06T23:10:37.068494Z", "uri": "/orgs/PeruHCE/collections/Death/1.0.1/references/9721404/", "uuid": "9721404", "include": true, "type": "CollectionReference"}, {"expression": "/orgs/PeruHCE/sources/sihsalus/mappings/4e82cbce-81ab-4388-847a-2b1c58c2bdc1/", "reference_type": "mappings", "id": 9721403, "last_resolved_at": "2025-03-06T23:10:36.998266Z", "uri": "/orgs/PeruHCE/collections/Death/1.0.1/references/9721403/", "uuid": "9721403", "include": true, "type": "CollectionReference"}, {"expression": "/orgs/PeruHCE/sources/sihsalus/concepts/3134/", "reference_type": "concepts", "id": 9721402, "last_resolved_at": "2025-03-06T23:10:36.976982Z", "uri": "/orgs/PeruHCE/collections/Death/1.0.1/references/9721402/", "uuid": "9721402", "include": true, "type": "CollectionReference"}], "mappings": [{"extras": {}, "checksums": {"smart": "e5f98eac8863e26dc67d844422e4bcc3", "standard": "edf0e961e8be4558524c10a602c65612"}, "external_id": "4017e173-6346-46ea-92ab-b8da19d09cec", "retired": false, "map_type": "SAME-AS", "source": "sihsalus", "owner": "PeruHCE", "owner_type": "Organization", "from_concept_code": "3134", "from_concept_name": null, "from_concept_url": "/orgs/PeruHCE/sources/sihsalus/concepts/3134/", "to_concept_code": "1599", "to_concept_name": null, "to_concept_url": "/orgs/CIEL/sources/CIEL/concepts/1599/", "from_source_owner": "PeruHCE", "from_source_owner_type": "Organization", "from_source_url": "/orgs/openmrs/sources/DeathCause/", "from_source_name": "sihsalus", "to_source_owner": "CIEL", "to_source_owner_type": "Organization", "to_source_url": "/orgs/CIEL/sources/CIEL/", "to_source_name": "CIEL", "url": "/orgs/PeruHCE/sources/sihsalus/mappings/1d65200a-634f-440c-ac43-ff0cece288d2/", "version": "10254465", "id": "1d65200a-634f-440c-ac43-ff0cece288d2", "versioned_object_id": 10254464, "versioned_object_url": "/orgs/PeruHCE/sources/sihsalus/mappings/1d65200a-634f-440c-ac43-ff0cece288d2/", "is_latest_version": true, "update_comment": null, "version_url": "/orgs/PeruHCE/sources/sihsalus/mappings/1d65200a-634f-440c-ac43-ff0cece288d2/10254465/", "uuid": "10254465", "version_created_on": "2025-03-04T17:21:29.971070Z", "from_source_version": null, "to_source_version": null, "from_concept_name_resolved": "Causa de muerte", "to_concept_name_resolved": "Probable cause of death", "type": "Mapping", "sort_weight": null, "version_updated_on": "2025-03-04T17:21:29.979496Z", "version_updated_by": "duvet05", "latest_source_version": "2025-03-05-08", "created_on": "2025-03-04T17:21:29.971070Z", "updated_on": "2025-03-04T17:21:29.979496Z", "created_by": "duvet05", "updated_by": "duvet05", "public_can_view": true}, {"extras": {}, "checksums": {"smart": "50892666e97a5437ebce3d52c6cc6824", "standard": "c0d43c68a2da88f97a059aba1a124fa4"}, "external_id": "b6440647-937a-43a9-84ac-849b355f774c", "retired": false, "map_type": "SAME-AS", "source": "sihsalus", "owner": "PeruHCE", "owner_type": "Organization", "from_concept_code": "3134", "from_concept_name": null, "from_concept_url": "/orgs/PeruHCE/sources/sihsalus/concepts/3134/", "to_concept_code": "184305005", "to_concept_name": null, "to_concept_url": null, "from_source_owner": "PeruHCE", "from_source_owner_type": "Organization", "from_source_url": "/orgs/CIEL/sources/CIEL/", "from_source_name": "sihsalus", "to_source_owner": "IHTSDO", "to_source_owner_type": "Organization", "to_source_url": "/orgs/IHTSDO/sources/SNOMED-CT/", "to_source_name": "SNOMED-CT", "url": "/orgs/PeruHCE/sources/sihsalus/mappings/df427e47-21a5-4bdc-a15b-d1fc650322ae/", "version": "10254463", "id": "df427e47-21a5-4bdc-a15b-d1fc650322ae", "versioned_object_id": 10254462, "versioned_object_url": "/orgs/PeruHCE/sources/sihsalus/mappings/df427e47-21a5-4bdc-a15b-d1fc650322ae/", "is_latest_version": true, "update_comment": null, "version_url": "/orgs/PeruHCE/sources/sihsalus/mappings/df427e47-21a5-4bdc-a15b-d1fc650322ae/10254463/", "uuid": "10254463", "version_created_on": "2025-03-04T17:21:29.759860Z", "from_source_version": null, "to_source_version": null, "from_concept_name_resolved": "Causa de muerte", "type": "Mapping", "sort_weight": null, "version_updated_on": "2025-03-04T17:21:29.773069Z", "version_updated_by": "duvet05", "latest_source_version": "2025-03-05-08", "created_on": "2025-03-04T17:21:29.759860Z", "updated_on": "2025-03-04T17:21:29.773069Z", "created_by": "duvet05", "updated_by": "duvet05", "public_can_view": true}, {"extras": {}, "checksums": {"smart": "f881af8f8b2a0fa82354a31df2fe02f1", "standard": "24fd83f8d5957797a2e3b2b3551604bd"}, "external_id": "b6021ef7-09d6-4f7a-b721-97060b5c0c6b", "retired": false, "map_type": "SAME-AS", "source": "sihsalus", "owner": "PeruHCE", "owner_type": "Organization", "from_concept_code": "3134", "from_concept_name": null, "from_concept_url": "/orgs/PeruHCE/sources/sihsalus/concepts/3134/", "to_concept_code": "3134", "to_concept_name": null, "to_concept_url": "/orgs/PeruHCE/sources/sihsalus/concepts/3134/", "from_source_owner": "PeruHCE", "from_source_owner_type": "Organization", "from_source_url": "/orgs/CIEL/sources/CIEL/", "from_source_name": "sihsalus", "to_source_owner": "PeruHCE", "to_source_owner_type": "Organization", "to_source_url": "/orgs/CIEL/sources/CIEL/", "to_source_name": "sihsalus", "url": "/orgs/PeruHCE/sources/sihsalus/mappings/28714aca-a8bd-4e24-a106-4a1cbeedb607/", "version": "10254461", "id": "28714aca-a8bd-4e24-a106-4a1cbeedb607", "versioned_object_id": 10254460, "versioned_object_url": "/orgs/PeruHCE/sources/sihsalus/mappings/28714aca-a8bd-4e24-a106-4a1cbeedb607/", "is_latest_version": true, "update_comment": null, "version_url": "/orgs/PeruHCE/sources/sihsalus/mappings/28714aca-a8bd-4e24-a106-4a1cbeedb607/10254461/", "uuid": "10254461", "version_created_on": "2025-03-04T17:21:29.592568Z", "from_source_version": null, "to_source_version": null, "from_concept_name_resolved": "Causa de muerte", "to_concept_name_resolved": "Causa de muerte", "type": "Mapping", "sort_weight": null, "version_updated_on": "2025-03-04T17:21:29.602854Z", "version_updated_by": "duvet05", "latest_source_version": "2025-03-05-08", "created_on": "2025-03-04T17:21:29.592568Z", "updated_on": "2025-03-04T17:21:29.602854Z", "created_by": "duvet05", "updated_by": "duvet05", "public_can_view": true}, {"extras": {}, "checksums": {"smart": "2a72a6d56d42cf8c1378d3387dfdd03b", "standard": "85cc2a11438c74aeb4bbc3ba67798005"}, "external_id": "ae5c2374-1ea0-4beb-ac90-6d116937d9f0", "retired": false, "map_type": "Q-AND-A", "source": "sihsalus", "owner": "PeruHCE", "owner_type": "Organization", "from_concept_code": "3134", "from_concept_name": null, "from_concept_url": "/orgs/PeruHCE/sources/sihsalus/concepts/3134/", "to_concept_code": "5622", "to_concept_name": null, "to_concept_url": "/orgs/CIEL/sources/CIEL/concepts/5622/", "from_source_owner": "PeruHCE", "from_source_owner_type": "Organization", "from_source_url": "/orgs/openmrs/sources/DeathCause/", "from_source_name": "sihsalus", "to_source_owner": "CIEL", "to_source_owner_type": "Organization", "to_source_url": "/orgs/CIEL/sources/CIEL/", "to_source_name": "CIEL", "url": "/orgs/PeruHCE/sources/sihsalus/mappings/7ba87923-a548-46a7-8668-c9ee8db7f5b9/", "version": "10254459", "id": "7ba87923-a548-46a7-8668-c9ee8db7f5b9", "versioned_object_id": 10254458, "versioned_object_url": "/orgs/PeruHCE/sources/sihsalus/mappings/7ba87923-a548-46a7-8668-c9ee8db7f5b9/", "is_latest_version": true, "update_comment": null, "version_url": "/orgs/PeruHCE/sources/sihsalus/mappings/7ba87923-a548-46a7-8668-c9ee8db7f5b9/10254459/", "uuid": "10254459", "version_created_on": "2025-03-04T17:21:29.395275Z", "from_source_version": null, "to_source_version": null, "from_concept_name_resolved": "Causa de muerte", "to_concept_name_resolved": "Other", "type": "Mapping", "sort_weight": 5.0, "version_updated_on": "2025-03-04T17:21:29.402419Z", "version_updated_by": "duvet05", "latest_source_version": "2025-03-05-08", "created_on": "2025-03-04T17:21:29.395275Z", "updated_on": "2025-03-04T17:21:29.402419Z", "created_by": "duvet05", "updated_by": "duvet05", "public_can_view": true}, {"extras": {}, "checksums": {"smart": "cd196bf5c8256a70b688f3f7eac71610", "standard": "6e739dc578b03ae923d3d7446b7a43b5"}, "external_id": "deea7b43-b019-4565-8c14-8e8280ab22d5", "retired": false, "map_type": "Q-AND-A", "source": "sihsalus", "owner": "PeruHCE", "owner_type": "Organization", "from_concept_code": "3134", "from_concept_name": null, "from_concept_url": "/orgs/PeruHCE/sources/sihsalus/concepts/3134/", "to_concept_code": "1067", "to_concept_name": null, "to_concept_url": "/orgs/CIEL/sources/CIEL/concepts/1067/", "from_source_owner": "PeruHCE", "from_source_owner_type": "Organization", "from_source_url": "/orgs/openmrs/sources/DeathCause/", "from_source_name": "sihsalus", "to_source_owner": "CIEL", "to_source_owner_type": "Organization", "to_source_url": "/orgs/CIEL/sources/CIEL/", "to_source_name": "CIEL", "url": "/orgs/PeruHCE/sources/sihsalus/mappings/4e82cbce-81ab-4388-847a-2b1c58c2bdc1/", "version": "10254457", "id": "4e82cbce-81ab-4388-847a-2b1c58c2bdc1", "versioned_object_id": 10254456, "versioned_object_url": "/orgs/PeruHCE/sources/sihsalus/mappings/4e82cbce-81ab-4388-847a-2b1c58c2bdc1/", "is_latest_version": true, "update_comment": null, "version_url": "/orgs/PeruHCE/sources/sihsalus/mappings/4e82cbce-81ab-4388-847a-2b1c58c2bdc1/10254457/", "uuid": "10254457", "version_created_on": "2025-03-04T17:21:29.197447Z", "from_source_version": null, "to_source_version": null, "from_concept_name_resolved": "Causa de muerte", "to_concept_name_resolved": "Unknown", "type": "Mapping", "sort_weight": 4.0, "version_updated_on": "2025-03-04T17:21:29.204984Z", "version_updated_by": "duvet05", "latest_source_version": "2025-03-05-08", "created_on": "2025-03-04T17:21:29.197447Z", "updated_on": "2025-03-04T17:21:29.204984Z", "created_by": "duvet05", "updated_by": "duvet05", "public_can_view": true}, {"extras": {}, "checksums": {"smart": "b546a2308cc954d4f12b186c95588813", "standard": "02266f3ae7264cac383dc081638a4610"}, "external_id": "c18bcb1e-bc0c-4632-b5bd-f0350c54c763", "retired": false, "map_type": "NARROWER-THAN", "source": "sihsalus", "owner": "PeruHCE", "owner_type": "Organization", "from_concept_code": "3134", "from_concept_name": null, "from_concept_url": "/orgs/PeruHCE/sources/sihsalus/concepts/3134/", "to_concept_code": "5002", "to_concept_name": null, "to_concept_url": null, "from_source_owner": "PeruHCE", "from_source_owner_type": "Organization", "from_source_url": "/orgs/CIEL/sources/CIEL/", "from_source_name": "sihsalus", "to_source_owner": "AMPATH", "to_source_owner_type": "Organization", "to_source_url": "/orgs/AMPATH/sources/AMPATH/", "to_source_name": "AMPATH", "url": "/orgs/PeruHCE/sources/sihsalus/mappings/ea9e5a29-b1d9-41ce-8848-2050e4ce5c6d/", "version": "10254447", "id": "ea9e5a29-b1d9-41ce-8848-2050e4ce5c6d", "versioned_object_id": 10254446, "versioned_object_url": "/orgs/PeruHCE/sources/sihsalus/mappings/ea9e5a29-b1d9-41ce-8848-2050e4ce5c6d/", "is_latest_version": true, "update_comment": null, "version_url": "/orgs/PeruHCE/sources/sihsalus/mappings/ea9e5a29-b1d9-41ce-8848-2050e4ce5c6d/10254447/", "uuid": "10254447", "version_created_on": "2025-03-04T17:21:28.172711Z", "from_source_version": null, "to_source_version": null, "from_concept_name_resolved": "Causa de muerte", "type": "Mapping", "sort_weight": null, "version_updated_on": "2025-03-04T17:21:28.188051Z", "version_updated_by": "duvet05", "latest_source_version": "2025-03-05-08", "created_on": "2025-03-04T17:21:28.172711Z", "updated_on": "2025-03-04T17:21:28.188051Z", "created_by": "duvet05", "updated_by": "duvet05", "public_can_view": true}, {"extras": {}, "checksums": {"smart": "9212ebe3cd458a88e3a5ac1a667a6c4b", "standard": "173e80ec14b3bb9bd93f09329637afee"}, "external_id": "c4647d8f-a008-4cab-8b3b-39cafc793de8", "retired": false, "map_type": "BROADER-THAN", "source": "sihsalus", "owner": "PeruHCE", "owner_type": "Organization", "from_concept_code": "3134", "from_concept_name": null, "from_concept_url": "/orgs/PeruHCE/sources/sihsalus/concepts/3134/", "to_concept_code": "160218", "to_concept_name": null, "to_concept_url": "/orgs/CIEL/sources/CIEL/concepts/160218/", "from_source_owner": "PeruHCE", "from_source_owner_type": "Organization", "from_source_url": "/orgs/openmrs/sources/DeathCause/", "from_source_name": "sihsalus", "to_source_owner": "CIEL", "to_source_owner_type": "Organization", "to_source_url": "/orgs/CIEL/sources/CIEL/", "to_source_name": "CIEL", "url": "/orgs/PeruHCE/sources/sihsalus/mappings/fac5378f-6b36-4d21-b8d2-395d76394995/", "version": "10254445", "id": "fac5378f-6b36-4d21-b8d2-395d76394995", "versioned_object_id": 10254444, "versioned_object_url": "/orgs/PeruHCE/sources/sihsalus/mappings/fac5378f-6b36-4d21-b8d2-395d76394995/", "is_latest_version": true, "update_comment": null, "version_url": "/orgs/PeruHCE/sources/sihsalus/mappings/fac5378f-6b36-4d21-b8d2-395d76394995/10254445/", "uuid": "10254445", "version_created_on": "2025-03-04T17:21:27.982680Z", "from_source_version": null, "to_source_version": null, "from_concept_name_resolved": "Causa de muerte", "to_concept_name_resolved": "Probable cause of death (text)", "type": "Mapping", "sort_weight": null, "version_updated_on": "2025-03-04T17:21:28.000208Z", "version_updated_by": "duvet05", "latest_source_version": "2025-03-05-08", "created_on": "2025-03-04T17:21:27.982680Z", "updated_on": "2025-03-04T17:21:28.000208Z", "created_by": "duvet05", "updated_by": "duvet05", "public_can_view": true}, {"extras": {}, "checksums": {"smart": "c1b871c5263535023d525a533b828dfc", "standard": "8237919d4206b0d7f9872c58795aced2"}, "external_id": "554a246c-ac5e-44a5-ba6a-23a6e30c7a04", "retired": false, "map_type": "SAME-AS", "source": "sihsalus", "owner": "PeruHCE", "owner_type": "Organization", "from_concept_code": "3134", "from_concept_name": null, "from_concept_url": "/orgs/PeruHCE/sources/sihsalus/concepts/3134/", "to_concept_code": "5623707", "to_concept_name": null, "to_concept_url": "/orgs/openmrs/sources/DeathCause/concepts/5623707/", "from_source_owner": "PeruHCE", "from_source_owner_type": "Organization", "from_source_url": null, "from_source_name": "sihsalus", "to_source_owner": "openmrs", "to_source_owner_type": "Organization", "to_source_url": null, "to_source_name": "DeathCause", "url": "/orgs/PeruHCE/sources/sihsalus/mappings/087b6cb8-a2ba-47d5-a94f-067b89c1a4eb/", "version": "10254443", "id": "087b6cb8-a2ba-47d5-a94f-067b89c1a4eb", "versioned_object_id": 10254442, "versioned_object_url": "/orgs/PeruHCE/sources/sihsalus/mappings/087b6cb8-a2ba-47d5-a94f-067b89c1a4eb/", "is_latest_version": true, "update_comment": null, "version_url": "/orgs/PeruHCE/sources/sihsalus/mappings/087b6cb8-a2ba-47d5-a94f-067b89c1a4eb/10254443/", "uuid": "10254443", "version_created_on": "2025-03-04T17:21:27.695089Z", "from_source_version": null, "to_source_version": null, "from_concept_name_resolved": "Causa de muerte", "to_concept_name_resolved": "Cause of death", "type": "Mapping", "sort_weight": null, "version_updated_on": "2025-03-04T17:21:27.706921Z", "version_updated_by": "duvet05", "latest_source_version": "2025-03-05-08", "created_on": "2025-03-04T17:21:27.695089Z", "updated_on": "2025-03-04T17:21:27.706921Z", "created_by": "duvet05", "updated_by": "duvet05", "public_can_view": true}], "export_time": "7.61secs"}