uuid,name,description,void/retire,criteria,evaluator,message,priority,enabled,tags
b1f7a2c0-0002-4a00-9000-000000000002,RHD prophylaxis overdue,BPG injection past due: ACT Core's next due date for an injection regimen has passed,,"SELECT pat.patient_id FROM patient pat JOIN person p ON p.person_id = pat.patient_id AND p.voided = 0 AND p.dead = 0 JOIN actcore_prophylaxis_adherence a ON a.patient_id = pat.patient_id WHERE pat.voided = 0 AND a.injection_interval_days > 0 AND a.next_due < CURDATE() AND EXISTS (SELECT 1 FROM patient_program pp JOIN program pr ON pr.program_id = pp.program_id AND pr.uuid = '7d73e143-a550-5a9d-aecd-dd771add098d' WHERE pp.patient_id = pat.patient_id AND pp.voided = 0 AND pp.date_completed IS NULL)",org.openmrs.module.patientflags.evaluator.SQLFlagEvaluator,BPG injection overdue,RHD High,true,RHD
b1f7a2c0-0004-4a00-9000-000000000004,RHD lost to follow-up,No RHD Consultation Visit or Consultation Update form and no prophylaxis record for 210 days (7 months) in a patient with a prescription. Mirrors ACT 2.0 Needs Prophylaxis Data Red.,,"SELECT pat.patient_id FROM patient pat JOIN (SELECT e.patient_id, MAX(e.encounter_datetime) AS last_consult FROM encounter e JOIN form f ON f.form_id = e.form_id WHERE f.uuid IN ('4b063fc7-996f-3001-8500-8940e201be8f', '72ebc67c-f221-3ca2-9494-f5b19ecc60d5') AND e.voided = 0 GROUP BY e.patient_id) con ON con.patient_id = pat.patient_id JOIN (SELECT o.person_id, MAX(o.value_datetime) AS last_injection FROM obs o JOIN concept c ON c.concept_id = o.concept_id WHERE c.uuid = '183fb30e-b861-5b7c-806f-7118a40f2b51' AND o.voided = 0 GROUP BY o.person_id) inj ON inj.person_id = pat.patient_id JOIN (SELECT DISTINCT o.person_id FROM obs o JOIN concept q ON q.concept_id = o.concept_id WHERE q.uuid = '668e0221-8b41-5669-9ad8-78e193d42494' AND o.voided = 0 AND o.value_coded IS NOT NULL) rx ON rx.person_id = pat.patient_id WHERE pat.voided = 0 AND DATE(con.last_consult) < DATE_SUB(CURDATE(), INTERVAL 210 DAY) AND DATE(inj.last_injection) < DATE_SUB(CURDATE(), INTERVAL 210 DAY)",org.openmrs.module.patientflags.evaluator.SQLFlagEvaluator,Lost to follow-up: no data for 7 months,RHD High,true,RHD
b1f7a2c0-0015-4a00-9000-000000000015,RHD no data for 5 months,No RHD Consultation Visit or Consultation Update form and no prophylaxis record for 150 days (5 months) in a patient with a prescription; at 210 days RHD lost to follow-up takes over. Mirrors ACT 2.0 Needs Prophylaxis Data Blue.,,"SELECT pat.patient_id FROM patient pat JOIN (SELECT e.patient_id, MAX(e.encounter_datetime) AS last_consult FROM encounter e JOIN form f ON f.form_id = e.form_id WHERE f.uuid IN ('4b063fc7-996f-3001-8500-8940e201be8f', '72ebc67c-f221-3ca2-9494-f5b19ecc60d5') AND e.voided = 0 GROUP BY e.patient_id) con ON con.patient_id = pat.patient_id JOIN (SELECT o.person_id, MAX(o.value_datetime) AS last_injection FROM obs o JOIN concept c ON c.concept_id = o.concept_id WHERE c.uuid = '183fb30e-b861-5b7c-806f-7118a40f2b51' AND o.voided = 0 GROUP BY o.person_id) inj ON inj.person_id = pat.patient_id JOIN (SELECT DISTINCT o.person_id FROM obs o JOIN concept q ON q.concept_id = o.concept_id WHERE q.uuid = '668e0221-8b41-5669-9ad8-78e193d42494' AND o.voided = 0 AND o.value_coded IS NOT NULL) rx ON rx.person_id = pat.patient_id WHERE pat.voided = 0 AND DATE(con.last_consult) < DATE_SUB(CURDATE(), INTERVAL 150 DAY) AND DATE(inj.last_injection) < DATE_SUB(CURDATE(), INTERVAL 150 DAY) AND NOT (DATE(con.last_consult) < DATE_SUB(CURDATE(), INTERVAL 210 DAY) AND DATE(inj.last_injection) < DATE_SUB(CURDATE(), INTERVAL 210 DAY))",org.openmrs.module.patientflags.evaluator.SQLFlagEvaluator,No data for 5 months,RHD Early Warning,true,RHD
b1f7a2c0-0005-4a00-9000-000000000005,RHD prophylaxis not prescribed,Patient has an RHD or acute rheumatic fever diagnosis but no secondary antibiotic prophylaxis recorded. ACT 2.0 rule 1.,,"SELECT DISTINCT pat.patient_id, e.uuid, '668e0221-8b41-5669-9ad8-78e193d42494' FROM patient pat JOIN obs g ON g.person_id = pat.patient_id AND g.voided = 0 AND g.concept_id = (SELECT concept_id FROM concept WHERE uuid = '594b4495-36dc-52a6-9810-15a9e2e2dcb9') AND NOT EXISTS (SELECT 1 FROM obs x WHERE x.obs_group_id = g.obs_id AND x.voided = 0 AND ((x.concept_id = (SELECT concept_id FROM concept WHERE uuid = 'b1b5d279-8013-5ae4-83a7-0f2bd9bc8457') AND x.value_coded = (SELECT concept_id FROM concept WHERE uuid = '488b58ff-64f5-4f8a-8979-fa79940b1594')) OR (x.concept_id = (SELECT concept_id FROM concept WHERE uuid = '97c025b2-f42c-5c53-8aaa-0506c8dd3774') AND x.value_coded = (SELECT concept_id FROM concept WHERE uuid = 'af45fb2a-ed18-5beb-935e-8e4d92df2dac')))) AND NOT EXISTS (SELECT 1 FROM obs g2 WHERE g2.person_id = g.person_id AND g2.voided = 0 AND g2.concept_id = g.concept_id AND (g2.obs_datetime > g.obs_datetime OR (g2.obs_datetime = g.obs_datetime AND g2.obs_id > g.obs_id)) AND NOT EXISTS (SELECT 1 FROM obs x WHERE x.obs_group_id = g2.obs_id AND x.voided = 0 AND ((x.concept_id = (SELECT concept_id FROM concept WHERE uuid = 'b1b5d279-8013-5ae4-83a7-0f2bd9bc8457') AND x.value_coded = (SELECT concept_id FROM concept WHERE uuid = '488b58ff-64f5-4f8a-8979-fa79940b1594')) OR (x.concept_id = (SELECT concept_id FROM concept WHERE uuid = '97c025b2-f42c-5c53-8aaa-0506c8dd3774') AND x.value_coded = (SELECT concept_id FROM concept WHERE uuid = 'af45fb2a-ed18-5beb-935e-8e4d92df2dac'))))) JOIN obs dx ON dx.obs_group_id = g.obs_id AND dx.voided = 0 AND dx.concept_id = (SELECT concept_id FROM concept WHERE uuid = 'cfe17bb5-4a76-5f3a-9e1c-7b1e9b84a8e3') LEFT JOIN obs sap ON sap.person_id = pat.patient_id AND sap.voided = 0 AND sap.concept_id = (SELECT concept_id FROM concept WHERE uuid = '668e0221-8b41-5669-9ad8-78e193d42494') AND sap.value_coded IS NOT NULL LEFT JOIN encounter e ON e.patient_id = pat.patient_id AND e.voided = 0 AND e.form_id = (SELECT form_id FROM form WHERE uuid = '4b063fc7-996f-3001-8500-8940e201be8f') AND NOT EXISTS (SELECT 1 FROM encounter later WHERE later.patient_id = e.patient_id AND later.voided = 0 AND later.form_id = e.form_id AND (later.encounter_datetime > e.encounter_datetime OR (later.encounter_datetime = e.encounter_datetime AND later.encounter_id > e.encounter_id))) WHERE pat.voided = 0 AND sap.obs_id IS NULL AND dx.value_coded IN ((SELECT concept_id FROM concept WHERE uuid = '1c4a12e2-1f80-5176-bd8f-0e3a0154ce0b'), (SELECT concept_id FROM concept WHERE uuid = '5e019f88-6b33-5749-8804-d9686ae680d5'), (SELECT concept_id FROM concept WHERE uuid = '8c2f337a-99b3-5f76-8312-1cee4336309c'), (SELECT concept_id FROM concept WHERE uuid = 'cbfcf051-bee3-549d-b233-e5be0e7d691a'))",org.openmrs.module.patientflags.evaluator.SQLFlagEvaluator,Secondary Antibiotic Prophylaxis missing on RHD Consultation Visit,RHD Data Quality,true,Critical data
b1f7a2c0-0006-4a00-9000-000000000006,RHD 30-day follow-up due,Discharged more than 30 days ago with no follow-up contact recorded on that encounter. ACT 2.0 rule 4. Time-based: needs scheduled re-evaluation.,,"SELECT DISTINCT pat.patient_id, e.uuid, '49f9238d-2ca4-5efd-a5cb-f00a0b44828d' FROM patient pat JOIN obs dis ON dis.person_id = pat.patient_id AND dis.voided = 0 AND dis.concept_id = (SELECT concept_id FROM concept WHERE uuid = 'd4317b82-5d37-5b59-ac32-4922f18cd65b') LEFT JOIN obs fu ON fu.encounter_id = dis.encounter_id AND fu.voided = 0 AND fu.concept_id = (SELECT concept_id FROM concept WHERE uuid = '49f9238d-2ca4-5efd-a5cb-f00a0b44828d') LEFT JOIN encounter e ON e.encounter_id = dis.encounter_id WHERE pat.voided = 0 AND fu.obs_id IS NULL AND DATE(dis.value_datetime) + INTERVAL 30 DAY < CURDATE() AND NOT EXISTS ( SELECT 1 FROM obs po WHERE po.encounter_id = dis.encounter_id AND po.voided = 0 AND po.concept_id = (SELECT concept_id FROM concept WHERE uuid = '7a54d2d6-0d34-5e5d-b8e7-84a3cf7e9dca') AND po.value_coded = (SELECT concept_id FROM concept WHERE uuid = '2567da9f-864e-5408-b5ae-6686f80d0a99') ) AND NOT EXISTS ( SELECT 1 FROM person dp WHERE dp.person_id = pat.patient_id AND dp.dead = 1 )",org.openmrs.module.patientflags.evaluator.SQLFlagEvaluator,Date of Patient Follow-Up due on Procedures and Outcomes,RHD Data Quality,true,Critical data
b1f7a2c0-0009-4a00-9000-000000000009,RHD INR target missing,Patient prescribed Warfarin without INR target,,"SELECT DISTINCT pat.patient_id, e.uuid, '0778ce12-ddba-5e22-b5fd-92424e8747b4' FROM patient pat JOIN obs w ON w.person_id = pat.patient_id AND w.voided = 0 AND w.obs_group_id IS NOT NULL AND w.concept_id = (SELECT concept_id FROM concept WHERE uuid = '0734567e-4f0a-5090-9d74-b953921a30e6') AND w.value_coded IN ((SELECT concept_id FROM concept WHERE uuid = '5e97fe35-58df-4925-bba7-7c49d75268a1'), (SELECT concept_id FROM concept WHERE uuid = '3c7f8916-3ab5-5678-83c5-be7c7bb1f5e7')) AND NOT EXISTS (SELECT 1 FROM obs ws WHERE ws.obs_group_id = w.obs_group_id AND ws.voided = 0 AND ws.concept_id = (SELECT concept_id FROM concept WHERE uuid = 'd75edc42-3213-5a06-9228-4e5735b9594b')) AND NOT EXISTS (SELECT 1 FROM obs w2 WHERE w2.person_id = w.person_id AND w2.voided = 0 AND w2.concept_id = w.concept_id AND w2.value_coded IS NOT NULL AND w2.obs_group_id IS NOT NULL AND (w2.obs_datetime > w.obs_datetime OR (w2.obs_datetime = w.obs_datetime AND w2.encounter_id > w.encounter_id))) LEFT JOIN encounter e ON e.patient_id = pat.patient_id AND e.voided = 0 AND e.encounter_type = (SELECT encounter_type_id FROM encounter_type WHERE uuid = 'b4bb88a3-9a04-5142-85bd-bb63c270f632') AND NOT EXISTS (SELECT 1 FROM encounter later WHERE later.patient_id = e.patient_id AND later.voided = 0 AND later.encounter_type = e.encounter_type AND (later.encounter_datetime > e.encounter_datetime OR (later.encounter_datetime = e.encounter_datetime AND later.encounter_id > e.encounter_id))) WHERE pat.voided = 0 AND NOT EXISTS ( SELECT 1 FROM obs t WHERE t.person_id = pat.patient_id AND t.voided = 0 AND t.concept_id = (SELECT concept_id FROM concept WHERE uuid = '0778ce12-ddba-5e22-b5fd-92424e8747b4') AND t.value_coded IS NOT NULL )",org.openmrs.module.patientflags.evaluator.SQLFlagEvaluator,INR Target missing on RHD INR Monitoring,RHD Data Quality,true,Critical data
b1f7a2c0-0010-4a00-9000-000000000010,RHD perfusion issues not recorded,Hospitalisation outcome incomplete after discharge or death,,"SELECT DISTINCT pat.patient_id, e.uuid, '1c14c3f1-1532-51b0-8680-d761e7f25ad5' FROM patient pat JOIN encounter e ON e.patient_id = pat.patient_id AND e.voided = 0 AND e.encounter_type = (SELECT encounter_type_id FROM encounter_type WHERE uuid = 'c9b87090-8768-50be-987e-8ca0a8983429') JOIN obs po ON po.encounter_id = e.encounter_id AND po.voided = 0 AND po.concept_id = (SELECT concept_id FROM concept WHERE uuid = '7a54d2d6-0d34-5e5d-b8e7-84a3cf7e9dca') LEFT JOIN obs dd ON dd.encounter_id = e.encounter_id AND dd.voided = 0 AND dd.concept_id = (SELECT concept_id FROM concept WHERE uuid = 'd4317b82-5d37-5b59-ac32-4922f18cd65b') WHERE pat.voided = 0 AND ( po.value_coded = (SELECT concept_id FROM concept WHERE uuid = '2567da9f-864e-5408-b5ae-6686f80d0a99') OR ( po.value_coded = (SELECT concept_id FROM concept WHERE uuid = '98ea6c57-5f77-549b-97ca-32604c5b9220') AND dd.value_datetime IS NOT NULL AND DATE(dd.value_datetime) < CURDATE() ) ) AND NOT EXISTS ( SELECT 1 FROM obs f WHERE f.encounter_id = e.encounter_id AND f.voided = 0 AND f.concept_id = (SELECT concept_id FROM concept WHERE uuid = '1c14c3f1-1532-51b0-8680-d761e7f25ad5') )",org.openmrs.module.patientflags.evaluator.SQLFlagEvaluator,Perfusion Issues missing on Procedures and Outcomes,RHD Data Quality,true,Critical data
b1f7a2c0-0011-4a00-9000-000000000011,RHD site infection not recorded,Hospitalisation outcome incomplete after discharge or death,,"SELECT DISTINCT pat.patient_id, e.uuid, '15e033f6-704e-5bde-ac1d-b401294f416c' FROM patient pat JOIN encounter e ON e.patient_id = pat.patient_id AND e.voided = 0 AND e.encounter_type = (SELECT encounter_type_id FROM encounter_type WHERE uuid = 'c9b87090-8768-50be-987e-8ca0a8983429') JOIN obs po ON po.encounter_id = e.encounter_id AND po.voided = 0 AND po.concept_id = (SELECT concept_id FROM concept WHERE uuid = '7a54d2d6-0d34-5e5d-b8e7-84a3cf7e9dca') LEFT JOIN obs dd ON dd.encounter_id = e.encounter_id AND dd.voided = 0 AND dd.concept_id = (SELECT concept_id FROM concept WHERE uuid = 'd4317b82-5d37-5b59-ac32-4922f18cd65b') WHERE pat.voided = 0 AND ( po.value_coded = (SELECT concept_id FROM concept WHERE uuid = '2567da9f-864e-5408-b5ae-6686f80d0a99') OR ( po.value_coded = (SELECT concept_id FROM concept WHERE uuid = '98ea6c57-5f77-549b-97ca-32604c5b9220') AND dd.value_datetime IS NOT NULL AND DATE(dd.value_datetime) < CURDATE() ) ) AND NOT EXISTS ( SELECT 1 FROM obs f WHERE f.encounter_id = e.encounter_id AND f.voided = 0 AND f.concept_id = (SELECT concept_id FROM concept WHERE uuid = '15e033f6-704e-5bde-ac1d-b401294f416c') )",org.openmrs.module.patientflags.evaluator.SQLFlagEvaluator,Site Infection missing on Procedures and Outcomes,RHD Data Quality,true,Critical data
b1f7a2c0-0012-4a00-9000-000000000012,RHD bacterial sepsis not recorded,Hospitalisation outcome incomplete after discharge or death,,"SELECT DISTINCT pat.patient_id, e.uuid, '86c4348a-1ec0-5ca2-a9a6-15f0f282cb95' FROM patient pat JOIN encounter e ON e.patient_id = pat.patient_id AND e.voided = 0 AND e.encounter_type = (SELECT encounter_type_id FROM encounter_type WHERE uuid = 'c9b87090-8768-50be-987e-8ca0a8983429') JOIN obs po ON po.encounter_id = e.encounter_id AND po.voided = 0 AND po.concept_id = (SELECT concept_id FROM concept WHERE uuid = '7a54d2d6-0d34-5e5d-b8e7-84a3cf7e9dca') LEFT JOIN obs dd ON dd.encounter_id = e.encounter_id AND dd.voided = 0 AND dd.concept_id = (SELECT concept_id FROM concept WHERE uuid = 'd4317b82-5d37-5b59-ac32-4922f18cd65b') WHERE pat.voided = 0 AND ( po.value_coded = (SELECT concept_id FROM concept WHERE uuid = '2567da9f-864e-5408-b5ae-6686f80d0a99') OR ( po.value_coded = (SELECT concept_id FROM concept WHERE uuid = '98ea6c57-5f77-549b-97ca-32604c5b9220') AND dd.value_datetime IS NOT NULL AND DATE(dd.value_datetime) < CURDATE() ) ) AND NOT EXISTS ( SELECT 1 FROM obs f WHERE f.encounter_id = e.encounter_id AND f.voided = 0 AND f.concept_id = (SELECT concept_id FROM concept WHERE uuid = '86c4348a-1ec0-5ca2-a9a6-15f0f282cb95') )",org.openmrs.module.patientflags.evaluator.SQLFlagEvaluator,Bacterial Sepsis missing on Procedures and Outcomes,RHD Data Quality,true,Critical data
b1f7a2c0-0013-4a00-9000-000000000013,RHD delivery outcome overdue,Estimated due date passed by 30 days with no delivery recorded,,"SELECT DISTINCT pat.patient_id, e.uuid, '2c13856b-5622-500f-b986-f1509c424056' FROM patient pat JOIN encounter e ON e.patient_id = pat.patient_id AND e.voided = 0 AND e.encounter_type = (SELECT encounter_type_id FROM encounter_type WHERE uuid = 'ce6b111e-9beb-5a91-91ad-ec5043976fd5') JOIN obs edd ON edd.encounter_id = e.encounter_id AND edd.voided = 0 AND edd.concept_id = (SELECT concept_id FROM concept WHERE uuid = '3ad5133c-80d0-5007-ba1a-c5be27cbb10c') WHERE pat.voided = 0 AND edd.value_datetime IS NOT NULL AND DATE(edd.value_datetime) + INTERVAL 30 DAY < CURDATE() AND NOT EXISTS ( SELECT 1 FROM obs dm WHERE dm.encounter_id = e.encounter_id AND dm.voided = 0 AND dm.concept_id = (SELECT concept_id FROM concept WHERE uuid = '2c13856b-5622-500f-b986-f1509c424056') )",org.openmrs.module.patientflags.evaluator.SQLFlagEvaluator,Delivery mode missing on RHD Pregnancy,RHD Data Quality,true,Critical data
b1f7a2c0-0014-4a00-9000-000000000014,RHD death not recorded on patient,A form records a death but the patient record does not,,"SELECT DISTINCT pat.patient_id FROM patient pat JOIN person p ON p.person_id = pat.patient_id AND p.voided = 0 JOIN obs o ON o.person_id = pat.patient_id AND o.voided = 0 WHERE pat.voided = 0 AND p.dead = 0 AND ( ( o.concept_id = (SELECT concept_id FROM concept WHERE uuid = '7a54d2d6-0d34-5e5d-b8e7-84a3cf7e9dca') AND o.value_coded = (SELECT concept_id FROM concept WHERE uuid = '2567da9f-864e-5408-b5ae-6686f80d0a99') ) OR ( o.concept_id = (SELECT concept_id FROM concept WHERE uuid = '726b7eaa-3ecf-5c6b-ba21-cd81c58d6a0d') AND o.value_coded IN ( (SELECT CAST(gp.property_value AS UNSIGNED) FROM global_property gp WHERE gp.property = 'concept.false'), (SELECT concept_id FROM concept WHERE uuid = '1066AAAAAAAAAAAAAAAAAAAAAAAAAAAAAAAA') ) ) OR ( o.concept_id IN ((SELECT concept_id FROM concept WHERE uuid = 'd476b4e0-5c24-5d99-9588-26aadc1e35c6'), (SELECT concept_id FROM concept WHERE uuid = '7ec339f7-be0b-5199-a9e7-a8ab82860fb2')) AND o.value_text LIKE '%Death%' ) )",org.openmrs.module.patientflags.evaluator.SQLFlagEvaluator,Death recorded on a form but not on the patient,RHD Data Quality,true,Critical data
