<?xml version="1.0" encoding="UTF-8"?>
<list id="1">
  <org.openmrs.ConceptSource id="2" uuid="14ADDDDDDDDDDDDDDDDDDDDDDDDDDDDDDDDD">
    <name>SNOMED MVP</name>
    <description>MVP Namespace Identifier extensions to SNOMED CT</description>
    <creator/>
    <dateCreated id="3">2010-12-03 18:18:39</dateCreated>
    <retired>false</retired>
    <retiredBy/>
    <conceptSourceId>14</conceptSourceId>
  </org.openmrs.ConceptSource>
  <org.openmrs.ConceptSource id="4" uuid="24ADDDDDDDDDDDDDDDDDDDDDDDDDDDDDDDDD">
    <name>IMO ProblemIT</name>
    <description>Intelligent Medical Objects, Inc. problem/disease/finding datasource</description>
    <creator/>
    <dateCreated id="5">2013-10-01 13:34:15</dateCreated>
    <retired>false</retired>
    <retiredBy/>
    <conceptSourceId>24</conceptSourceId>
  </org.openmrs.ConceptSource>
  <org.openmrs.ConceptSource id="6" uuid="34ADDDDDDDDDDDDDDDDDDDDDDDDDDDDDDDDD">
    <name>MED-RT NUI</name>
    <description>VHA&apos;s Medication Reference Terminology</description>
    <creator/>
    <dateCreated id="7">2018-04-15 17:30:57</dateCreated>
    <retired>false</retired>
    <retiredBy/>
    <conceptSourceId>34</conceptSourceId>
  </org.openmrs.ConceptSource>
  <org.openmrs.ConceptSource id="8" uuid="28ADDDDDDDDDDDDDDDDDDDDDDDDDDDDDDDDD">
    <name>FDA Route of Administration</name>
    <description>Description.  This standard provides for all routes of administration for drugs. &#xd;
&#xd;
Source.  COMIS Reference table (which is used by the Drug Product Reference File to generate Approved Drug Products with Therapeutic Equivalence Evaluations (a.k.a. &quot;The Orange Book&quot;)), and the Drug Registration and Listing Database, Office of Epidemiology and Biosurveillance Database.  Also, the names (but not the definitions or the numeric codes) that are represented in blue have been harmonized with the E2B route of administration terms for the International Conference on Harmonization (ICH).</description>
    <creator/>
    <dateCreated id="9">2015-01-16 18:06:56</dateCreated>
    <retired>false</retired>
    <retiredBy/>
    <conceptSourceId>28</conceptSourceId>
  </org.openmrs.ConceptSource>
  <org.openmrs.ConceptSource id="10" uuid="13ADDDDDDDDDDDDDDDDDDDDDDDDDDDDDDDDD">
    <name>AMPATH</name>
    <description>AMPATH concept dictionary</description>
    <creator/>
    <dateCreated id="11">2010-10-24 17:02:38</dateCreated>
    <retired>false</retired>
    <retiredBy/>
    <conceptSourceId>13</conceptSourceId>
  </org.openmrs.ConceptSource>
  <org.openmrs.ConceptSource id="12" uuid="23ADDDDDDDDDDDDDDDDDDDDDDDDDDDDDDDDD">
    <name>org.openmrs.module.emrapi</name>
    <description>Reference application module</description>
    <creator/>
    <dateCreated id="13">2013-08-21 09:14:19</dateCreated>
    <retired>false</retired>
    <retiredBy/>
    <conceptSourceId>23</conceptSourceId>
  </org.openmrs.ConceptSource>
  <org.openmrs.ConceptSource id="14" uuid="6ADDDDDDDDDDDDDDDDDDDDDDDDDDDDDDDDDD">
    <name>LOINC</name>
    <description>LOINC code</description>
    <creator/>
    <dateCreated id="15">2010-04-25 11:14:13</dateCreated>
    <retired>false</retired>
    <retiredBy/>
    <conceptSourceId>6</conceptSourceId>
  </org.openmrs.ConceptSource>
  <org.openmrs.ConceptSource id="16" uuid="ddb6b595-0b85-4a80-9243-efe4ba404eef">
    <name>org.openmrs.module.mdrtb</name>
    <description>The required concepts for the MDR-TB module</description>
    <creator/>
    <dateCreated id="17">2010-12-15 14:00:37</dateCreated>
    <retired>false</retired>
    <retiredBy/>
    <conceptSourceId>15</conceptSourceId>
  </org.openmrs.ConceptSource>
  <org.openmrs.ConceptSource id="18" uuid="2ADDDDDDDDDDDDDDDDDDDDDDDDDDDDDDDDDD">
    <name>SNOMED NP</name>
    <description>Non-preferred SNOMED CT mappings</description>
    <creator/>
    <dateCreated id="19">2010-04-25 11:12:44</dateCreated>
    <retired>false</retired>
    <retiredBy/>
    <conceptSourceId>2</conceptSourceId>
  </org.openmrs.ConceptSource>
  <org.openmrs.ConceptSource id="20" uuid="4ADDDDDDDDDDDDDDDDDDDDDDDDDDDDDDDDDD">
    <name>RxNORM</name>
    <description>RxNORM CUI</description>
    <creator/>
    <dateCreated id="21">2010-04-25 11:13:48</dateCreated>
    <retired>false</retired>
    <retiredBy/>
    <conceptSourceId>4</conceptSourceId>
  </org.openmrs.ConceptSource>
  <org.openmrs.ConceptSource id="22" uuid="1ADDDDDDDDDDDDDDDDDDDDDDDDDDDDDDDDDD">
    <name>SNOMED CT</name>
    <description>SNOMED Preferred mapping</description>
    <creator/>
    <dateCreated id="23">2009-11-19 20:19:16</dateCreated>
    <retired>false</retired>
    <retiredBy/>
    <conceptSourceId>1</conceptSourceId>
    <hl7Code>SCT</hl7Code>
  </org.openmrs.ConceptSource>
  <org.openmrs.ConceptSource id="24" uuid="27ADDDDDDDDDDDDDDDDDDDDDDDDDDDDDDDDD">
    <name>NDF-RT NUI</name>
    <description>Unique numeric indicator from NDF-RT drug information database</description>
    <creator/>
    <dateCreated id="25">2014-02-07 22:15:18</dateCreated>
    <retired>false</retired>
    <retiredBy/>
    <conceptSourceId>27</conceptSourceId>
  </org.openmrs.ConceptSource>
  <org.openmrs.ConceptSource id="26" uuid="5ADDDDDDDDDDDDDDDDDDDDDDDDDDDDDDDDDD">
    <name>RxNORM Comb</name>
    <description>RxNORM Combination generics MVP Code</description>
    <creator/>
    <dateCreated id="27">2010-04-25 11:14:05</dateCreated>
    <retired>false</retired>
    <retiredBy/>
    <conceptSourceId>5</conceptSourceId>
  </org.openmrs.ConceptSource>
  <org.openmrs.ConceptSource id="28" uuid="fb9aaaf1-65e2-4c18-b53c-16b575f2f385">
    <name>PIH</name>
    <description>Equivalent concept ID in Master Partners-in-Health Concept dictionary</description>
    <creator/>
    <dateCreated id="29">2010-08-03 01:50:49</dateCreated>
    <retired>false</retired>
    <retiredBy/>
    <conceptSourceId>11</conceptSourceId>
  </org.openmrs.ConceptSource>
  <org.openmrs.ConceptSource id="30" uuid="18ADDDDDDDDDDDDDDDDDDDDDDDDDDDDDDDDD">
    <name>HL7 2.x Route of Administration</name>
    <description>Members of value set from HL7 for routes of administration</description>
    <creator/>
    <dateCreated id="31">2012-10-19 13:43:57</dateCreated>
    <retired>false</retired>
    <retiredBy/>
    <conceptSourceId>18</conceptSourceId>
    <hl7Code>HL70162</hl7Code>
  </org.openmrs.ConceptSource>
  <org.openmrs.ConceptSource id="32" uuid="12ADDDDDDDDDDDDDDDDDDDDDDDDDDDDDDDDD">
    <name>PIH Malawi</name>
    <description>Partners in Health Malawi concept dictionary</description>
    <creator/>
    <dateCreated id="33">2010-10-24 17:02:20</dateCreated>
    <retired>false</retired>
    <retiredBy/>
    <conceptSourceId>12</conceptSourceId>
  </org.openmrs.ConceptSource>
  <org.openmrs.ConceptSource id="34" uuid="19ADDDDDDDDDDDDDDDDDDDDDDDDDDDDDDDDD">
    <name>3BT</name>
    <description>Belgian Bilingual Bi-encoded Thesaurus (3BT)</description>
    <creator/>
    <dateCreated id="35">2013-02-16 22:25:25</dateCreated>
    <retired>false</retired>
    <retiredBy/>
    <conceptSourceId>19</conceptSourceId>
  </org.openmrs.ConceptSource>
  <org.openmrs.ConceptSource id="36" uuid="29ADDDDDDDDDDDDDDDDDDDDDDDDDDDDDDDDD">
    <name>NCI Concept Code</name>
    <description>National Cancer Institute concept code &#xd;
URL: http://nciterms.nci.nih.gov/ncitbrowser/ConceptReport.jsp?dictionary=NCI_Thesaurus</description>
    <creator/>
    <dateCreated id="37">2015-01-16 19:46:12</dateCreated>
    <retired>false</retired>
    <retiredBy/>
    <conceptSourceId>29</conceptSourceId>
  </org.openmrs.ConceptSource>
  <org.openmrs.ConceptSource id="38" uuid="21ADDDDDDDDDDDDDDDDDDDDDDDDDDDDDDDDD">
    <name>CIEL</name>
    <description>Columbia International eHealth Laboratory concept ID</description>
    <creator/>
    <dateCreated id="39">2013-07-03 15:55:03</dateCreated>
    <retired>false</retired>
    <retiredBy/>
    <conceptSourceId>21</conceptSourceId>
  </org.openmrs.ConceptSource>
  <org.openmrs.ConceptSource id="40" uuid="20ADDDDDDDDDDDDDDDDDDDDDDDDDDDDDDDDD">
    <name>ICPC2</name>
    <description>International Classification of Primary Care version 2 from WONCA.</description>
    <creator/>
    <dateCreated id="41">2013-02-17 15:25:41</dateCreated>
    <retired>false</retired>
    <retiredBy/>
    <conceptSourceId>20</conceptSourceId>
  </org.openmrs.ConceptSource>
  <org.openmrs.ConceptSource id="42" uuid="25ADDDDDDDDDDDDDDDDDDDDDDDDDDDDDDDDD">
    <name>IMO ProcedureIT</name>
    <description>Intelligent Medical Objects, Inc. procedure/test datasource</description>
    <creator/>
    <dateCreated id="43">2013-10-01 13:34:40</dateCreated>
    <retired>false</retired>
    <retiredBy/>
    <conceptSourceId>25</conceptSourceId>
  </org.openmrs.ConceptSource>
</list>
