{"type": "Collection Version", "uuid": "44483", "id": "1.0.2", "short_code": "Queues", "name": "Queues", "full_name": "SIH SALUS Queues", "description": "1.0.2", "collection_type": "Dictionary", "custom_validation_schema": "OpenMRS", "public_access": "View", "default_locale": "es", "supported_locales": ["es"], "website": null, "url": "/orgs/PeruHCE/collections/Queues/", "owner": "PeruHCE", "owner_type": "Organization", "owner_url": "/orgs/PeruHCE/", "version_url": "/orgs/PeruHCE/collections/Queues/1.0.2/", "previous_version_url": "/orgs/PeruHCE/collections/Queues/1.0.1/", "created_on": "2025-02-24T21:12:13.788578Z", "updated_on": "2025-02-24T21:12:14.963395Z", "created_by": "duvet05", "updated_by": "duvet05", "extras": {}, "external_id": null, "version": "1.0.2", "concepts_url": "/orgs/PeruHCE/collections/Queues/1.0.2/concepts/", "mappings_url": "/orgs/PeruHCE/collections/Queues/1.0.2/mappings/", "expansions_url": "/orgs/PeruHCE/collections/Queues/1.0.2/expansions/", "is_processing": true, "released": true, "retired": false, "canonical_url": null, "identifier": {}, "publisher": null, "contact": {}, "jurisdiction": {}, "purpose": null, "copyright": null, "meta": null, "immutable": null, "revision_date": null, "text": null, "experimental": null, "locked_date": null, "autoexpand": true, "expansion_url": "/orgs/PeruHCE/collections/Queues/1.0.2/expansions/autoexpand-1.0.2/", "checksums": {"smart": "38a9f40b06d1dcb9109e807a7e5bc4bf", "standard": "483cdbdb616602e571b9b4d4ad4c6d45"}, "collection": {"id": "Queues", "url": "/orgs/PeruHCE/collections/Queues/", "meta": null, "name": "Queues", "text": null, "type": "Collection", "uuid": "44470", "owner": "PeruHCE", "extras": {}, "contact": {}, "purpose": null, "version": "HEAD", "website": null, "logo_url": null, "checksums": {"smart": "be13fcd29fc16e36d37f230152d1f907", "standard": "483cdbdb616602e571b9b4d4ad4c6d45"}, "copyright": null, "full_name": "SIH SALUS Queues", "immutable": null, "owner_url": "/orgs/PeruHCE/", "publisher": null, "created_by": "duvet05", "created_on": "2025-02-20T17:01:26.449551Z", "identifier": {}, "owner_type": "Organization", "short_code": "Queues", "updated_by": "duvet05", "updated_on": "2025-02-24T21:09:13.649206Z", "description": "SIH SALUS Queues", "external_id": null, "locked_date": null, "concepts_url": "/orgs/PeruHCE/collections/Queues/concepts/", "experimental": null, "jurisdiction": {}, "mappings_url": "/orgs/PeruHCE/collections/Queues/mappings/", "versions_url": "/orgs/PeruHCE/collections/Queues/versions/", "canonical_url": null, "expansion_url": "/orgs/PeruHCE/collections/Queues/HEAD/expansions/autoexpand-HEAD/", "public_access": "View", "revision_date": null, "default_locale": "es", "expansions_url": "/orgs/PeruHCE/collections/Queues/expansions/", "autoexpand_head": true, "collection_type": "Dictionary", "preferred_source": "", "supported_locales": ["es"], "custom_validation_schema": "OpenMRS", "custom_resources_linked_source": ""}, "concepts": [{"type": "Concept", "uuid": "7308089", "id": "2842", "external_id": "8f320b10-7e06-45c7-b9c4-5a0c61a93f3e", "concept_class": "Misc", "datatype": "None", "display_name": "Consulta M\u00e9dica General", "display_locale": "es", "names": [{"uuid": "23303669", "name": "Consulta M\u00e9dica General", "external_id": "2d378f21-e342-4b5d-b0a7-7c44c9874534", "type": "ConceptName", "locale": "es", "locale_preferred": true, "name_type": "Fully-Specified", "checksum": "1f24c49fd4e56865688d51f71029ef58"}, {"uuid": "23303670", "name": "Triaje", "external_id": "fea2dcd9-5ab2-496c-8ffe-d521cc671c4d", "type": "ConceptName", "locale": "es", "locale_preferred": false, "name_type": "Index-Term", "checksum": "33c5c0910ae83d483f0e023a70064358"}, {"uuid": "23303671", "name": "Triaje V", "external_id": "1813c447-466c-49c5-b3a8-05369da4fd7a", "type": "ConceptName", "locale": "es", "locale_preferred": false, "name_type": "", "checksum": "5c60b5044cea46c871c2854416f06525"}], "descriptions": [{"uuid": "2376977", "description": "Ejemplo: Resfr\u00edo com\u00fan, dolor cr\u00f3nico sin cambios recientes.", "external_id": null, "type": "ConceptDescription", "locale": "es", "locale_preferred": true, "description_type": "Definition", "checksum": "8485301c25c2e10761f79dd66e865cb7"}], "extras": {"color": "Azul"}, "retired": false, "source": "sihsalus", "source_url": "/orgs/PeruHCE/sources/sihsalus/", "owner": "PeruHCE", "owner_name": "PeruHCE", "owner_url": "/orgs/PeruHCE/", "version": "7308089", "created_on": "2025-02-24T20:55:08.812100Z", "updated_on": "2025-02-24T20:55:08.819582Z", "version_created_on": "2025-02-24T20:55:08.812100Z", "version_created_by": "duvet05", "update_comment": null, "is_latest_version": true, "locale": null, "url": "/orgs/PeruHCE/sources/sihsalus/concepts/2842/", "owner_type": "Organization", "version_url": "/orgs/PeruHCE/sources/sihsalus/concepts/2842/7308089/", "previous_version_url": null, "parent_concept_urls": [], "child_concept_urls": [], "version_updated_on": "2025-02-24T20:55:08.819582Z", "version_updated_by": "duvet05", "checksums": {"smart": "6cae6af9fbc31604ac172397c86bd2f5", "standard": "17bdb615b34f689c9f466d8557146f4f"}}, {"type": "Concept", "uuid": "7308087", "id": "2841", "external_id": "427a595a-a5ee-4ba7-bcb7-2503248efb31", "concept_class": "Misc", "datatype": "None", "display_name": "Urgencia Menor", "display_locale": "es", "names": [{"uuid": "23303663", "name": "Urgencia Menor", "external_id": "df914881-7200-43ad-9271-e808c8563bb0", "type": "ConceptName", "locale": "es", "locale_preferred": true, "name_type": "Fully-Specified", "checksum": "fce27ba05744b879d770df55698ab5c6"}, {"uuid": "23303664", "name": "Triaje", "external_id": "ed6a7160-9c33-486e-ab18-6266926c7b0f", "type": "ConceptName", "locale": "es", "locale_preferred": false, "name_type": "Index-Term", "checksum": "511ded126ac4628cb53a76421c1cc8e8"}, {"uuid": "23303665", "name": "Triaje IV", "external_id": "9f753112-35dd-4bf4-babb-87e7cf1aec3f", "type": "ConceptName", "locale": "es", "locale_preferred": false, "name_type": "", "checksum": "28d9c0e154863fce5bc8aabbcb0fd0e9"}], "descriptions": [{"uuid": "2376975", "description": "Ejemplo: Infecci\u00f3n urinaria, dolor leve-moderado.", "external_id": null, "type": "ConceptDescription", "locale": "es", "locale_preferred": true, "description_type": "Definition", "checksum": "07e90a2560fc6f47ce2872e23cdf12d3"}], "extras": {"color": "Verde"}, "retired": false, "source": "sihsalus", "source_url": "/orgs/PeruHCE/sources/sihsalus/", "owner": "PeruHCE", "owner_name": "PeruHCE", "owner_url": "/orgs/PeruHCE/", "version": "7308087", "created_on": "2025-02-24T20:54:39.546701Z", "updated_on": "2025-02-24T20:54:39.554697Z", "version_created_on": "2025-02-24T20:54:39.546701Z", "version_created_by": "duvet05", "update_comment": null, "is_latest_version": true, "locale": null, "url": "/orgs/PeruHCE/sources/sihsalus/concepts/2841/", "owner_type": "Organization", "version_url": "/orgs/PeruHCE/sources/sihsalus/concepts/2841/7308087/", "previous_version_url": null, "parent_concept_urls": [], "child_concept_urls": [], "version_updated_on": "2025-02-24T20:54:39.554697Z", "version_updated_by": "duvet05", "checksums": {"smart": "9202c127c6d1847efaf3dabf751d6fc2", "standard": "88c91a9a69b4260408a18820ff185b95"}}, {"type": "Concept", "uuid": "7308085", "id": "2840", "external_id": "ef342bd8-6dd2-4abe-ac29-9eff842dcb8d", "concept_class": "Misc", "datatype": "None", "display_name": "Urgencia M\u00e9dica", "display_locale": "es", "names": [{"uuid": "23303657", "name": "Urgencia M\u00e9dica", "external_id": "0d731a97-df1c-4c69-ba1a-a56bab64c533", "type": "ConceptName", "locale": "es", "locale_preferred": true, "name_type": "Fully-Specified", "checksum": "97b251d6f98c5c8cd69703f6dff129ab"}, {"uuid": "23303658", "name": "Triaje", "external_id": "48a70564-d3df-4d6a-84ec-53ec8890edb5", "type": "ConceptName", "locale": "es", "locale_preferred": false, "name_type": "Index-Term", "checksum": "fc5071d645a1babbbe1bdb12bd3ee731"}, {"uuid": "23303659", "name": "Triaje III", "external_id": "4a2f4caa-1ad1-4bdc-99cb-4764cf5488c7", "type": "ConceptName", "locale": "es", "locale_preferred": false, "name_type": "", "checksum": "3fa7fa075a60bc3976222ce11d852a98"}], "descriptions": [{"uuid": "2376973", "description": "Ejemplo: Fiebre alta persistente, dolor tor\u00e1cico moderado.", "external_id": null, "type": "ConceptDescription", "locale": "es", "locale_preferred": true, "description_type": "Definition", "checksum": "660f143f1372ce45bd1affbb4629607c"}], "extras": {"color": "Amarillo"}, "retired": false, "source": "sihsalus", "source_url": "/orgs/PeruHCE/sources/sihsalus/", "owner": "PeruHCE", "owner_name": "PeruHCE", "owner_url": "/orgs/PeruHCE/", "version": "7308085", "created_on": "2025-02-24T20:53:57.119487Z", "updated_on": "2025-02-24T20:53:57.127166Z", "version_created_on": "2025-02-24T20:53:57.119487Z", "version_created_by": "duvet05", "update_comment": null, "is_latest_version": true, "locale": null, "url": "/orgs/PeruHCE/sources/sihsalus/concepts/2840/", "owner_type": "Organization", "version_url": "/orgs/PeruHCE/sources/sihsalus/concepts/2840/7308085/", "previous_version_url": null, "parent_concept_urls": [], "child_concept_urls": [], "version_updated_on": "2025-02-24T20:53:57.127166Z", "version_updated_by": "duvet05", "checksums": {"smart": "293aa034884cbc45ab436513daf2e051", "standard": "747b604e410aff4d2374940e37f501fd"}}, {"type": "Concept", "uuid": "7308083", "id": "2839", "external_id": "1606e719-d480-40c9-b586-835458ad0a96", "concept_class": "Misc", "datatype": "None", "display_name": "Emergencia Urgente", "display_locale": "es", "names": [{"uuid": "23303651", "name": "Emergencia Urgente", "external_id": "4b2fe8f8-3890-495e-9dfd-584713345495", "type": "ConceptName", "locale": "es", "locale_preferred": true, "name_type": "Fully-Specified", "checksum": "65844d5a09b80bee62bba6938420359a"}, {"uuid": "23303652", "name": "Triaje", "external_id": "0bd9507f-370b-4234-a5ee-58bc1372745d", "type": "ConceptName", "locale": "es", "locale_preferred": false, "name_type": "Index-Term", "checksum": "229d777a4d8c539b0fd8467c0fcdec16"}, {"uuid": "23303653", "name": "Triaje II", "external_id": "23e8868c-2165-440d-a911-fa1d9e10ee50", "type": "ConceptName", "locale": "es", "locale_preferred": false, "name_type": "", "checksum": "0df03fe08614ad34d3e25cf3629b4481"}], "descriptions": [{"uuid": "2376971", "description": "Ejemplo: Crisis hipertensiva, trauma severo sin compromiso vital inmediato.", "external_id": null, "type": "ConceptDescription", "locale": "es", "locale_preferred": true, "description_type": "Definition", "checksum": "811256a31c67e25cddbe4b460b4e1340"}], "extras": {"color": "Naranja"}, "retired": false, "source": "sihsalus", "source_url": "/orgs/PeruHCE/sources/sihsalus/", "owner": "PeruHCE", "owner_name": "PeruHCE", "owner_url": "/orgs/PeruHCE/", "version": "7308083", "created_on": "2025-02-24T20:53:08.633265Z", "updated_on": "2025-02-24T20:53:08.639399Z", "version_created_on": "2025-02-24T20:53:08.633265Z", "version_created_by": "duvet05", "update_comment": null, "is_latest_version": true, "locale": null, "url": "/orgs/PeruHCE/sources/sihsalus/concepts/2839/", "owner_type": "Organization", "version_url": "/orgs/PeruHCE/sources/sihsalus/concepts/2839/7308083/", "previous_version_url": null, "parent_concept_urls": [], "child_concept_urls": [], "version_updated_on": "2025-02-24T20:53:08.639399Z", "version_updated_by": "duvet05", "checksums": {"smart": "6f424dbfae8cc06456b0d8f823344cbb", "standard": "694a65dcec53dc523799fd57c83e5467"}}, {"type": "Concept", "uuid": "7308081", "id": "2838", "external_id": "9b4acfe0-735f-4701-b1c8-4fbf4a66bb7e", "concept_class": "Misc", "datatype": "None", "display_name": "Emergencia Inmediata", "display_locale": "es", "names": [{"uuid": "23303645", "name": "Emergencia Inmediata", "external_id": "0f21c28d-c6a7-4314-ab24-dcbba1428442", "type": "ConceptName", "locale": "es", "locale_preferred": true, "name_type": "Fully-Specified", "checksum": "f22d18ac0d63c7e0f1c2d59733cfef42"}, {"uuid": "23303646", "name": "Triaje", "external_id": "cf228189-db02-4058-be3f-474a23b3d097", "type": "ConceptName", "locale": "es", "locale_preferred": false, "name_type": "Index-Term", "checksum": "a2f97ca23015f24a8b0050013a02d83e"}, {"uuid": "23303647", "name": "Triaje I", "external_id": "a3b069b1-41fb-4cb4-b75c-b2fc7c77c37d", "type": "ConceptName", "locale": "es", "locale_preferred": false, "name_type": "", "checksum": "8b0b4a6f02f32707dac5ab5908746672"}], "descriptions": [{"uuid": "2376969", "description": "Ejemplo: Paro cardiorrespiratorio, shock, politraumatismo grave.", "external_id": null, "type": "ConceptDescription", "locale": "es", "locale_preferred": true, "description_type": "Definition", "checksum": "308f474b5402096c527c77302410db29"}], "extras": {"color": "Rojo"}, "retired": false, "source": "sihsalus", "source_url": "/orgs/PeruHCE/sources/sihsalus/", "owner": "PeruHCE", "owner_name": "PeruHCE", "owner_url": "/orgs/PeruHCE/", "version": "7308081", "created_on": "2025-02-24T20:52:26.043651Z", "updated_on": "2025-02-24T20:52:26.051406Z", "version_created_on": "2025-02-24T20:52:26.043651Z", "version_created_by": "duvet05", "update_comment": null, "is_latest_version": true, "locale": null, "url": "/orgs/PeruHCE/sources/sihsalus/concepts/2838/", "owner_type": "Organization", "version_url": "/orgs/PeruHCE/sources/sihsalus/concepts/2838/7308081/", "previous_version_url": null, "parent_concept_urls": [], "child_concept_urls": [], "version_updated_on": "2025-02-24T20:52:26.051406Z", "version_updated_by": "duvet05", "checksums": {"smart": "499cb6f20132ddeb2b2b221b91c0d72e", "standard": "46732c6e39a3984109dc6e9eaf887934"}}, {"type": "Concept", "uuid": "7308079", "id": "2837", "external_id": "933e6d55-d64a-498d-b1b2-b3d5242e4199", "concept_class": "ConvSet", "datatype": "None", "display_name": "Sistema de Triaje de Cinco Niveles", "display_locale": "es", "names": [{"uuid": "23303640", "name": "Sistema de Triaje de Cinco Niveles", "external_id": "642dd7e6-3a7e-41c6-aa38-e05f89395cbe", "type": "ConceptName", "locale": "es", "locale_preferred": true, "name_type": "Fully-Specified", "checksum": "a0755122e4022dfa6e0df9b3c37ad2bb"}, {"uuid": "23303641", "name": "CTAS", "external_id": "1ff3a246-cb7a-4906-a1cb-a3d825cbc503", "type": "ConceptName", "locale": "es", "locale_preferred": false, "name_type": "Short", "checksum": "6df4b348850d0d69aca9136cac6872a0"}], "descriptions": [{"uuid": "2376967", "description": "El C\u00f3digo de Triaje en Per\u00fa sigue la normativa establecida por el Ministerio de Salud (MINSA), basada en la categorizaci\u00f3n de triaje del Sistema de Triaje de Cinco Niveles (CTAS), adaptado al contexto nacional. Se usa en hospitales y centros de salud para priorizar la atenci\u00f3n de los pacientes seg\u00fan la gravedad de su condici\u00f3n.", "external_id": null, "type": "ConceptDescription", "locale": "es", "locale_preferred": true, "description_type": "Definition", "checksum": "d9b6cc54ddf2a2fb16b4d193de8b96e1"}], "extras": {}, "retired": false, "source": "sihsalus", "source_url": "/orgs/PeruHCE/sources/sihsalus/", "owner": "PeruHCE", "owner_name": "PeruHCE", "owner_url": "/orgs/PeruHCE/", "version": "7308079", "created_on": "2025-02-24T20:50:05.474431Z", "updated_on": "2025-02-24T20:50:05.480658Z", "version_created_on": "2025-02-24T20:50:05.474431Z", "version_created_by": "duvet05", "update_comment": null, "is_latest_version": true, "locale": null, "url": "/orgs/PeruHCE/sources/sihsalus/concepts/2837/", "owner_type": "Organization", "version_url": "/orgs/PeruHCE/sources/sihsalus/concepts/2837/7308079/", "previous_version_url": null, "parent_concept_urls": [], "child_concept_urls": [], "version_updated_on": "2025-02-24T20:50:05.480658Z", "version_updated_by": "duvet05", "checksums": {"smart": "25b71253af0ce08b03e1772fd2d111e7", "standard": "bc0c3bdc961e3856bb4831721253c43f"}}, {"type": "Concept", "uuid": "7306219", "id": "2724", "external_id": "4bf3f465-ac91-44fa-9b1f-173daf0c89a0", "concept_class": "ConvSet", "datatype": "N/A", "display_name": "Tipo de Servicio", "display_locale": "es", "names": [{"uuid": "23298355", "name": "Tipo de Servicio", "external_id": "02c854cd-0a31-43f5-905d-b1392dfd09ff", "type": "ConceptName", "locale": "es", "locale_preferred": true, "name_type": "Fully-Specified", "checksum": "12b16c2c631114d0e332bbfdec4e6527"}], "descriptions": [{"uuid": "2376060", "description": "Service area description, e.g. Triage, Clinical Consult, etc.", "external_id": "94ea65cc-16c9-4671-b2d9-c7b0d9117d25", "type": "ConceptDescription", "locale": "en", "locale_preferred": false, "description_type": "None", "checksum": "4e8620a85bd44d93727aaac721142141"}], "extras": {}, "retired": false, "source": "sihsalus", "source_url": "/orgs/PeruHCE/sources/sihsalus/", "owner": "PeruHCE", "owner_name": "PeruHCE", "owner_url": "/orgs/PeruHCE/", "version": "7306219", "created_on": "2025-02-20T17:19:06.245311Z", "updated_on": "2025-02-20T17:19:06.247796Z", "version_created_on": "2025-02-20T17:19:06.245311Z", "version_created_by": "duvet05", "update_comment": "tropicalizado", "is_latest_version": true, "locale": null, "url": "/orgs/PeruHCE/sources/sihsalus/concepts/2724/", "owner_type": "Organization", "version_url": "/orgs/PeruHCE/sources/sihsalus/concepts/2724/7306219/", "previous_version_url": "/orgs/PeruHCE/sources/sihsalus/concepts/2724/7306209/", "parent_concept_urls": [], "child_concept_urls": [], "version_updated_on": "2025-02-20T17:19:06.247796Z", "version_updated_by": "duvet05", "checksums": {"smart": "8567bca9d75f86478d56d6356aecd68a", "standard": "736dc4125c65007b37b68ee8ac112743"}}, {"type": "Concept", "uuid": "7306213", "id": "2729", "external_id": "bf3a08c6-cbe6-4f00-8e06-5f5437790b85", "concept_class": "Misc", "datatype": "N/A", "display_name": "No Urgente", "display_locale": "es", "names": [{"uuid": "23298349", "name": "No Urgente", "external_id": "175654f5-3bf3-456c-9b1a-e8e807c14658", "type": "ConceptName", "locale": "es", "locale_preferred": true, "name_type": "Fully-Specified", "checksum": "55e8f55b48f324ae7a743c7be8d6e58f"}], "descriptions": [{"uuid": "2376054", "description": "Priority is \"Not Urgent\" or non-urgent.", "external_id": "43e1c2a1-017b-4764-a94a-3d1c4313e45b", "type": "ConceptDescription", "locale": "en", "locale_preferred": false, "description_type": "None", "checksum": "60d73a5c213f0f3718ae0c4907a1cb83"}], "extras": {}, "retired": false, "source": "sihsalus", "source_url": "/orgs/PeruHCE/sources/sihsalus/", "owner": "PeruHCE", "owner_name": "PeruHCE", "owner_url": "/orgs/PeruHCE/", "version": "7306213", "created_on": "2025-02-20T17:14:47.998263Z", "updated_on": "2025-02-20T17:14:48.003343Z", "version_created_on": "2025-02-20T17:14:47.998263Z", "version_created_by": "duvet05", "update_comment": "tropicalizado", "is_latest_version": true, "locale": null, "url": "/orgs/PeruHCE/sources/sihsalus/concepts/2729/", "owner_type": "Organization", "version_url": "/orgs/PeruHCE/sources/sihsalus/concepts/2729/7306213/", "previous_version_url": "/orgs/PeruHCE/sources/sihsalus/concepts/2729/7306201/", "parent_concept_urls": [], "child_concept_urls": [], "version_updated_on": "2025-02-20T17:14:48.003343Z", "version_updated_by": "duvet05", "checksums": {"smart": "1a360c5d920da1f2dca6c79dc0ae4de5", "standard": "f338888b94578737b47bd42872a568fc"}}, {"type": "Concept", "uuid": "7306212", "id": "2728", "external_id": "b96959db-2106-4ce7-b39b-6fcb2ca88cda", "concept_class": "Misc", "datatype": "N/A", "display_name": "Urgente", "display_locale": "es", "names": [{"uuid": "23298347", "name": "Urgente", "external_id": "82fadaac-33af-4536-ba58-b6055ca2e8fc", "type": "ConceptName", "locale": "es", "locale_preferred": true, "name_type": "Fully-Specified", "checksum": "23cacc33961598bb1fb737e0817809e1"}], "descriptions": [{"uuid": "2376052", "description": "Queue priority level is \"Urgent\".", "external_id": "ee8f06de-ee1c-4a55-bf7f-77c83dac3d18", "type": "ConceptDescription", "locale": "en", "locale_preferred": false, "description_type": "None", "checksum": "118d0bfab55d727197448760b9764423"}], "extras": {}, "retired": false, "source": "sihsalus", "source_url": "/orgs/PeruHCE/sources/sihsalus/", "owner": "PeruHCE", "owner_name": "PeruHCE", "owner_url": "/orgs/PeruHCE/", "version": "7306212", "created_on": "2025-02-20T17:14:28.799716Z", "updated_on": "2025-02-20T17:14:28.805071Z", "version_created_on": "2025-02-20T17:14:28.799716Z", "version_created_by": "duvet05", "update_comment": "tropicalizado", "is_latest_version": true, "locale": null, "url": "/orgs/PeruHCE/sources/sihsalus/concepts/2728/", "owner_type": "Organization", "version_url": "/orgs/PeruHCE/sources/sihsalus/concepts/2728/7306212/", "previous_version_url": "/orgs/PeruHCE/sources/sihsalus/concepts/2728/7306199/", "parent_concept_urls": [], "child_concept_urls": [], "version_updated_on": "2025-02-20T17:14:28.805071Z", "version_updated_by": "duvet05", "checksums": {"smart": "577d727fcb6643241dc4e2d71d5c6b83", "standard": "54108f75a2fc0e25acca7b99fef4ff8c"}}, {"type": "Concept", "uuid": "7306211", "id": "2726", "external_id": "d736c954-601f-4d8b-b778-6df7f3ed3767", "concept_class": "ConvSet", "datatype": "N/A", "display_name": "Prioridad", "display_locale": "es", "names": [{"uuid": "23298345", "name": "Prioridad", "external_id": "bf3a7fb3-a41b-4bb1-ab5e-1331270033dc", "type": "ConceptName", "locale": "es", "locale_preferred": true, "name_type": "Fully-Specified", "checksum": "7f3cb4e321d14e38eb81aac55c7caf9d"}], "descriptions": [{"uuid": "2376050", "description": "Demo priority levels for the Priority field in Queue flow.", "external_id": "89ff9eb0-c951-420c-9c81-1501a11f8716", "type": "ConceptDescription", "locale": "en", "locale_preferred": false, "description_type": "None", "checksum": "d3c1b6725fe786fab77db094213ca9ff"}], "extras": {}, "retired": false, "source": "sihsalus", "source_url": "/orgs/PeruHCE/sources/sihsalus/", "owner": "PeruHCE", "owner_name": "PeruHCE", "owner_url": "/orgs/PeruHCE/", "version": "7306211", "created_on": "2025-02-20T17:10:24.251081Z", "updated_on": "2025-02-20T17:10:24.255591Z", "version_created_on": "2025-02-20T17:10:24.251081Z", "version_created_by": "duvet05", "update_comment": "tropicalizado", "is_latest_version": true, "locale": null, "url": "/orgs/PeruHCE/sources/sihsalus/concepts/2726/", "owner_type": "Organization", "version_url": "/orgs/PeruHCE/sources/sihsalus/concepts/2726/7306211/", "previous_version_url": "/orgs/PeruHCE/sources/sihsalus/concepts/2726/7306196/", "parent_concept_urls": [], "child_concept_urls": [], "version_updated_on": "2025-02-20T17:10:24.255591Z", "version_updated_by": "duvet05", "checksums": {"smart": "f7ec9c518bd6d7c0b9597ece5e41a446", "standard": "94383b93f1467ef79c6063bf37cc6e29"}}, {"type": "Concept", "uuid": "7306210", "id": "2725", "external_id": "ea771a12-c8e4-49fd-a09c-6d6d8796aaa4", "concept_class": "Misc", "datatype": "N/A", "display_name": "Triaje", "display_locale": "es", "names": [{"uuid": "23298343", "name": "Triaje", "external_id": "048f510a-aaca-4a9c-94ec-c11e8af81f6d", "type": "ConceptName", "locale": "es", "locale_preferred": true, "name_type": "Fully-Specified", "checksum": "4bbebadc067f70dabae3a02026ca6964"}], "descriptions": [{"uuid": "2376048", "description": "Service area is Triage.", "external_id": "e839627f-3037-4ac6-acec-be54cab66d07", "type": "ConceptDescription", "locale": "en", "locale_preferred": false, "description_type": "None", "checksum": "2695c74ff1b369fc2cb01019206f3a81"}], "extras": {}, "retired": false, "source": "sihsalus", "source_url": "/orgs/PeruHCE/sources/sihsalus/", "owner": "PeruHCE", "owner_name": "PeruHCE", "owner_url": "/orgs/PeruHCE/", "version": "7306210", "created_on": "2025-02-20T17:09:43.228992Z", "updated_on": "2025-02-20T17:09:43.232792Z", "version_created_on": "2025-02-20T17:09:43.228992Z", "version_created_by": "duvet05", "update_comment": "tropicalizado", "is_latest_version": true, "locale": null, "url": "/orgs/PeruHCE/sources/sihsalus/concepts/2725/", "owner_type": "Organization", "version_url": "/orgs/PeruHCE/sources/sihsalus/concepts/2725/7306210/", "previous_version_url": "/orgs/PeruHCE/sources/sihsalus/concepts/2725/7306194/", "parent_concept_urls": [], "child_concept_urls": [], "version_updated_on": "2025-02-20T17:09:43.232792Z", "version_updated_by": "duvet05", "checksums": {"smart": "ad90ccad09cb663225ebc2a527a5a192", "standard": "361d22d23db41ff18219fbb3e84750c6"}}, {"type": "Concept", "uuid": "7306206", "id": "2723", "external_id": "707b1d1e-d7f7-4dad-a382-3734e35933c3", "concept_class": "Misc", "datatype": "N/A", "display_name": "Servicio Finalizado", "display_locale": "es", "names": [{"uuid": "23298337", "name": "Servicio Finalizado", "external_id": "5585edc7-c2d5-4213-949a-40180d5a99aa", "type": "ConceptName", "locale": "es", "locale_preferred": true, "name_type": "Fully-Specified", "checksum": "3915a5226b0bd4396e3db96b310e0a97"}], "descriptions": [], "extras": {}, "retired": false, "source": "sihsalus", "source_url": "/orgs/PeruHCE/sources/sihsalus/", "owner": "PeruHCE", "owner_name": "PeruHCE", "owner_url": "/orgs/PeruHCE/", "version": "7306206", "created_on": "2025-02-20T17:06:07.451916Z", "updated_on": "2025-02-20T17:06:07.456145Z", "version_created_on": "2025-02-20T17:06:07.451916Z", "version_created_by": "duvet05", "update_comment": "tropicalizado", "is_latest_version": true, "locale": null, "url": "/orgs/PeruHCE/sources/sihsalus/concepts/2723/", "owner_type": "Organization", "version_url": "/orgs/PeruHCE/sources/sihsalus/concepts/2723/7306206/", "previous_version_url": "/orgs/PeruHCE/sources/sihsalus/concepts/2723/7306190/", "parent_concept_urls": [], "child_concept_urls": [], "version_updated_on": "2025-02-20T17:06:07.456145Z", "version_updated_by": "duvet05", "checksums": {"smart": "5ca8ff2799cb83d31288aacb081607e6", "standard": "b150b17ffe9c657e01857e51151a26f9"}}, {"type": "Concept", "uuid": "7306205", "id": "2722", "external_id": "9d7c8a4b-2c08-4f54-b2dd-5c5fd325029c", "concept_class": "Misc", "datatype": "N/A", "display_name": "Atendi\u00e9ndose", "display_locale": "es", "names": [{"uuid": "23298335", "name": "Atendi\u00e9ndose", "external_id": "97258667-65f7-45a6-b8ba-049da968fdc0", "type": "ConceptName", "locale": "es", "locale_preferred": true, "name_type": "Fully-Specified", "checksum": "35f6a89c5110086f7fb07830c078cc02"}], "descriptions": [{"uuid": "2376042", "description": "Currently in service (as opposed to waiting or on hold)", "external_id": "ced54ac4-61e5-4a92-8af2-3462177c53f6", "type": "ConceptDescription", "locale": "en", "locale_preferred": false, "description_type": "None", "checksum": "15f2c35fd6c5b25d634682161a249477"}], "extras": {}, "retired": false, "source": "sihsalus", "source_url": "/orgs/PeruHCE/sources/sihsalus/", "owner": "PeruHCE", "owner_name": "PeruHCE", "owner_url": "/orgs/PeruHCE/", "version": "7306205", "created_on": "2025-02-20T17:05:25.929163Z", "updated_on": "2025-02-20T17:05:25.934092Z", "version_created_on": "2025-02-20T17:05:25.929163Z", "version_created_by": "duvet05", "update_comment": "tropicalizado", "is_latest_version": true, "locale": null, "url": "/orgs/PeruHCE/sources/sihsalus/concepts/2722/", "owner_type": "Organization", "version_url": "/orgs/PeruHCE/sources/sihsalus/concepts/2722/7306205/", "previous_version_url": "/orgs/PeruHCE/sources/sihsalus/concepts/2722/7306188/", "parent_concept_urls": [], "child_concept_urls": [], "version_updated_on": "2025-02-20T17:05:25.934092Z", "version_updated_by": "duvet05", "checksums": {"smart": "9c5d9dc23451f0ce438daae430d8bad5", "standard": "9fdeaeb443838374b1e46bbea750e622"}}, {"type": "Concept", "uuid": "7306204", "id": "2721", "external_id": "733d4911-cd4e-4b11-a47c-8e7c74159052", "concept_class": "Misc", "datatype": "N/A", "display_name": "Esperando", "display_locale": "es", "names": [{"uuid": "23298333", "name": "Esperando", "external_id": "00b10946-90e3-4059-b186-4f9a2932e80a", "type": "ConceptName", "locale": "es", "locale_preferred": true, "name_type": "Fully-Specified", "checksum": "f60ed028d2cf4b840400b508529ae432"}], "descriptions": [{"uuid": "2376040", "description": "Waiting for service.", "external_id": "575f7eeb-6fd3-4b73-8130-2bd48f846d97", "type": "ConceptDescription", "locale": "en", "locale_preferred": false, "description_type": "None", "checksum": "526148126fb95a666d93f8de15944aa0"}], "extras": {}, "retired": false, "source": "sihsalus", "source_url": "/orgs/PeruHCE/sources/sihsalus/", "owner": "PeruHCE", "owner_name": "PeruHCE", "owner_url": "/orgs/PeruHCE/", "version": "7306204", "created_on": "2025-02-20T17:04:30.379298Z", "updated_on": "2025-02-20T17:04:30.384302Z", "version_created_on": "2025-02-20T17:04:30.379298Z", "version_created_by": "duvet05", "update_comment": "tropicalizado", "is_latest_version": true, "locale": null, "url": "/orgs/PeruHCE/sources/sihsalus/concepts/2721/", "owner_type": "Organization", "version_url": "/orgs/PeruHCE/sources/sihsalus/concepts/2721/7306204/", "previous_version_url": "/orgs/PeruHCE/sources/sihsalus/concepts/2721/7306186/", "parent_concept_urls": [], "child_concept_urls": [], "version_updated_on": "2025-02-20T17:04:30.384302Z", "version_updated_by": "duvet05", "checksums": {"smart": "a7055ffbfe5388a586dc7fe7ae6777b8", "standard": "85a4c14104c4c7d20f7c43e3f7cba284"}}, {"type": "Concept", "uuid": "7306203", "id": "2720", "external_id": "a10612bc-373d-44cf-8a1a-277e65f7fcf9", "concept_class": "ConvSet", "datatype": "N/A", "display_name": "Estado", "display_locale": "es", "names": [{"uuid": "23298331", "name": "Estado", "external_id": "8bb4785b-2406-4263-9bf1-01fe7f616e19", "type": "ConceptName", "locale": "es", "locale_preferred": true, "name_type": "Fully-Specified", "checksum": "d61a03969aef8168f1ace84aa0d13999"}], "descriptions": [{"uuid": "2376038", "description": "Status, such as Waiting, Done, etc.", "external_id": "c323a649-5dde-4dba-a1d5-650f8f78deaa", "type": "ConceptDescription", "locale": "en", "locale_preferred": false, "description_type": "None", "checksum": "e48fbca6b7eb8717c48dda76f2b4f6f6"}], "extras": {}, "retired": false, "source": "sihsalus", "source_url": "/orgs/PeruHCE/sources/sihsalus/", "owner": "PeruHCE", "owner_name": "PeruHCE", "owner_url": "/orgs/PeruHCE/", "version": "7306203", "created_on": "2025-02-20T17:04:03.535945Z", "updated_on": "2025-02-20T17:04:03.543958Z", "version_created_on": "2025-02-20T17:04:03.535945Z", "version_created_by": "duvet05", "update_comment": "tropicalizado", "is_latest_version": false, "locale": null, "url": "/orgs/PeruHCE/sources/sihsalus/concepts/2720/", "owner_type": "Organization", "version_url": "/orgs/PeruHCE/sources/sihsalus/concepts/2720/7306203/", "previous_version_url": "/orgs/PeruHCE/sources/sihsalus/concepts/2720/7306184/", "parent_concept_urls": [], "child_concept_urls": [], "version_updated_on": "2025-02-20T17:04:03.543958Z", "version_updated_by": "duvet05", "checksums": {"smart": "b910434660d27e9a7f7c5ed8a7321d28", "standard": "73c17af7565df8dcd004f2165c53bd82"}}, {"type": "Concept", "uuid": "7306202", "id": "2719", "external_id": "0f819fa7-864f-4f60-a50a-03d0b82daa73", "concept_class": "Misc", "datatype": "N/A", "display_name": "Consulta Ambulatoria", "display_locale": "es", "names": [{"uuid": "23298329", "name": "Consulta Ambulatoria", "external_id": "cc4dec85-eb65-4234-9e29-4c0601690b10", "type": "ConceptName", "locale": "es", "locale_preferred": true, "name_type": "Fully-Specified", "checksum": "45ac9157143c09bfdb169308d36b5261"}], "descriptions": [], "extras": {}, "retired": false, "source": "sihsalus", "source_url": "/orgs/PeruHCE/sources/sihsalus/", "owner": "PeruHCE", "owner_name": "PeruHCE", "owner_url": "/orgs/PeruHCE/", "version": "7306202", "created_on": "2025-02-20T17:03:17.655567Z", "updated_on": "2025-02-20T17:03:17.658227Z", "version_created_on": "2025-02-20T17:03:17.655567Z", "version_created_by": "duvet05", "update_comment": "tropicalizado", "is_latest_version": true, "locale": null, "url": "/orgs/PeruHCE/sources/sihsalus/concepts/2719/", "owner_type": "Organization", "version_url": "/orgs/PeruHCE/sources/sihsalus/concepts/2719/7306202/", "previous_version_url": "/orgs/PeruHCE/sources/sihsalus/concepts/2719/7306182/", "parent_concept_urls": [], "child_concept_urls": [], "version_updated_on": "2025-02-20T17:03:17.658227Z", "version_updated_by": "duvet05", "checksums": {"smart": "f2b8130ea406ceceaf1a1bc8a7c4005b", "standard": "c9746d5159d325aeaf2ae67fd424bfca"}}], "references": [{"expression": "/orgs/PeruHCE/sources/sihsalus/mappings/371031d5-d387-4efe-92f1-1b438fe2780b/", "reference_type": "mappings", "id": 9704270, "last_resolved_at": "2025-02-24T21:12:14.890711Z", "uri": "/orgs/PeruHCE/collections/Queues/1.0.2/references/9704270/", "uuid": "9704270", "include": true, "type": "CollectionReference"}, {"expression": "/orgs/PeruHCE/sources/sihsalus/mappings/f5fd486f-045a-4776-8b37-a5f47ebcc550/", "reference_type": "mappings", "id": 9704269, "last_resolved_at": "2025-02-24T21:12:14.862995Z", "uri": "/orgs/PeruHCE/collections/Queues/1.0.2/references/9704269/", "uuid": "9704269", "include": true, "type": "CollectionReference"}, {"expression": "/orgs/PeruHCE/sources/sihsalus/concepts/2726/", "reference_type": "concepts", "id": 9704268, "last_resolved_at": "2025-02-24T21:12:14.835160Z", "uri": "/orgs/PeruHCE/collections/Queues/1.0.2/references/9704268/", "uuid": "9704268", "include": true, "type": "CollectionReference"}, {"expression": "/orgs/PeruHCE/sources/sihsalus/mappings/da8811b3-7f51-48e9-973f-71ff56013d00/", "reference_type": "mappings", "id": 9704267, "last_resolved_at": "2025-02-24T21:12:14.808000Z", "uri": "/orgs/PeruHCE/collections/Queues/1.0.2/references/9704267/", "uuid": "9704267", "include": false, "type": "CollectionReference"}, {"expression": "/orgs/PeruHCE/sources/sihsalus/mappings/9b706262-4376-461f-b20b-5e7432c89e62/", "reference_type": "mappings", "id": 9704266, "last_resolved_at": "2025-02-24T21:12:14.780872Z", "uri": "/orgs/PeruHCE/collections/Queues/1.0.2/references/9704266/", "uuid": "9704266", "include": true, "type": "CollectionReference"}, {"expression": "/orgs/PeruHCE/sources/sihsalus/mappings/607f2e57-48c6-4aa3-b723-1d661961d1be/", "reference_type": "mappings", "id": 9704265, "last_resolved_at": "2025-02-24T21:12:14.753833Z", "uri": "/orgs/PeruHCE/collections/Queues/1.0.2/references/9704265/", "uuid": "9704265", "include": true, "type": "CollectionReference"}, {"expression": "/orgs/PeruHCE/sources/sihsalus/mappings/4331964c-b949-49f0-b726-960a71933a70/", "reference_type": "mappings", "id": 9704264, "last_resolved_at": "2025-02-24T21:12:14.726815Z", "uri": "/orgs/PeruHCE/collections/Queues/1.0.2/references/9704264/", "uuid": "9704264", "include": true, "type": "CollectionReference"}, {"expression": "/orgs/PeruHCE/sources/sihsalus/mappings/52d06f69-8488-41be-900d-95bda551851b/", "reference_type": "mappings", "id": 9704263, "last_resolved_at": "2025-02-24T21:12:14.699979Z", "uri": "/orgs/PeruHCE/collections/Queues/1.0.2/references/9704263/", "uuid": "9704263", "include": true, "type": "CollectionReference"}, {"expression": "/orgs/PeruHCE/sources/sihsalus/mappings/3fd6cdd9-582e-4ba8-98ff-8871e6199b81/", "reference_type": "mappings", "id": 9704262, "last_resolved_at": "2025-02-24T21:12:14.672604Z", "uri": "/orgs/PeruHCE/collections/Queues/1.0.2/references/9704262/", "uuid": "9704262", "include": true, "type": "CollectionReference"}, {"expression": "/orgs/PeruHCE/sources/sihsalus/concepts/2840/", "reference_type": "concepts", "id": 9704261, "last_resolved_at": "2025-02-24T21:12:14.645810Z", "uri": "/orgs/PeruHCE/collections/Queues/1.0.2/references/9704261/", "uuid": "9704261", "include": true, "type": "CollectionReference"}, {"expression": "/orgs/PeruHCE/sources/sihsalus/concepts/2839/", "reference_type": "concepts", "id": 9704260, "last_resolved_at": "2025-02-24T21:12:14.619164Z", "uri": "/orgs/PeruHCE/collections/Queues/1.0.2/references/9704260/", "uuid": "9704260", "include": true, "type": "CollectionReference"}, {"expression": "/orgs/PeruHCE/sources/sihsalus/concepts/2837/", "reference_type": "concepts", "id": 9704259, "last_resolved_at": "2025-02-24T21:12:14.591636Z", "uri": "/orgs/PeruHCE/collections/Queues/1.0.2/references/9704259/", "uuid": "9704259", "include": true, "type": "CollectionReference"}, {"expression": "/orgs/PeruHCE/sources/sihsalus/concepts/2838/", "reference_type": "concepts", "id": 9704258, "last_resolved_at": "2025-02-24T21:12:14.563058Z", "uri": "/orgs/PeruHCE/collections/Queues/1.0.2/references/9704258/", "uuid": "9704258", "include": true, "type": "CollectionReference"}, {"expression": "/orgs/PeruHCE/sources/sihsalus/concepts/2842/", "reference_type": "concepts", "id": 9704257, "last_resolved_at": "2025-02-24T21:12:14.534679Z", "uri": "/orgs/PeruHCE/collections/Queues/1.0.2/references/9704257/", "uuid": "9704257", "include": true, "type": "CollectionReference"}, {"expression": "/orgs/PeruHCE/sources/sihsalus/concepts/2841/", "reference_type": "concepts", "id": 9704256, "last_resolved_at": "2025-02-24T21:12:14.507198Z", "uri": "/orgs/PeruHCE/collections/Queues/1.0.2/references/9704256/", "uuid": "9704256", "include": true, "type": "CollectionReference"}, {"expression": "/orgs/PeruHCE/sources/sihsalus/mappings/1243de04-5424-45d2-b7ed-87503412bba0/", "reference_type": "mappings", "id": 9704255, "last_resolved_at": "2025-02-24T21:12:14.479932Z", "uri": "/orgs/PeruHCE/collections/Queues/1.0.2/references/9704255/", "uuid": "9704255", "include": true, "type": "CollectionReference"}, {"expression": "/orgs/PeruHCE/sources/sihsalus/mappings/8bb8974d-0052-4dba-895e-eca578dfcc48/", "reference_type": "mappings", "id": 9704254, "last_resolved_at": "2025-02-24T21:12:14.452181Z", "uri": "/orgs/PeruHCE/collections/Queues/1.0.2/references/9704254/", "uuid": "9704254", "include": true, "type": "CollectionReference"}, {"expression": "/orgs/PeruHCE/sources/sihsalus/mappings/d8b9930c-e3d3-43de-9aa5-533fc1d4af9c/", "reference_type": "mappings", "id": 9704253, "last_resolved_at": "2025-02-24T21:12:14.424951Z", "uri": "/orgs/PeruHCE/collections/Queues/1.0.2/references/9704253/", "uuid": "9704253", "include": true, "type": "CollectionReference"}, {"expression": "/orgs/PeruHCE/sources/sihsalus/mappings/a3728523-134b-44a4-b59a-7187d2ab5678/", "reference_type": "mappings", "id": 9704252, "last_resolved_at": "2025-02-24T21:12:14.397173Z", "uri": "/orgs/PeruHCE/collections/Queues/1.0.2/references/9704252/", "uuid": "9704252", "include": true, "type": "CollectionReference"}, {"expression": "/orgs/PeruHCE/sources/sihsalus/concepts/2720/", "reference_type": "concepts", "id": 9704251, "last_resolved_at": "2025-02-24T21:12:14.369928Z", "uri": "/orgs/PeruHCE/collections/Queues/1.0.2/references/9704251/", "uuid": "9704251", "include": true, "type": "CollectionReference"}, {"expression": "/orgs/PeruHCE/sources/sihsalus/mappings/bf08f487-9907-4987-87d5-1c95db37478d/", "reference_type": "mappings", "id": 9704250, "last_resolved_at": "2025-02-24T21:12:14.342716Z", "uri": "/orgs/PeruHCE/collections/Queues/1.0.2/references/9704250/", "uuid": "9704250", "include": true, "type": "CollectionReference"}, {"expression": "/orgs/PeruHCE/sources/sihsalus/concepts/2721/", "reference_type": "concepts", "id": 9704249, "last_resolved_at": "2025-02-24T21:12:14.315703Z", "uri": "/orgs/PeruHCE/collections/Queues/1.0.2/references/9704249/", "uuid": "9704249", "include": true, "type": "CollectionReference"}, {"expression": "/orgs/PeruHCE/sources/sihsalus/mappings/5a9e5cf8-0c35-47a2-a03f-9d41a9c10f3d/", "reference_type": "mappings", "id": 9704248, "last_resolved_at": "2025-02-24T21:12:14.287775Z", "uri": "/orgs/PeruHCE/collections/Queues/1.0.2/references/9704248/", "uuid": "9704248", "include": true, "type": "CollectionReference"}, {"expression": "/orgs/PeruHCE/sources/sihsalus/concepts/2722/", "reference_type": "concepts", "id": 9704247, "last_resolved_at": "2025-02-24T21:12:14.258440Z", "uri": "/orgs/PeruHCE/collections/Queues/1.0.2/references/9704247/", "uuid": "9704247", "include": true, "type": "CollectionReference"}, {"expression": "/orgs/PeruHCE/sources/sihsalus/mappings/fcb4bb0c-729c-4a47-8961-49192430c69f/", "reference_type": "mappings", "id": 9704246, "last_resolved_at": "2025-02-24T21:12:14.231138Z", "uri": "/orgs/PeruHCE/collections/Queues/1.0.2/references/9704246/", "uuid": "9704246", "include": true, "type": "CollectionReference"}, {"expression": "/orgs/PeruHCE/sources/sihsalus/concepts/2723/", "reference_type": "concepts", "id": 9704245, "last_resolved_at": "2025-02-24T21:12:14.203508Z", "uri": "/orgs/PeruHCE/collections/Queues/1.0.2/references/9704245/", "uuid": "9704245", "include": true, "type": "CollectionReference"}, {"expression": "/orgs/PeruHCE/sources/sihsalus/mappings/b416ee3e-7c83-471a-9ed9-b2d3049e262a/", "reference_type": "mappings", "id": 9704244, "last_resolved_at": "2025-02-24T21:12:14.176062Z", "uri": "/orgs/PeruHCE/collections/Queues/1.0.2/references/9704244/", "uuid": "9704244", "include": true, "type": "CollectionReference"}, {"expression": "/orgs/PeruHCE/sources/sihsalus/concepts/2728/", "reference_type": "concepts", "id": 9704243, "last_resolved_at": "2025-02-24T21:12:14.148047Z", "uri": "/orgs/PeruHCE/collections/Queues/1.0.2/references/9704243/", "uuid": "9704243", "include": true, "type": "CollectionReference"}, {"expression": "/orgs/PeruHCE/sources/sihsalus/mappings/49a733e2-435b-4a1c-b08b-2ace8345c01b/", "reference_type": "mappings", "id": 9704242, "last_resolved_at": "2025-02-24T21:12:14.120365Z", "uri": "/orgs/PeruHCE/collections/Queues/1.0.2/references/9704242/", "uuid": "9704242", "include": true, "type": "CollectionReference"}, {"expression": "/orgs/PeruHCE/sources/sihsalus/concepts/2729/", "reference_type": "concepts", "id": 9704241, "last_resolved_at": "2025-02-24T21:12:14.092527Z", "uri": "/orgs/PeruHCE/collections/Queues/1.0.2/references/9704241/", "uuid": "9704241", "include": true, "type": "CollectionReference"}, {"expression": "/orgs/PeruHCE/sources/sihsalus/mappings/9942ed0e-1f79-4a55-b0d4-1a2f577210bb/", "reference_type": "mappings", "id": 9704240, "last_resolved_at": "2025-02-24T21:12:14.065320Z", "uri": "/orgs/PeruHCE/collections/Queues/1.0.2/references/9704240/", "uuid": "9704240", "include": true, "type": "CollectionReference"}, {"expression": "/orgs/PeruHCE/sources/sihsalus/mappings/8da32609-dc29-4603-ada9-394af7958872/", "reference_type": "mappings", "id": 9704239, "last_resolved_at": "2025-02-24T21:12:14.036950Z", "uri": "/orgs/PeruHCE/collections/Queues/1.0.2/references/9704239/", "uuid": "9704239", "include": true, "type": "CollectionReference"}, {"expression": "/orgs/PeruHCE/sources/sihsalus/mappings/e17d26d2-d114-4c43-bbb6-be8b25372f23/", "reference_type": "mappings", "id": 9704238, "last_resolved_at": "2025-02-24T21:12:14.008862Z", "uri": "/orgs/PeruHCE/collections/Queues/1.0.2/references/9704238/", "uuid": "9704238", "include": true, "type": "CollectionReference"}, {"expression": "/orgs/PeruHCE/sources/sihsalus/mappings/0cb19a56-8060-432e-bb44-f155e794fc5c/", "reference_type": "mappings", "id": 9704237, "last_resolved_at": "2025-02-24T21:12:13.980298Z", "uri": "/orgs/PeruHCE/collections/Queues/1.0.2/references/9704237/", "uuid": "9704237", "include": true, "type": "CollectionReference"}, {"expression": "/orgs/PeruHCE/sources/sihsalus/mappings/e9e473c6-7a4d-40f2-8992-6fe4d8edba24/", "reference_type": "mappings", "id": 9704236, "last_resolved_at": "2025-02-24T21:12:13.950431Z", "uri": "/orgs/PeruHCE/collections/Queues/1.0.2/references/9704236/", "uuid": "9704236", "include": true, "type": "CollectionReference"}, {"expression": "/orgs/PeruHCE/sources/sihsalus/concepts/2725/", "reference_type": "concepts", "id": 9704235, "last_resolved_at": "2025-02-24T21:12:13.922686Z", "uri": "/orgs/PeruHCE/collections/Queues/1.0.2/references/9704235/", "uuid": "9704235", "include": true, "type": "CollectionReference"}, {"expression": "/orgs/PeruHCE/sources/sihsalus/concepts/2724/", "reference_type": "concepts", "id": 9704234, "last_resolved_at": "2025-02-24T21:12:13.893858Z", "uri": "/orgs/PeruHCE/collections/Queues/1.0.2/references/9704234/", "uuid": "9704234", "include": true, "type": "CollectionReference"}, {"expression": "/orgs/PeruHCE/sources/sihsalus/concepts/2719/", "reference_type": "concepts", "id": 9704233, "last_resolved_at": "2025-02-24T21:12:13.863164Z", "uri": "/orgs/PeruHCE/collections/Queues/1.0.2/references/9704233/", "uuid": "9704233", "include": true, "type": "CollectionReference"}], "mappings": [{"extras": {}, "checksums": {"smart": "64d5b0687f46b84334344595e3dfcae1", "standard": "60da4ebc9eff157d305f13c2a7e5cb66"}, "external_id": "34befdac-dbfc-48e7-9200-9688b4cc2d41", "retired": false, "map_type": "CONCEPT-SET", "source": "sihsalus", "owner": "PeruHCE", "owner_type": "Organization", "from_concept_code": "2837", "from_concept_name": null, "from_concept_url": "/orgs/PeruHCE/sources/sihsalus/concepts/2837/", "to_concept_code": "2842", "to_concept_name": null, "to_concept_url": "/orgs/PeruHCE/sources/sihsalus/concepts/2842/", "from_source_owner": "PeruHCE", "from_source_owner_type": "Organization", "from_source_url": "/orgs/PeruHCE/sources/sihsalus/", "from_source_name": "sihsalus", "to_source_owner": "PeruHCE", "to_source_owner_type": "Organization", "to_source_url": "/orgs/PeruHCE/sources/sihsalus/", "to_source_name": "sihsalus", "url": "/orgs/PeruHCE/sources/sihsalus/mappings/3fd6cdd9-582e-4ba8-98ff-8871e6199b81/", "version": "10244875", "id": "3fd6cdd9-582e-4ba8-98ff-8871e6199b81", "versioned_object_id": 10244874, "versioned_object_url": "/orgs/PeruHCE/sources/sihsalus/mappings/3fd6cdd9-582e-4ba8-98ff-8871e6199b81/", "is_latest_version": true, "update_comment": null, "version_url": "/orgs/PeruHCE/sources/sihsalus/mappings/3fd6cdd9-582e-4ba8-98ff-8871e6199b81/10244875/", "uuid": "10244875", "version_created_on": "2025-02-24T20:56:37.240567Z", "from_source_version": null, "to_source_version": null, "from_concept_name_resolved": "Sistema de Triaje de Cinco Niveles", "to_concept_name_resolved": "Consulta M\u00e9dica General", "type": "Mapping", "sort_weight": null, "version_updated_on": "2025-02-24T20:56:37.246289Z", "version_updated_by": "duvet05", "latest_source_version": "2025-02-24-10", "created_on": "2025-02-24T20:56:37.240567Z", "updated_on": "2025-02-24T20:56:37.246289Z", "created_by": "duvet05", "updated_by": "duvet05", "public_can_view": true}, {"extras": {}, "checksums": {"smart": "1f26d8e5bf6a501ab1b05b3f26e8b765", "standard": "5d8bfffb633df9b4b804eadd27aa6e00"}, "external_id": "010c4136-3d74-49d7-870d-956746cd48f1", "retired": false, "map_type": "CONCEPT-SET", "source": "sihsalus", "owner": "PeruHCE", "owner_type": "Organization", "from_concept_code": "2837", "from_concept_name": null, "from_concept_url": "/orgs/PeruHCE/sources/sihsalus/concepts/2837/", "to_concept_code": "2841", "to_concept_name": null, "to_concept_url": "/orgs/PeruHCE/sources/sihsalus/concepts/2841/", "from_source_owner": "PeruHCE", "from_source_owner_type": "Organization", "from_source_url": "/orgs/PeruHCE/sources/sihsalus/", "from_source_name": "sihsalus", "to_source_owner": "PeruHCE", "to_source_owner_type": "Organization", "to_source_url": "/orgs/PeruHCE/sources/sihsalus/", "to_source_name": "sihsalus", "url": "/orgs/PeruHCE/sources/sihsalus/mappings/9b706262-4376-461f-b20b-5e7432c89e62/", "version": "10244873", "id": "9b706262-4376-461f-b20b-5e7432c89e62", "versioned_object_id": 10244872, "versioned_object_url": "/orgs/PeruHCE/sources/sihsalus/mappings/9b706262-4376-461f-b20b-5e7432c89e62/", "is_latest_version": true, "update_comment": null, "version_url": "/orgs/PeruHCE/sources/sihsalus/mappings/9b706262-4376-461f-b20b-5e7432c89e62/10244873/", "uuid": "10244873", "version_created_on": "2025-02-24T20:56:14.687569Z", "from_source_version": null, "to_source_version": null, "from_concept_name_resolved": "Sistema de Triaje de Cinco Niveles", "to_concept_name_resolved": "Urgencia Menor", "type": "Mapping", "sort_weight": null, "version_updated_on": "2025-02-24T20:56:14.699513Z", "version_updated_by": "duvet05", "latest_source_version": "2025-02-24-10", "created_on": "2025-02-24T20:56:14.687569Z", "updated_on": "2025-02-24T20:56:14.699513Z", "created_by": "duvet05", "updated_by": "duvet05", "public_can_view": true}, {"extras": {}, "checksums": {"smart": "d7edc836b1050dad398c5d3abbde7430", "standard": "f5ace1b2ff1b6b688ea1c8bb3db87512"}, "external_id": "6f072f46-4293-45b2-9557-80bf9a43a3ad", "retired": false, "map_type": "CONCEPT-SET", "source": "sihsalus", "owner": "PeruHCE", "owner_type": "Organization", "from_concept_code": "2837", "from_concept_name": null, "from_concept_url": "/orgs/PeruHCE/sources/sihsalus/concepts/2837/", "to_concept_code": "2840", "to_concept_name": null, "to_concept_url": "/orgs/PeruHCE/sources/sihsalus/concepts/2840/", "from_source_owner": "PeruHCE", "from_source_owner_type": "Organization", "from_source_url": "/orgs/PeruHCE/sources/sihsalus/", "from_source_name": "sihsalus", "to_source_owner": "PeruHCE", "to_source_owner_type": "Organization", "to_source_url": "/orgs/PeruHCE/sources/sihsalus/", "to_source_name": "sihsalus", "url": "/orgs/PeruHCE/sources/sihsalus/mappings/52d06f69-8488-41be-900d-95bda551851b/", "version": "10244871", "id": "52d06f69-8488-41be-900d-95bda551851b", "versioned_object_id": 10244870, "versioned_object_url": "/orgs/PeruHCE/sources/sihsalus/mappings/52d06f69-8488-41be-900d-95bda551851b/", "is_latest_version": true, "update_comment": null, "version_url": "/orgs/PeruHCE/sources/sihsalus/mappings/52d06f69-8488-41be-900d-95bda551851b/10244871/", "uuid": "10244871", "version_created_on": "2025-02-24T20:56:02.280245Z", "from_source_version": null, "to_source_version": null, "from_concept_name_resolved": "Sistema de Triaje de Cinco Niveles", "to_concept_name_resolved": "Urgencia M\u00e9dica", "type": "Mapping", "sort_weight": null, "version_updated_on": "2025-02-24T20:56:02.286950Z", "version_updated_by": "duvet05", "latest_source_version": "2025-02-24-10", "created_on": "2025-02-24T20:56:02.280245Z", "updated_on": "2025-02-24T20:56:02.286950Z", "created_by": "duvet05", "updated_by": "duvet05", "public_can_view": true}, {"extras": {}, "checksums": {"smart": "5d2345670f27f5c2a03c2e5c68e39746", "standard": "054525874a641ba777aa330f9e1e457e"}, "external_id": "5a9d2fe3-85d3-4fd1-8ca6-b74269d95639", "retired": false, "map_type": "CONCEPT-SET", "source": "sihsalus", "owner": "PeruHCE", "owner_type": "Organization", "from_concept_code": "2837", "from_concept_name": null, "from_concept_url": "/orgs/PeruHCE/sources/sihsalus/concepts/2837/", "to_concept_code": "2839", "to_concept_name": null, "to_concept_url": "/orgs/PeruHCE/sources/sihsalus/concepts/2839/", "from_source_owner": "PeruHCE", "from_source_owner_type": "Organization", "from_source_url": "/orgs/PeruHCE/sources/sihsalus/", "from_source_name": "sihsalus", "to_source_owner": "PeruHCE", "to_source_owner_type": "Organization", "to_source_url": "/orgs/PeruHCE/sources/sihsalus/", "to_source_name": "sihsalus", "url": "/orgs/PeruHCE/sources/sihsalus/mappings/607f2e57-48c6-4aa3-b723-1d661961d1be/", "version": "10244869", "id": "607f2e57-48c6-4aa3-b723-1d661961d1be", "versioned_object_id": 10244868, "versioned_object_url": "/orgs/PeruHCE/sources/sihsalus/mappings/607f2e57-48c6-4aa3-b723-1d661961d1be/", "is_latest_version": true, "update_comment": null, "version_url": "/orgs/PeruHCE/sources/sihsalus/mappings/607f2e57-48c6-4aa3-b723-1d661961d1be/10244869/", "uuid": "10244869", "version_created_on": "2025-02-24T20:55:40.471686Z", "from_source_version": null, "to_source_version": null, "from_concept_name_resolved": "Sistema de Triaje de Cinco Niveles", "to_concept_name_resolved": "Emergencia Urgente", "type": "Mapping", "sort_weight": null, "version_updated_on": "2025-02-24T20:55:40.478213Z", "version_updated_by": "duvet05", "latest_source_version": "2025-02-24-10", "created_on": "2025-02-24T20:55:40.471686Z", "updated_on": "2025-02-24T20:55:40.478213Z", "created_by": "duvet05", "updated_by": "duvet05", "public_can_view": true}, {"extras": {}, "checksums": {"smart": "c1c2194d37b5995ad4a64ceeb881255f", "standard": "54c52af5efe6afcff59864cb33a111e3"}, "external_id": "c197b86e-2b05-49a8-9e11-0e07af7e4a45", "retired": false, "map_type": "CONCEPT-SET", "source": "sihsalus", "owner": "PeruHCE", "owner_type": "Organization", "from_concept_code": "2837", "from_concept_name": null, "from_concept_url": "/orgs/PeruHCE/sources/sihsalus/concepts/2837/", "to_concept_code": "2838", "to_concept_name": null, "to_concept_url": "/orgs/PeruHCE/sources/sihsalus/concepts/2838/", "from_source_owner": "PeruHCE", "from_source_owner_type": "Organization", "from_source_url": "/orgs/PeruHCE/sources/sihsalus/", "from_source_name": "sihsalus", "to_source_owner": "PeruHCE", "to_source_owner_type": "Organization", "to_source_url": "/orgs/PeruHCE/sources/sihsalus/", "to_source_name": "sihsalus", "url": "/orgs/PeruHCE/sources/sihsalus/mappings/4331964c-b949-49f0-b726-960a71933a70/", "version": "10244867", "id": "4331964c-b949-49f0-b726-960a71933a70", "versioned_object_id": 10244866, "versioned_object_url": "/orgs/PeruHCE/sources/sihsalus/mappings/4331964c-b949-49f0-b726-960a71933a70/", "is_latest_version": true, "update_comment": null, "version_url": "/orgs/PeruHCE/sources/sihsalus/mappings/4331964c-b949-49f0-b726-960a71933a70/10244867/", "uuid": "10244867", "version_created_on": "2025-02-24T20:55:28.082096Z", "from_source_version": null, "to_source_version": null, "from_concept_name_resolved": "Sistema de Triaje de Cinco Niveles", "to_concept_name_resolved": "Emergencia Inmediata", "type": "Mapping", "sort_weight": null, "version_updated_on": "2025-02-24T20:55:28.091090Z", "version_updated_by": "duvet05", "latest_source_version": "2025-02-24-10", "created_on": "2025-02-24T20:55:28.082096Z", "updated_on": "2025-02-24T20:55:28.091090Z", "created_by": "duvet05", "updated_by": "duvet05", "public_can_view": true}, {"extras": {}, "checksums": {"smart": "08664b41b8a96b19d6e95fa685ea300d", "standard": "634ec81681a9f4413c628c00b2edcc47"}, "external_id": "a9e9b09e-dadc-4d7c-af2c-f04f55722a14", "retired": false, "map_type": "CONCEPT-SET", "source": "sihsalus", "owner": "PeruHCE", "owner_type": "Organization", "from_concept_code": "2726", "from_concept_name": null, "from_concept_url": "/orgs/PeruHCE/sources/sihsalus/concepts/2726/", "to_concept_code": "2729", "to_concept_name": "Not Urgent", "to_concept_url": "/orgs/PeruHCE/sources/sihsalus/concepts/2729/", "from_source_owner": "PeruHCE", "from_source_owner_type": "Organization", "from_source_url": "/orgs/openmrs/sources/DemoQueueConcepts/", "from_source_name": "sihsalus", "to_source_owner": "PeruHCE", "to_source_owner_type": "Organization", "to_source_url": "/orgs/openmrs/sources/DemoQueueConcepts/", "to_source_name": "sihsalus", "url": "/orgs/PeruHCE/sources/sihsalus/mappings/f5fd486f-045a-4776-8b37-a5f47ebcc550/", "version": "10236834", "id": "f5fd486f-045a-4776-8b37-a5f47ebcc550", "versioned_object_id": 10236833, "versioned_object_url": "/orgs/PeruHCE/sources/sihsalus/mappings/f5fd486f-045a-4776-8b37-a5f47ebcc550/", "is_latest_version": true, "update_comment": null, "version_url": "/orgs/PeruHCE/sources/sihsalus/mappings/f5fd486f-045a-4776-8b37-a5f47ebcc550/10236834/", "uuid": "10236834", "version_created_on": "2025-02-20T17:01:56.412935Z", "from_source_version": null, "to_source_version": null, "from_concept_name_resolved": "Prioridad", "to_concept_name_resolved": "No Urgente", "type": "Mapping", "sort_weight": null, "version_updated_on": "2025-02-20T17:01:56.419793Z", "version_updated_by": "duvet05", "latest_source_version": "2025-02-24-10", "created_on": "2025-02-20T17:01:56.412935Z", "updated_on": "2025-02-20T17:01:56.419793Z", "created_by": "duvet05", "updated_by": "duvet05", "public_can_view": true}, {"extras": {}, "checksums": {"smart": "31f0a8b30adabee85b7b8d0aac8f5f68", "standard": "6710d9c4e9bfceb61611d8601aa18b37"}, "external_id": "dc1a6382-2ba9-4242-8783-0886d707ea38", "retired": false, "map_type": "CONCEPT-SET", "source": "sihsalus", "owner": "PeruHCE", "owner_type": "Organization", "from_concept_code": "2726", "from_concept_name": null, "from_concept_url": "/orgs/PeruHCE/sources/sihsalus/concepts/2726/", "to_concept_code": "2728", "to_concept_name": "Urgent", "to_concept_url": "/orgs/PeruHCE/sources/sihsalus/concepts/2728/", "from_source_owner": "PeruHCE", "from_source_owner_type": "Organization", "from_source_url": "/orgs/openmrs/sources/DemoQueueConcepts/", "from_source_name": "sihsalus", "to_source_owner": "PeruHCE", "to_source_owner_type": "Organization", "to_source_url": "/orgs/openmrs/sources/DemoQueueConcepts/", "to_source_name": "sihsalus", "url": "/orgs/PeruHCE/sources/sihsalus/mappings/371031d5-d387-4efe-92f1-1b438fe2780b/", "version": "10236832", "id": "371031d5-d387-4efe-92f1-1b438fe2780b", "versioned_object_id": 10236831, "versioned_object_url": "/orgs/PeruHCE/sources/sihsalus/mappings/371031d5-d387-4efe-92f1-1b438fe2780b/", "is_latest_version": true, "update_comment": null, "version_url": "/orgs/PeruHCE/sources/sihsalus/mappings/371031d5-d387-4efe-92f1-1b438fe2780b/10236832/", "uuid": "10236832", "version_created_on": "2025-02-20T17:01:56.220531Z", "from_source_version": null, "to_source_version": null, "from_concept_name_resolved": "Prioridad", "to_concept_name_resolved": "Urgente", "type": "Mapping", "sort_weight": null, "version_updated_on": "2025-02-20T17:01:56.228735Z", "version_updated_by": "duvet05", "latest_source_version": "2025-02-24-10", "created_on": "2025-02-20T17:01:56.220531Z", "updated_on": "2025-02-20T17:01:56.228735Z", "created_by": "duvet05", "updated_by": "duvet05", "public_can_view": true}, {"extras": {}, "checksums": {"smart": "937a67c97317448d618ee86c390ccbcb", "standard": "ebcfdf38c15e2f8cd8354d3f4328a6b7"}, "external_id": "b260ca5c-49ed-44be-bff1-366f1c3fda68", "retired": false, "map_type": "SAME-AS", "source": "sihsalus", "owner": "PeruHCE", "owner_type": "Organization", "from_concept_code": "2729", "from_concept_name": null, "from_concept_url": "/orgs/PeruHCE/sources/sihsalus/concepts/2729/", "to_concept_code": "DemoQueue-Priority-NotUrgent", "to_concept_name": null, "to_concept_url": "/orgs/openmrs/sources/DemoQueueConcepts/concepts/DemoQueue-Priority-NotUrgent/", "from_source_owner": "PeruHCE", "from_source_owner_type": "Organization", "from_source_url": null, "from_source_name": "sihsalus", "to_source_owner": "openmrs", "to_source_owner_type": "Organization", "to_source_url": null, "to_source_name": "DemoQueueConcepts", "url": "/orgs/PeruHCE/sources/sihsalus/mappings/49a733e2-435b-4a1c-b08b-2ace8345c01b/", "version": "10236828", "id": "49a733e2-435b-4a1c-b08b-2ace8345c01b", "versioned_object_id": 10236827, "versioned_object_url": "/orgs/PeruHCE/sources/sihsalus/mappings/49a733e2-435b-4a1c-b08b-2ace8345c01b/", "is_latest_version": true, "update_comment": null, "version_url": "/orgs/PeruHCE/sources/sihsalus/mappings/49a733e2-435b-4a1c-b08b-2ace8345c01b/10236828/", "uuid": "10236828", "version_created_on": "2025-02-20T17:01:55.818032Z", "from_source_version": null, "to_source_version": null, "from_concept_name_resolved": "No Urgente", "to_concept_name_resolved": "Not Urgent", "type": "Mapping", "sort_weight": null, "version_updated_on": "2025-02-20T17:01:55.825431Z", "version_updated_by": "duvet05", "latest_source_version": "2025-02-24-10", "created_on": "2025-02-20T17:01:55.818032Z", "updated_on": "2025-02-20T17:01:55.825431Z", "created_by": "duvet05", "updated_by": "duvet05", "public_can_view": true}, {"extras": {}, "checksums": {"smart": "6f42fb5d26dcb1d19f97b24ea0011b0d", "standard": "10ce07ac011d06e407fc314ae4288aa5"}, "external_id": "6a242e08-2a2e-4088-81bb-f508920d791c", "retired": false, "map_type": "SAME-AS", "source": "sihsalus", "owner": "PeruHCE", "owner_type": "Organization", "from_concept_code": "2728", "from_concept_name": null, "from_concept_url": "/orgs/PeruHCE/sources/sihsalus/concepts/2728/", "to_concept_code": "DemoQueue-Priority-Urgent", "to_concept_name": null, "to_concept_url": "/orgs/openmrs/sources/DemoQueueConcepts/concepts/DemoQueue-Priority-Urgent/", "from_source_owner": "PeruHCE", "from_source_owner_type": "Organization", "from_source_url": null, "from_source_name": "sihsalus", "to_source_owner": "openmrs", "to_source_owner_type": "Organization", "to_source_url": null, "to_source_name": "DemoQueueConcepts", "url": "/orgs/PeruHCE/sources/sihsalus/mappings/b416ee3e-7c83-471a-9ed9-b2d3049e262a/", "version": "10236826", "id": "b416ee3e-7c83-471a-9ed9-b2d3049e262a", "versioned_object_id": 10236825, "versioned_object_url": "/orgs/PeruHCE/sources/sihsalus/mappings/b416ee3e-7c83-471a-9ed9-b2d3049e262a/", "is_latest_version": true, "update_comment": null, "version_url": "/orgs/PeruHCE/sources/sihsalus/mappings/b416ee3e-7c83-471a-9ed9-b2d3049e262a/10236826/", "uuid": "10236826", "version_created_on": "2025-02-20T17:01:55.383986Z", "from_source_version": null, "to_source_version": null, "from_concept_name_resolved": "Urgente", "to_concept_name_resolved": "Urgent", "type": "Mapping", "sort_weight": null, "version_updated_on": "2025-02-20T17:01:55.391038Z", "version_updated_by": "duvet05", "latest_source_version": "2025-02-24-10", "created_on": "2025-02-20T17:01:55.383986Z", "updated_on": "2025-02-20T17:01:55.391038Z", "created_by": "duvet05", "updated_by": "duvet05", "public_can_view": true}, {"extras": {}, "checksums": {"smart": "a9facba634af1e2ddacb055e5980d8f2", "standard": "fb83366a704810a1326b5e3d72a1409b"}, "external_id": "13d23c3a-9463-4fab-a764-13c9a8a85502", "retired": false, "map_type": "CONCEPT-SET", "source": "sihsalus", "owner": "PeruHCE", "owner_type": "Organization", "from_concept_code": "2724", "from_concept_name": null, "from_concept_url": "/orgs/PeruHCE/sources/sihsalus/concepts/2724/", "to_concept_code": "2719", "to_concept_name": null, "to_concept_url": "/orgs/PeruHCE/sources/sihsalus/concepts/2719/", "from_source_owner": "PeruHCE", "from_source_owner_type": "Organization", "from_source_url": "/orgs/openmrs/sources/DemoQueueConcepts/", "from_source_name": "sihsalus", "to_source_owner": "PeruHCE", "to_source_owner_type": "Organization", "to_source_url": "/orgs/openmrs/sources/DemoQueueConcepts/", "to_source_name": "sihsalus", "url": "/orgs/PeruHCE/sources/sihsalus/mappings/0cb19a56-8060-432e-bb44-f155e794fc5c/", "version": "10236822", "id": "0cb19a56-8060-432e-bb44-f155e794fc5c", "versioned_object_id": 10236821, "versioned_object_url": "/orgs/PeruHCE/sources/sihsalus/mappings/0cb19a56-8060-432e-bb44-f155e794fc5c/", "is_latest_version": true, "update_comment": null, "version_url": "/orgs/PeruHCE/sources/sihsalus/mappings/0cb19a56-8060-432e-bb44-f155e794fc5c/10236822/", "uuid": "10236822", "version_created_on": "2025-02-20T17:01:53.113818Z", "from_source_version": null, "to_source_version": null, "from_concept_name_resolved": "Tipo de Servicio", "to_concept_name_resolved": "Consulta Ambulatoria", "type": "Mapping", "sort_weight": null, "version_updated_on": "2025-02-20T17:01:53.120834Z", "version_updated_by": "duvet05", "latest_source_version": "2025-02-24-10", "created_on": "2025-02-20T17:01:53.113818Z", "updated_on": "2025-02-20T17:01:53.120834Z", "created_by": "duvet05", "updated_by": "duvet05", "public_can_view": true}, {"extras": {}, "checksums": {"smart": "a47db0ec9e5ddc8f4e8a4c50d2a28b2b", "standard": "1555bad4f5c0399218d75ecb66073ffa"}, "external_id": "f5251d20-b3c8-4dd2-9f22-d3516789a99b", "retired": false, "map_type": "CONCEPT-SET", "source": "sihsalus", "owner": "PeruHCE", "owner_type": "Organization", "from_concept_code": "2724", "from_concept_name": null, "from_concept_url": "/orgs/PeruHCE/sources/sihsalus/concepts/2724/", "to_concept_code": "2725", "to_concept_name": "Triage", "to_concept_url": "/orgs/PeruHCE/sources/sihsalus/concepts/2725/", "from_source_owner": "PeruHCE", "from_source_owner_type": "Organization", "from_source_url": "/orgs/openmrs/sources/DemoQueueConcepts/", "from_source_name": "sihsalus", "to_source_owner": "PeruHCE", "to_source_owner_type": "Organization", "to_source_url": "/orgs/openmrs/sources/DemoQueueConcepts/", "to_source_name": "sihsalus", "url": "/orgs/PeruHCE/sources/sihsalus/mappings/e17d26d2-d114-4c43-bbb6-be8b25372f23/", "version": "10236820", "id": "e17d26d2-d114-4c43-bbb6-be8b25372f23", "versioned_object_id": 10236819, "versioned_object_url": "/orgs/PeruHCE/sources/sihsalus/mappings/e17d26d2-d114-4c43-bbb6-be8b25372f23/", "is_latest_version": true, "update_comment": null, "version_url": "/orgs/PeruHCE/sources/sihsalus/mappings/e17d26d2-d114-4c43-bbb6-be8b25372f23/10236820/", "uuid": "10236820", "version_created_on": "2025-02-20T17:01:52.931644Z", "from_source_version": null, "to_source_version": null, "from_concept_name_resolved": "Tipo de Servicio", "to_concept_name_resolved": "Triaje", "type": "Mapping", "sort_weight": null, "version_updated_on": "2025-02-20T17:01:52.941948Z", "version_updated_by": "duvet05", "latest_source_version": "2025-02-24-10", "created_on": "2025-02-20T17:01:52.931644Z", "updated_on": "2025-02-20T17:01:52.941948Z", "created_by": "duvet05", "updated_by": "duvet05", "public_can_view": true}, {"extras": {}, "checksums": {"smart": "ab036d16cfc7d3bcf2e782c04835007d", "standard": "8298b063dc7d4dce63347aed3b0d89a2"}, "external_id": "95866242-8560-4ffd-9164-1b4a449fb182", "retired": false, "map_type": "SAME-AS", "source": "sihsalus", "owner": "PeruHCE", "owner_type": "Organization", "from_concept_code": "2725", "from_concept_name": null, "from_concept_url": "/orgs/PeruHCE/sources/sihsalus/concepts/2725/", "to_concept_code": "DemoQueue-Service-Triage", "to_concept_name": null, "to_concept_url": "/orgs/openmrs/sources/DemoQueueConcepts/concepts/DemoQueue-Service-Triage/", "from_source_owner": "PeruHCE", "from_source_owner_type": "Organization", "from_source_url": null, "from_source_name": "sihsalus", "to_source_owner": "openmrs", "to_source_owner_type": "Organization", "to_source_url": null, "to_source_name": "DemoQueueConcepts", "url": "/orgs/PeruHCE/sources/sihsalus/mappings/8da32609-dc29-4603-ada9-394af7958872/", "version": "10236818", "id": "8da32609-dc29-4603-ada9-394af7958872", "versioned_object_id": 10236817, "versioned_object_url": "/orgs/PeruHCE/sources/sihsalus/mappings/8da32609-dc29-4603-ada9-394af7958872/", "is_latest_version": true, "update_comment": null, "version_url": "/orgs/PeruHCE/sources/sihsalus/mappings/8da32609-dc29-4603-ada9-394af7958872/10236818/", "uuid": "10236818", "version_created_on": "2025-02-20T17:01:52.667632Z", "from_source_version": null, "to_source_version": null, "from_concept_name_resolved": "Triaje", "to_concept_name_resolved": "Triage", "type": "Mapping", "sort_weight": null, "version_updated_on": "2025-02-20T17:01:52.677766Z", "version_updated_by": "duvet05", "latest_source_version": "2025-02-24-10", "created_on": "2025-02-20T17:01:52.667632Z", "updated_on": "2025-02-20T17:01:52.677766Z", "created_by": "duvet05", "updated_by": "duvet05", "public_can_view": true}, {"extras": {}, "checksums": {"smart": "5989ebb9b424e179dd4a5a33f861e90b", "standard": "7d32e52853321970d41181f82a57b341"}, "external_id": "884d6fc3-719c-43f8-9574-356bfc5fe948", "retired": false, "map_type": "SAME-AS", "source": "sihsalus", "owner": "PeruHCE", "owner_type": "Organization", "from_concept_code": "2724", "from_concept_name": null, "from_concept_url": "/orgs/PeruHCE/sources/sihsalus/concepts/2724/", "to_concept_code": "DemoQueue-Service", "to_concept_name": null, "to_concept_url": "/orgs/openmrs/sources/DemoQueueConcepts/concepts/DemoQueue-Service/", "from_source_owner": "PeruHCE", "from_source_owner_type": "Organization", "from_source_url": null, "from_source_name": "sihsalus", "to_source_owner": "openmrs", "to_source_owner_type": "Organization", "to_source_url": null, "to_source_name": "DemoQueueConcepts", "url": "/orgs/PeruHCE/sources/sihsalus/mappings/e9e473c6-7a4d-40f2-8992-6fe4d8edba24/", "version": "10236816", "id": "e9e473c6-7a4d-40f2-8992-6fe4d8edba24", "versioned_object_id": 10236815, "versioned_object_url": "/orgs/PeruHCE/sources/sihsalus/mappings/e9e473c6-7a4d-40f2-8992-6fe4d8edba24/", "is_latest_version": true, "update_comment": null, "version_url": "/orgs/PeruHCE/sources/sihsalus/mappings/e9e473c6-7a4d-40f2-8992-6fe4d8edba24/10236816/", "uuid": "10236816", "version_created_on": "2025-02-20T17:01:52.140490Z", "from_source_version": null, "to_source_version": null, "from_concept_name_resolved": "Tipo de Servicio", "to_concept_name_resolved": "Service", "type": "Mapping", "sort_weight": null, "version_updated_on": "2025-02-20T17:01:52.147794Z", "version_updated_by": "duvet05", "latest_source_version": "2025-02-24-10", "created_on": "2025-02-20T17:01:52.140490Z", "updated_on": "2025-02-20T17:01:52.147794Z", "created_by": "duvet05", "updated_by": "duvet05", "public_can_view": true}, {"extras": {}, "checksums": {"smart": "b87cf5295eba6b89d33c87929ec7aa28", "standard": "d8372b9e7ea3eb91d9ac6b2b786049c0"}, "external_id": "3fb73c20-a252-49a6-8bd1-26b185516a34", "retired": false, "map_type": "CONCEPT-SET", "source": "sihsalus", "owner": "PeruHCE", "owner_type": "Organization", "from_concept_code": "2720", "from_concept_name": null, "from_concept_url": "/orgs/PeruHCE/sources/sihsalus/concepts/2720/", "to_concept_code": "2723", "to_concept_name": "Finished Service", "to_concept_url": "/orgs/PeruHCE/sources/sihsalus/concepts/2723/", "from_source_owner": "PeruHCE", "from_source_owner_type": "Organization", "from_source_url": "/orgs/openmrs/sources/DemoQueueConcepts/", "from_source_name": "sihsalus", "to_source_owner": "PeruHCE", "to_source_owner_type": "Organization", "to_source_url": "/orgs/openmrs/sources/DemoQueueConcepts/", "to_source_name": "sihsalus", "url": "/orgs/PeruHCE/sources/sihsalus/mappings/d8b9930c-e3d3-43de-9aa5-533fc1d4af9c/", "version": "10236814", "id": "d8b9930c-e3d3-43de-9aa5-533fc1d4af9c", "versioned_object_id": 10236813, "versioned_object_url": "/orgs/PeruHCE/sources/sihsalus/mappings/d8b9930c-e3d3-43de-9aa5-533fc1d4af9c/", "is_latest_version": true, "update_comment": null, "version_url": "/orgs/PeruHCE/sources/sihsalus/mappings/d8b9930c-e3d3-43de-9aa5-533fc1d4af9c/10236814/", "uuid": "10236814", "version_created_on": "2025-02-20T17:01:49.956752Z", "from_source_version": null, "to_source_version": null, "from_concept_name_resolved": "Estado de la Cola", "to_concept_name_resolved": "Servicio Finalizado", "type": "Mapping", "sort_weight": 2.0, "version_updated_on": "2025-02-20T17:01:49.967667Z", "version_updated_by": "duvet05", "latest_source_version": "2025-02-24-10", "created_on": "2025-02-20T17:01:49.956752Z", "updated_on": "2025-02-20T17:01:49.967667Z", "created_by": "duvet05", "updated_by": "duvet05", "public_can_view": true}, {"extras": {}, "checksums": {"smart": "4e2b8480c2635df73c6b3b3329fce638", "standard": "383af97845992f421c729ee662bc60bb"}, "external_id": "08000bb1-4d4d-4ba4-8a21-4ad334d54777", "retired": false, "map_type": "CONCEPT-SET", "source": "sihsalus", "owner": "PeruHCE", "owner_type": "Organization", "from_concept_code": "2720", "from_concept_name": null, "from_concept_url": "/orgs/PeruHCE/sources/sihsalus/concepts/2720/", "to_concept_code": "2722", "to_concept_name": "In Service", "to_concept_url": "/orgs/PeruHCE/sources/sihsalus/concepts/2722/", "from_source_owner": "PeruHCE", "from_source_owner_type": "Organization", "from_source_url": "/orgs/openmrs/sources/DemoQueueConcepts/", "from_source_name": "sihsalus", "to_source_owner": "PeruHCE", "to_source_owner_type": "Organization", "to_source_url": "/orgs/openmrs/sources/DemoQueueConcepts/", "to_source_name": "sihsalus", "url": "/orgs/PeruHCE/sources/sihsalus/mappings/a3728523-134b-44a4-b59a-7187d2ab5678/", "version": "10236812", "id": "a3728523-134b-44a4-b59a-7187d2ab5678", "versioned_object_id": 10236811, "versioned_object_url": "/orgs/PeruHCE/sources/sihsalus/mappings/a3728523-134b-44a4-b59a-7187d2ab5678/", "is_latest_version": true, "update_comment": null, "version_url": "/orgs/PeruHCE/sources/sihsalus/mappings/a3728523-134b-44a4-b59a-7187d2ab5678/10236812/", "uuid": "10236812", "version_created_on": "2025-02-20T17:01:49.788532Z", "from_source_version": null, "to_source_version": null, "from_concept_name_resolved": "Estado de la Cola", "to_concept_name_resolved": "Atendi\u00e9ndose", "type": "Mapping", "sort_weight": 1.0, "version_updated_on": "2025-02-20T17:01:49.801327Z", "version_updated_by": "duvet05", "latest_source_version": "2025-02-24-10", "created_on": "2025-02-20T17:01:49.788532Z", "updated_on": "2025-02-20T17:01:49.801327Z", "created_by": "duvet05", "updated_by": "duvet05", "public_can_view": true}, {"extras": {}, "checksums": {"smart": "33481ff02f96a49e18b7510a67da8790", "standard": "8a181374e3c58cf22336bfce262bad2e"}, "external_id": "80d08c3d-b46c-4aa5-b942-adde725f600d", "retired": false, "map_type": "CONCEPT-SET", "source": "sihsalus", "owner": "PeruHCE", "owner_type": "Organization", "from_concept_code": "2720", "from_concept_name": null, "from_concept_url": "/orgs/PeruHCE/sources/sihsalus/concepts/2720/", "to_concept_code": "2721", "to_concept_name": "Waiting", "to_concept_url": "/orgs/PeruHCE/sources/sihsalus/concepts/2721/", "from_source_owner": "PeruHCE", "from_source_owner_type": "Organization", "from_source_url": "/orgs/openmrs/sources/DemoQueueConcepts/", "from_source_name": "sihsalus", "to_source_owner": "PeruHCE", "to_source_owner_type": "Organization", "to_source_url": "/orgs/openmrs/sources/DemoQueueConcepts/", "to_source_name": "sihsalus", "url": "/orgs/PeruHCE/sources/sihsalus/mappings/8bb8974d-0052-4dba-895e-eca578dfcc48/", "version": "10236810", "id": "8bb8974d-0052-4dba-895e-eca578dfcc48", "versioned_object_id": 10236809, "versioned_object_url": "/orgs/PeruHCE/sources/sihsalus/mappings/8bb8974d-0052-4dba-895e-eca578dfcc48/", "is_latest_version": true, "update_comment": null, "version_url": "/orgs/PeruHCE/sources/sihsalus/mappings/8bb8974d-0052-4dba-895e-eca578dfcc48/10236810/", "uuid": "10236810", "version_created_on": "2025-02-20T17:01:49.608027Z", "from_source_version": null, "to_source_version": null, "from_concept_name_resolved": "Estado de la Cola", "to_concept_name_resolved": "Esperando", "type": "Mapping", "sort_weight": 0.0, "version_updated_on": "2025-02-20T17:01:49.616853Z", "version_updated_by": "duvet05", "latest_source_version": "2025-02-24-10", "created_on": "2025-02-20T17:01:49.608027Z", "updated_on": "2025-02-20T17:01:49.616853Z", "created_by": "duvet05", "updated_by": "duvet05", "public_can_view": true}, {"extras": {}, "checksums": {"smart": "11e4a5b3367ef6d1d6af7243c28f12f7", "standard": "be2a8ea6235f9668921c1aaf7e43b47e"}, "external_id": "ea0567f7-3c83-43a9-a614-0243da2fd771", "retired": false, "map_type": "SAME-AS", "source": "sihsalus", "owner": "PeruHCE", "owner_type": "Organization", "from_concept_code": "2723", "from_concept_name": null, "from_concept_url": "/orgs/PeruHCE/sources/sihsalus/concepts/2723/", "to_concept_code": "DemoQueue-Status-FinishedService", "to_concept_name": null, "to_concept_url": "/orgs/openmrs/sources/DemoQueueConcepts/concepts/DemoQueue-Status-FinishedService/", "from_source_owner": "PeruHCE", "from_source_owner_type": "Organization", "from_source_url": null, "from_source_name": "sihsalus", "to_source_owner": "openmrs", "to_source_owner_type": "Organization", "to_source_url": null, "to_source_name": "DemoQueueConcepts", "url": "/orgs/PeruHCE/sources/sihsalus/mappings/fcb4bb0c-729c-4a47-8961-49192430c69f/", "version": "10236808", "id": "fcb4bb0c-729c-4a47-8961-49192430c69f", "versioned_object_id": 10236807, "versioned_object_url": "/orgs/PeruHCE/sources/sihsalus/mappings/fcb4bb0c-729c-4a47-8961-49192430c69f/", "is_latest_version": true, "update_comment": null, "version_url": "/orgs/PeruHCE/sources/sihsalus/mappings/fcb4bb0c-729c-4a47-8961-49192430c69f/10236808/", "uuid": "10236808", "version_created_on": "2025-02-20T17:01:49.350332Z", "from_source_version": null, "to_source_version": null, "from_concept_name_resolved": "Servicio Finalizado", "to_concept_name_resolved": "Finished Service", "type": "Mapping", "sort_weight": null, "version_updated_on": "2025-02-20T17:01:49.358930Z", "version_updated_by": "duvet05", "latest_source_version": "2025-02-24-10", "created_on": "2025-02-20T17:01:49.350332Z", "updated_on": "2025-02-20T17:01:49.358930Z", "created_by": "duvet05", "updated_by": "duvet05", "public_can_view": true}, {"extras": {}, "checksums": {"smart": "91e1f68167449a3c4e9d0166b53e0ce9", "standard": "d1b1b046c02993d8d8dd6c1bd99e86dc"}, "external_id": "542b9bc8-bbfd-4c2f-b07b-b6df997acfaf", "retired": false, "map_type": "SAME-AS", "source": "sihsalus", "owner": "PeruHCE", "owner_type": "Organization", "from_concept_code": "2722", "from_concept_name": null, "from_concept_url": "/orgs/PeruHCE/sources/sihsalus/concepts/2722/", "to_concept_code": "DemoQueue-Status-InService", "to_concept_name": null, "to_concept_url": "/orgs/openmrs/sources/DemoQueueConcepts/concepts/DemoQueue-Status-InService/", "from_source_owner": "PeruHCE", "from_source_owner_type": "Organization", "from_source_url": null, "from_source_name": "sihsalus", "to_source_owner": "openmrs", "to_source_owner_type": "Organization", "to_source_url": null, "to_source_name": "DemoQueueConcepts", "url": "/orgs/PeruHCE/sources/sihsalus/mappings/5a9e5cf8-0c35-47a2-a03f-9d41a9c10f3d/", "version": "10236806", "id": "5a9e5cf8-0c35-47a2-a03f-9d41a9c10f3d", "versioned_object_id": 10236805, "versioned_object_url": "/orgs/PeruHCE/sources/sihsalus/mappings/5a9e5cf8-0c35-47a2-a03f-9d41a9c10f3d/", "is_latest_version": true, "update_comment": null, "version_url": "/orgs/PeruHCE/sources/sihsalus/mappings/5a9e5cf8-0c35-47a2-a03f-9d41a9c10f3d/10236806/", "uuid": "10236806", "version_created_on": "2025-02-20T17:01:48.926305Z", "from_source_version": null, "to_source_version": null, "from_concept_name_resolved": "Atendi\u00e9ndose", "to_concept_name_resolved": "In Service", "type": "Mapping", "sort_weight": null, "version_updated_on": "2025-02-20T17:01:48.938514Z", "version_updated_by": "duvet05", "latest_source_version": "2025-02-24-10", "created_on": "2025-02-20T17:01:48.926305Z", "updated_on": "2025-02-20T17:01:48.938514Z", "created_by": "duvet05", "updated_by": "duvet05", "public_can_view": true}, {"extras": {}, "checksums": {"smart": "f324c9e07cad45c64a6630c9b9927922", "standard": "fe794c654506ab724b5048e179922ff7"}, "external_id": "6c38f96e-de15-4849-94a0-b1319a68da36", "retired": false, "map_type": "SAME-AS", "source": "sihsalus", "owner": "PeruHCE", "owner_type": "Organization", "from_concept_code": "2721", "from_concept_name": null, "from_concept_url": "/orgs/PeruHCE/sources/sihsalus/concepts/2721/", "to_concept_code": "DemoQueue-Status-Waiting", "to_concept_name": null, "to_concept_url": "/orgs/openmrs/sources/DemoQueueConcepts/concepts/DemoQueue-Status-Waiting/", "from_source_owner": "PeruHCE", "from_source_owner_type": "Organization", "from_source_url": null, "from_source_name": "sihsalus", "to_source_owner": "openmrs", "to_source_owner_type": "Organization", "to_source_url": null, "to_source_name": "DemoQueueConcepts", "url": "/orgs/PeruHCE/sources/sihsalus/mappings/bf08f487-9907-4987-87d5-1c95db37478d/", "version": "10236804", "id": "bf08f487-9907-4987-87d5-1c95db37478d", "versioned_object_id": 10236803, "versioned_object_url": "/orgs/PeruHCE/sources/sihsalus/mappings/bf08f487-9907-4987-87d5-1c95db37478d/", "is_latest_version": true, "update_comment": null, "version_url": "/orgs/PeruHCE/sources/sihsalus/mappings/bf08f487-9907-4987-87d5-1c95db37478d/10236804/", "uuid": "10236804", "version_created_on": "2025-02-20T17:01:48.494515Z", "from_source_version": null, "to_source_version": null, "from_concept_name_resolved": "Esperando", "to_concept_name_resolved": "Waiting", "type": "Mapping", "sort_weight": null, "version_updated_on": "2025-02-20T17:01:48.502577Z", "version_updated_by": "duvet05", "latest_source_version": "2025-02-24-10", "created_on": "2025-02-20T17:01:48.494515Z", "updated_on": "2025-02-20T17:01:48.502577Z", "created_by": "duvet05", "updated_by": "duvet05", "public_can_view": true}, {"extras": {}, "checksums": {"smart": "7155c776ed87f04c0b3771f5287abda3", "standard": "bc8a68e0d11f5687a01e9dfbde1b424a"}, "external_id": "48833151-6401-4a51-85e5-cc87dd46ba96", "retired": false, "map_type": "SAME-AS", "source": "sihsalus", "owner": "PeruHCE", "owner_type": "Organization", "from_concept_code": "2720", "from_concept_name": null, "from_concept_url": "/orgs/PeruHCE/sources/sihsalus/concepts/2720/", "to_concept_code": "DemoQueue-Status", "to_concept_name": null, "to_concept_url": "/orgs/openmrs/sources/DemoQueueConcepts/concepts/DemoQueue-Status/", "from_source_owner": "PeruHCE", "from_source_owner_type": "Organization", "from_source_url": null, "from_source_name": "sihsalus", "to_source_owner": "openmrs", "to_source_owner_type": "Organization", "to_source_url": null, "to_source_name": "DemoQueueConcepts", "url": "/orgs/PeruHCE/sources/sihsalus/mappings/1243de04-5424-45d2-b7ed-87503412bba0/", "version": "10236802", "id": "1243de04-5424-45d2-b7ed-87503412bba0", "versioned_object_id": 10236801, "versioned_object_url": "/orgs/PeruHCE/sources/sihsalus/mappings/1243de04-5424-45d2-b7ed-87503412bba0/", "is_latest_version": true, "update_comment": null, "version_url": "/orgs/PeruHCE/sources/sihsalus/mappings/1243de04-5424-45d2-b7ed-87503412bba0/10236802/", "uuid": "10236802", "version_created_on": "2025-02-20T17:01:47.894555Z", "from_source_version": null, "to_source_version": null, "from_concept_name_resolved": "Estado de la Cola", "to_concept_name_resolved": "Status", "type": "Mapping", "sort_weight": null, "version_updated_on": "2025-02-20T17:01:47.906639Z", "version_updated_by": "duvet05", "latest_source_version": "2025-02-24-10", "created_on": "2025-02-20T17:01:47.894555Z", "updated_on": "2025-02-20T17:01:47.906639Z", "created_by": "duvet05", "updated_by": "duvet05", "public_can_view": true}, {"extras": {}, "checksums": {"smart": "d9b1e9b35a885082d2d0b271e88f08d4", "standard": "75becb4a4f8a45bd2aa3e84da5c78a96"}, "external_id": "725af2cf-1f3c-41dc-be08-9d82461e85f0", "retired": false, "map_type": "SAME-AS", "source": "sihsalus", "owner": "PeruHCE", "owner_type": "Organization", "from_concept_code": "2719", "from_concept_name": null, "from_concept_url": "/orgs/PeruHCE/sources/sihsalus/concepts/2719/", "to_concept_code": "DemoQueue-Service-ClinicalConsultation", "to_concept_name": null, "to_concept_url": "/orgs/openmrs/sources/DemoQueueConcepts/concepts/DemoQueue-Service-ClinicalConsultation/", "from_source_owner": "PeruHCE", "from_source_owner_type": "Organization", "from_source_url": null, "from_source_name": "sihsalus", "to_source_owner": "openmrs", "to_source_owner_type": "Organization", "to_source_url": null, "to_source_name": "DemoQueueConcepts", "url": "/orgs/PeruHCE/sources/sihsalus/mappings/9942ed0e-1f79-4a55-b0d4-1a2f577210bb/", "version": "10236800", "id": "9942ed0e-1f79-4a55-b0d4-1a2f577210bb", "versioned_object_id": 10236799, "versioned_object_url": "/orgs/PeruHCE/sources/sihsalus/mappings/9942ed0e-1f79-4a55-b0d4-1a2f577210bb/", "is_latest_version": true, "update_comment": null, "version_url": "/orgs/PeruHCE/sources/sihsalus/mappings/9942ed0e-1f79-4a55-b0d4-1a2f577210bb/10236800/", "uuid": "10236800", "version_created_on": "2025-02-20T17:01:46.676330Z", "from_source_version": null, "to_source_version": null, "from_concept_name_resolved": "Consulta Ambulatoria", "to_concept_name_resolved": "Clinical Consult", "type": "Mapping", "sort_weight": null, "version_updated_on": "2025-02-20T17:01:46.683019Z", "version_updated_by": "duvet05", "latest_source_version": "2025-02-24-10", "created_on": "2025-02-20T17:01:46.676330Z", "updated_on": "2025-02-20T17:01:46.683019Z", "created_by": "duvet05", "updated_by": "duvet05", "public_can_view": true}], "export_time": "8.35secs"}