{"type": "Collection Version", "uuid": "44598", "id": "1.0.1", "short_code": "CIEL", "name": "SIH SALUS CIEL", "full_name": "SIH SALUS CIEL", "description": "1.0.1", "collection_type": "Dictionary", "custom_validation_schema": "OpenMRS", "public_access": "View", "default_locale": "es", "supported_locales": ["es"], "website": null, "url": "/orgs/PeruHCE/collections/CIEL/", "owner": "PeruHCE", "owner_type": "Organization", "owner_url": "/orgs/PeruHCE/", "version_url": "/orgs/PeruHCE/collections/CIEL/1.0.1/", "previous_version_url": "/orgs/PeruHCE/collections/CIEL/1.0.0/", "created_on": "2025-03-19T19:51:30.851836Z", "updated_on": "2025-03-19T19:51:31.372764Z", "created_by": "duvet05", "updated_by": "duvet05", "extras": {}, "external_id": null, "version": "1.0.1", "concepts_url": "/orgs/PeruHCE/collections/CIEL/1.0.1/concepts/", "mappings_url": "/orgs/PeruHCE/collections/CIEL/1.0.1/mappings/", "expansions_url": "/orgs/PeruHCE/collections/CIEL/1.0.1/expansions/", "is_processing": true, "released": true, "retired": false, "canonical_url": null, "identifier": {}, "publisher": null, "contact": {}, "jurisdiction": {}, "purpose": null, "copyright": null, "meta": null, "immutable": null, "revision_date": null, "text": null, "experimental": null, "locked_date": null, "autoexpand": true, "expansion_url": "/orgs/PeruHCE/collections/CIEL/1.0.1/expansions/autoexpand-1.0.1/", "checksums": {"smart": "38a9f40b06d1dcb9109e807a7e5bc4bf", "standard": "483cdbdb616602e571b9b4d4ad4c6d45"}, "collection": {"id": "CIEL", "url": "/orgs/PeruHCE/collections/CIEL/", "meta": null, "name": "SIH SALUS CIEL", "text": null, "type": "Collection", "uuid": "44535", "owner": "PeruHCE", "extras": {}, "contact": {}, "purpose": null, "version": "HEAD", "website": null, "logo_url": null, "checksums": {"smart": "be13fcd29fc16e36d37f230152d1f907", "standard": "483cdbdb616602e571b9b4d4ad4c6d45"}, "copyright": null, "full_name": "SIH SALUS CIEL", "immutable": null, "owner_url": "/orgs/PeruHCE/", "publisher": null, "created_by": "duvet05", "created_on": "2025-03-06T22:25:15.571961Z", "identifier": {}, "owner_type": "Organization", "short_code": "CIEL", "updated_by": "duvet05", "updated_on": "2025-03-19T18:00:36.427896Z", "description": "SIH SALUS CIEL", "external_id": null, "locked_date": null, "concepts_url": "/orgs/PeruHCE/collections/CIEL/concepts/", "experimental": null, "jurisdiction": {}, "mappings_url": "/orgs/PeruHCE/collections/CIEL/mappings/", "versions_url": "/orgs/PeruHCE/collections/CIEL/versions/", "canonical_url": null, "expansion_url": "/orgs/PeruHCE/collections/CIEL/HEAD/expansions/autoexpand-HEAD/", "public_access": "View", "revision_date": null, "default_locale": "es", "expansions_url": "/orgs/PeruHCE/collections/CIEL/expansions/", "autoexpand_head": true, "collection_type": "Dictionary", "preferred_source": "", "supported_locales": ["es"], "custom_validation_schema": "OpenMRS", "custom_resources_linked_source": ""}, "concepts": [{"type": "Concept", "uuid": "7426299", "id": "703", "external_id": "703AAAAAAAAAAAAAAAAAAAAAAAAAAAAAAAAA", "concept_class": "Misc", "datatype": "N/A", "display_name": "Positive", "display_locale": "en", "names": [{"uuid": "23731690", "name": "Positive", "external_id": "737BBBBBBBBBBBBBBBBBBBBBBBBBBBBBBBBB", "type": "ConceptName", "locale": "en", "locale_preferred": true, "name_type": "FULLY_SPECIFIED", "checksum": "73ee7776549285a442534f355f507163"}, {"uuid": "23731691", "name": "Positif", "external_id": "738BBBBBBBBBBBBBBBBBBBBBBBBBBBBBBBBB", "type": "ConceptName", "locale": "fr", "locale_preferred": true, "name_type": "FULLY_SPECIFIED", "checksum": "0ae09b2fa0aa16ad9bd4589f284407a6"}, {"uuid": "23731693", "name": "(+)", "external_id": "87073BBBBBBBBBBBBBBBBBBBBBBBBBBBBBBB", "type": "ConceptName", "locale": "en", "locale_preferred": false, "name_type": null, "checksum": "b23b8f8200d0669fac1637366e0454c7"}, {"uuid": "23731695", "name": "+", "external_id": "87075BBBBBBBBBBBBBBBBBBBBBBBBBBBBBBB", "type": "ConceptName", "locale": "en", "locale_preferred": false, "name_type": null, "checksum": "609aca7d3993ce642cb78e0ab5326f8b"}, {"uuid": "23731697", "name": "POS", "external_id": "96670BBBBBBBBBBBBBBBBBBBBBBBBBBBBBBB", "type": "ConceptName", "locale": "en", "locale_preferred": false, "name_type": null, "checksum": "328cd54dfa716692668a35d425c0610a"}, {"uuid": "23731698", "name": "\u12a3\u12c8\u1295\u1273\u12ca \u12cd\u1345\u12a2\u1275 \u1218\u122d\u1218\u122b \u12c8\u12ed \u1356\u12d8\u1272\u126d", "external_id": "106895BBBBBBBBBBBBBBBBBBBBBBBBBBBBBB", "type": "ConceptName", "locale": "ti", "locale_preferred": true, "name_type": "FULLY_SPECIFIED", "checksum": "2217ceef63b42724ea600deb0b758d54"}, {"uuid": "23731699", "name": "Positivo", "external_id": "108312BBBBBBBBBBBBBBBBBBBBBBBBBBBBBB", "type": "ConceptName", "locale": "es", "locale_preferred": true, "name_type": "FULLY_SPECIFIED", "checksum": "26120c6a1a21cf186f629096bb126edb"}, {"uuid": "23731700", "name": "Positiva", "external_id": "108313BBBBBBBBBBBBBBBBBBBBBBBBBBBBBB", "type": "ConceptName", "locale": "es", "locale_preferred": false, "name_type": null, "checksum": "3970fb83e373b48e0de451945caa8cc5"}, {"uuid": "23731701", "name": "POS", "external_id": "108314BBBBBBBBBBBBBBBBBBBBBBBBBBBBBB", "type": "ConceptName", "locale": "es", "locale_preferred": false, "name_type": null, "checksum": "4f754c501b43f2af7daeab400994a696"}, {"uuid": "23731702", "name": "+", "external_id": "108315BBBBBBBBBBBBBBBBBBBBBBBBBBBBBB", "type": "ConceptName", "locale": "es", "locale_preferred": false, "name_type": null, "checksum": "97150f731e9fab7f3898893d18b26307"}, {"uuid": "23731703", "name": "(+)", "external_id": "108316BBBBBBBBBBBBBBBBBBBBBBBBBBBBBB", "type": "ConceptName", "locale": "es", "locale_preferred": false, "name_type": null, "checksum": "9eabb6de6c64e305a42d7b84313928f1"}, {"uuid": "23731704", "name": "Chanya", "external_id": "110111BBBBBBBBBBBBBBBBBBBBBBBBBBBBBB", "type": "ConceptName", "locale": "sw", "locale_preferred": true, "name_type": "FULLY_SPECIFIED", "checksum": "58bc1c332c0a85cd15e9e22d09eca198"}, {"uuid": "23731705", "name": "Positif", "external_id": "137362BBBBBBBBBBBBBBBBBBBBBBBBBBBBBB", "type": "ConceptName", "locale": "ht", "locale_preferred": true, "name_type": "FULLY_SPECIFIED", "checksum": "518973c6cd8ce97831de38874cbaa032"}, {"uuid": "23731706", "name": "\u179c\u17b7\u1787\u17d2\u1787\u1798\u17b6\u1793", "external_id": "0921d393-675d-4940-b358-df106d442a4c", "type": "ConceptName", "locale": "km", "locale_preferred": true, "name_type": "FULLY_SPECIFIED", "checksum": "771eaf8d3016caa10e42c13d3ba258bf"}], "descriptions": [{"uuid": "2479543", "description": "General finding of a positive result.", "external_id": "703FFFFFFFFFFFFFFFFFFFFFFFFFFFFFFFFF", "type": "ConceptDescription", "locale": "en", "locale_preferred": false, "description_type": null, "checksum": "122564b407e94293040edaa2d83da974"}], "extras": {}, "retired": false, "source": "CIEL", "source_url": "/orgs/CIEL/sources/CIEL/", "owner": "CIEL", "owner_name": "CIEL", "owner_url": "/orgs/CIEL/", "version": "7426299", "created_on": "2025-03-17T05:33:49.335152Z", "updated_on": "2025-03-17T05:33:49.338897Z", "version_created_on": "2025-03-17T05:33:49.335152Z", "version_created_by": "ocladmin", "update_comment": null, "is_latest_version": true, "locale": null, "url": "/orgs/CIEL/sources/CIEL/concepts/703/", "owner_type": "Organization", "version_url": "/orgs/CIEL/sources/CIEL/concepts/703/7426299/", "previous_version_url": "/orgs/CIEL/sources/CIEL/concepts/703/7262866/", "parent_concept_urls": [], "child_concept_urls": [], "version_updated_on": "2025-03-17T05:33:49.338897Z", "version_updated_by": "ocladmin", "checksums": {"smart": "c092750e91265b5deb034635499f3d49", "standard": "7c036ec20c90471969d6c8539119efca"}}, {"type": "Concept", "uuid": "7425955", "id": "664", "external_id": "664AAAAAAAAAAAAAAAAAAAAAAAAAAAAAAAAA", "concept_class": "Misc", "datatype": "N/A", "display_name": "Negative", "display_locale": "en", "names": [{"uuid": "23729362", "name": "Negative", "external_id": "696BBBBBBBBBBBBBBBBBBBBBBBBBBBBBBBBB", "type": "ConceptName", "locale": "en", "locale_preferred": true, "name_type": "FULLY_SPECIFIED", "checksum": "efeab20c3a61f6405756bfcb1502981b"}, {"uuid": "23729363", "name": "N\u00e9gatif", "external_id": "697BBBBBBBBBBBBBBBBBBBBBBBBBBBBBBBBB", "type": "ConceptName", "locale": "fr", "locale_preferred": true, "name_type": "FULLY_SPECIFIED", "checksum": "56247827bbb107c2d7306276eafe13a5"}, {"uuid": "23729364", "name": "(-)", "external_id": "87074BBBBBBBBBBBBBBBBBBBBBBBBBBBBBBB", "type": "ConceptName", "locale": "en", "locale_preferred": false, "name_type": null, "checksum": "54051b8170d112b16fb0c68625dce142"}, {"uuid": "23729365", "name": "-", "external_id": "87080BBBBBBBBBBBBBBBBBBBBBBBBBBBBBBB", "type": "ConceptName", "locale": "en", "locale_preferred": false, "name_type": null, "checksum": "21a857fd4161f81c71b3f1f414fe9942"}, {"uuid": "23729366", "name": "Neg", "external_id": "95210BBBBBBBBBBBBBBBBBBBBBBBBBBBBBBB", "type": "ConceptName", "locale": "en", "locale_preferred": false, "name_type": null, "checksum": "7dc4c789012da5a2e0434768a744eefa"}, {"uuid": "23729367", "name": "Negativo", "external_id": "108329BBBBBBBBBBBBBBBBBBBBBBBBBBBBBB", "type": "ConceptName", "locale": "es", "locale_preferred": true, "name_type": "FULLY_SPECIFIED", "checksum": "8f32d14509fe0ffaad8e95b759f98b15"}, {"uuid": "23729368", "name": "Negativa", "external_id": "108330BBBBBBBBBBBBBBBBBBBBBBBBBBBBBB", "type": "ConceptName", "locale": "es", "locale_preferred": false, "name_type": null, "checksum": "7c8f96c67fa6ecc4a4d5da7f737332eb"}, {"uuid": "23729369", "name": "Neg", "external_id": "108331BBBBBBBBBBBBBBBBBBBBBBBBBBBBBB", "type": "ConceptName", "locale": "es", "locale_preferred": false, "name_type": null, "checksum": "da061d8ae33b05931834d010a278956b"}, {"uuid": "23729370", "name": "(-)", "external_id": "108332BBBBBBBBBBBBBBBBBBBBBBBBBBBBBB", "type": "ConceptName", "locale": "es", "locale_preferred": false, "name_type": null, "checksum": "9d83f1fea1dd591c240a99bbf5a7cfed"}, {"uuid": "23729371", "name": "Hasi", "external_id": "110112BBBBBBBBBBBBBBBBBBBBBBBBBBBBBB", "type": "ConceptName", "locale": "sw", "locale_preferred": true, "name_type": "FULLY_SPECIFIED", "checksum": "88df27de9f136bf9d776f35bb730e07d"}, {"uuid": "23729372", "name": "N\u00e9gatif", "external_id": "137361BBBBBBBBBBBBBBBBBBBBBBBBBBBBBB", "type": "ConceptName", "locale": "ht", "locale_preferred": true, "name_type": "FULLY_SPECIFIED", "checksum": "0fae8f76d6db31952c0d913ee54bc912"}], "descriptions": [{"uuid": "2479411", "description": "Response to a finding or test result.", "external_id": "664FFFFFFFFFFFFFFFFFFFFFFFFFFFFFFFFF", "type": "ConceptDescription", "locale": "en", "locale_preferred": false, "description_type": null, "checksum": "d037af4864a8ae42c88d6a7ac5ca8dce"}], "extras": {}, "retired": false, "source": "CIEL", "source_url": "/orgs/CIEL/sources/CIEL/", "owner": "CIEL", "owner_name": "CIEL", "owner_url": "/orgs/CIEL/", "version": "7425955", "created_on": "2025-03-17T05:33:11.529491Z", "updated_on": "2025-03-17T05:33:11.534023Z", "version_created_on": "2025-03-17T05:33:11.529491Z", "version_created_by": "ocladmin", "update_comment": null, "is_latest_version": true, "locale": null, "url": "/orgs/CIEL/sources/CIEL/concepts/664/", "owner_type": "Organization", "version_url": "/orgs/CIEL/sources/CIEL/concepts/664/7425955/", "previous_version_url": "/orgs/CIEL/sources/CIEL/concepts/664/7262569/", "parent_concept_urls": [], "child_concept_urls": [], "version_updated_on": "2025-03-17T05:33:11.534023Z", "version_updated_by": "ocladmin", "checksums": {"smart": "69f109bb19e4a07ea4e8c140d7866c32", "standard": "41e1357a359153ae3c4689dc2acef5cb"}}, {"type": "Concept", "uuid": "7261558", "id": "5622", "external_id": "5622AAAAAAAAAAAAAAAAAAAAAAAAAAAAAAAA", "concept_class": "Misc", "datatype": "N/A", "display_name": "Other", "display_locale": "en", "names": [{"uuid": "23177104", "name": "Other non-coded", "external_id": "2761BBBBBBBBBBBBBBBBBBBBBBBBBBBBBBBB", "type": "ConceptName", "locale": "en", "locale_preferred": false, "name_type": "FULLY_SPECIFIED", "checksum": "480e1af4413c4731891b383ad964fc15"}, {"uuid": "23177105", "name": "Autre", "external_id": "105802BBBBBBBBBBBBBBBBBBBBBBBBBBBBBB", "type": "ConceptName", "locale": "fr", "locale_preferred": true, "name_type": null, "checksum": "e2c4adc04549b48ca9db297d5324546b"}, {"uuid": "23177106", "name": "Nyinginezo", "external_id": "110113BBBBBBBBBBBBBBBBBBBBBBBBBBBBBB", "type": "ConceptName", "locale": "sw", "locale_preferred": true, "name_type": null, "checksum": "22d1617b8a5d96610cd82e194d54bc41"}, {"uuid": "23177107", "name": "Otro no codificado", "external_id": "110860BBBBBBBBBBBBBBBBBBBBBBBBBBBBBB", "type": "ConceptName", "locale": "es", "locale_preferred": true, "name_type": null, "checksum": "ad300b102162ca7fd765e2a36f9575c1"}, {"uuid": "23177108", "name": "Other", "external_id": "126207BBBBBBBBBBBBBBBBBBBBBBBBBBBBBB", "type": "ConceptName", "locale": "en", "locale_preferred": true, "name_type": null, "checksum": "4e28156676f456e1e7b7fa5581dae1a5"}, {"uuid": "23177109", "name": "L\u00f2t", "external_id": "134541BBBBBBBBBBBBBBBBBBBBBBBBBBBBBB", "type": "ConceptName", "locale": "ht", "locale_preferred": true, "name_type": null, "checksum": "a218a82396a10420d1a5991ab762a958"}, {"uuid": "23177110", "name": "L\u00d2T SAN-K\u00d2D", "external_id": "134542BBBBBBBBBBBBBBBBBBBBBBBBBBBBBB", "type": "ConceptName", "locale": "ht", "locale_preferred": false, "name_type": null, "checksum": "5c586b744b072cce7605020b93248572"}, {"uuid": "23177111", "name": "L\u00f2t ki pa-kode", "external_id": "135577BBBBBBBBBBBBBBBBBBBBBBBBBBBBBB", "type": "ConceptName", "locale": "ht", "locale_preferred": false, "name_type": null, "checksum": "d041cbf0fbdb84c6b37614b003ea8730"}, {"uuid": "23177112", "name": "Autre et non cod\u00e9", "external_id": "142798BBBBBBBBBBBBBBBBBBBBBBBBBBBBBB", "type": "ConceptName", "locale": "fr", "locale_preferred": false, "name_type": null, "checksum": "da78d16ab980cf3985b774f767a77cb3"}, {"uuid": "23177113", "name": "\u1795\u17d2\u179f\u17c1\u1784\u17d7", "external_id": "ff763916-ece8-4ea3-aafd-b2f935da6d1a", "type": "ConceptName", "locale": "km", "locale_preferred": true, "name_type": "FULLY_SPECIFIED", "checksum": "f906576d793c681eb657b3841ebae19f"}, {"uuid": "23177114", "name": "\u0905\u0928\u094d\u092f", "external_id": "68cb2d68-fb17-46ba-8a5c-a9abd160edbd", "type": "ConceptName", "locale": "ne", "locale_preferred": true, "name_type": "FULLY_SPECIFIED", "checksum": "2645abc003b1e8a9da85e1492f5b5e88"}], "descriptions": [{"uuid": "2341655", "description": "A generic, descriptive answer which is a handwritten, non-coded response to a question.", "external_id": "2253FFFFFFFFFFFFFFFFFFFFFFFFFFFFFFFF", "type": "ConceptDescription", "locale": "en", "locale_preferred": false, "description_type": null, "checksum": "54399b077b18dcc30d78c75e0a9127e6"}], "extras": {}, "retired": false, "source": "CIEL", "source_url": "/orgs/CIEL/sources/CIEL/", "owner": "CIEL", "owner_name": "CIEL", "owner_url": "/orgs/CIEL/", "version": "7261558", "created_on": "2025-02-15T01:06:38.441488Z", "updated_on": "2025-02-15T01:06:38.444182Z", "version_created_on": "2025-02-15T01:06:38.441488Z", "version_created_by": "ocladmin", "update_comment": null, "is_latest_version": false, "locale": null, "url": "/orgs/CIEL/sources/CIEL/concepts/5622/", "owner_type": "Organization", "version_url": "/orgs/CIEL/sources/CIEL/concepts/5622/7261558/", "previous_version_url": "/orgs/CIEL/sources/CIEL/concepts/5622/7173051/", "parent_concept_urls": [], "child_concept_urls": [], "version_updated_on": "2025-02-15T01:06:38.444182Z", "version_updated_by": "ocladmin", "checksums": {"smart": "a64d2766e74e3ea343b4c1f7818017a2", "standard": "ca93da78c011e9e99b189d44220b64c5"}}, {"type": "Concept", "uuid": "7223176", "id": "1115", "external_id": "1115AAAAAAAAAAAAAAAAAAAAAAAAAAAAAAAA", "concept_class": "Misc", "datatype": "N/A", "display_name": "Normal", "display_locale": "en", "names": [{"uuid": "22967154", "name": "Normal", "external_id": "1190BBBBBBBBBBBBBBBBBBBBBBBBBBBBBBBB", "type": "ConceptName", "locale": "en", "locale_preferred": true, "name_type": "FULLY_SPECIFIED", "checksum": "15b39ed0cc26e34b5695a3886b4cbee7"}, {"uuid": "22967155", "name": "Normale", "external_id": "106769BBBBBBBBBBBBBBBBBBBBBBBBBBBBBB", "type": "ConceptName", "locale": "fr", "locale_preferred": true, "name_type": "FULLY_SPECIFIED", "checksum": "3f3d9489d3e2af03cb5cf87a47aa32c4"}, {"uuid": "22967156", "name": "Kawaida", "external_id": "110116BBBBBBBBBBBBBBBBBBBBBBBBBBBBBB", "type": "ConceptName", "locale": "sw", "locale_preferred": true, "name_type": "FULLY_SPECIFIED", "checksum": "662dcabcf12790a8a65d0168916144d3"}, {"uuid": "22967157", "name": "Normal", "external_id": "123484BBBBBBBBBBBBBBBBBBBBBBBBBBBBBB", "type": "ConceptName", "locale": "es", "locale_preferred": true, "name_type": "FULLY_SPECIFIED", "checksum": "dcaa3d308bb835907e89892b75dc780f"}, {"uuid": "22967158", "name": "N\u00f2mal", "external_id": "135260BBBBBBBBBBBBBBBBBBBBBBBBBBBBBB", "type": "ConceptName", "locale": "ht", "locale_preferred": true, "name_type": "FULLY_SPECIFIED", "checksum": "d07ea319c8de8273e8254ce28c0b1066"}], "descriptions": [{"uuid": "2317566", "description": "General descriptive answer.", "external_id": "1118FFFFFFFFFFFFFFFFFFFFFFFFFFFFFFFF", "type": "ConceptDescription", "locale": "en", "locale_preferred": false, "description_type": null, "checksum": "0a4dad7cab6b8ae993edcbed5f0f94e6"}], "extras": {}, "retired": false, "source": "CIEL", "source_url": "/orgs/CIEL/sources/CIEL/", "owner": "CIEL", "owner_name": "CIEL", "owner_url": "/orgs/CIEL/", "version": "7223176", "created_on": "2025-02-15T00:01:14.352051Z", "updated_on": "2025-02-15T00:01:14.355901Z", "version_created_on": "2025-02-15T00:01:14.352051Z", "version_created_by": "ocladmin", "update_comment": null, "is_latest_version": false, "locale": null, "url": "/orgs/CIEL/sources/CIEL/concepts/1115/", "owner_type": "Organization", "version_url": "/orgs/CIEL/sources/CIEL/concepts/1115/7223176/", "previous_version_url": "/orgs/CIEL/sources/CIEL/concepts/1115/7128927/", "parent_concept_urls": [], "child_concept_urls": [], "version_updated_on": "2025-02-15T00:01:14.355901Z", "version_updated_by": "ocladmin", "checksums": {"smart": "b1d5ddb09925e1fee5d86e4270eae243", "standard": "d11e76885ec7c1c00544b09d8f5d878e"}}, {"type": "Concept", "uuid": "7222524", "id": "1107", "external_id": "1107AAAAAAAAAAAAAAAAAAAAAAAAAAAAAAAA", "concept_class": "Misc", "datatype": "N/A", "display_name": "None", "display_locale": "en", "names": [{"uuid": "22963789", "name": "None", "external_id": "1181BBBBBBBBBBBBBBBBBBBBBBBBBBBBBBBB", "type": "ConceptName", "locale": "en", "locale_preferred": true, "name_type": "FULLY_SPECIFIED", "checksum": "98d8cb26dd01acd2b2f624d7e254989c"}, {"uuid": "22963790", "name": "Aucun", "external_id": "1182BBBBBBBBBBBBBBBBBBBBBBBBBBBBBBBB", "type": "ConceptName", "locale": "fr", "locale_preferred": true, "name_type": "FULLY_SPECIFIED", "checksum": "954717f68d7771a7cab8fc1a96064003"}, {"uuid": "22963791", "name": "Hakuna", "external_id": "110232BBBBBBBBBBBBBBBBBBBBBBBBBBBBBB", "type": "ConceptName", "locale": "sw", "locale_preferred": true, "name_type": "FULLY_SPECIFIED", "checksum": "84e8eb545f8c57605cee79e5736fa982"}, {"uuid": "22963792", "name": "\u043d\u0438 \u043e\u0434\u0438\u043d", "external_id": "111197BBBBBBBBBBBBBBBBBBBBBBBBBBBBBB", "type": "ConceptName", "locale": "ru", "locale_preferred": true, "name_type": "FULLY_SPECIFIED", "checksum": "83d6071be3eda4196b30ada70683ad3d"}, {"uuid": "22963793", "name": "Ninguna", "external_id": "123556BBBBBBBBBBBBBBBBBBBBBBBBBBBBBB", "type": "ConceptName", "locale": "es", "locale_preferred": true, "name_type": "FULLY_SPECIFIED", "checksum": "6d9f85f94d578f2c2fae9c7ccc705b9f"}, {"uuid": "22963794", "name": "\u0995\u09cb\u09a8\u099f\u09bf \u09a8\u09be", "external_id": "127493BBBBBBBBBBBBBBBBBBBBBBBBBBBBBB", "type": "ConceptName", "locale": "bn", "locale_preferred": true, "name_type": "FULLY_SPECIFIED", "checksum": "e07d29a2ed2c8c4e7d8da65368969b9e"}, {"uuid": "22963795", "name": "Anyen", "external_id": "136111BBBBBBBBBBBBBBBBBBBBBBBBBBBBBB", "type": "ConceptName", "locale": "ht", "locale_preferred": true, "name_type": "FULLY_SPECIFIED", "checksum": "43e283d184685580ad8a30b62a6fc155"}, {"uuid": "22963796", "name": "Okenn", "external_id": "136112BBBBBBBBBBBBBBBBBBBBBBBBBBBBBB", "type": "ConceptName", "locale": "ht", "locale_preferred": false, "name_type": null, "checksum": "1f146f891cc72166e0be821ba5232759"}, {"uuid": "22963797", "name": "Kh\u00f4ng ai", "external_id": "bf021513-b79b-4d8e-a534-c4db8bcfd1fd", "type": "ConceptName", "locale": "vi", "locale_preferred": true, "name_type": "FULLY_SPECIFIED", "checksum": "2a93f7ae2e0cb4a050b359880e7eda53"}, {"uuid": "22963798", "name": "\u1782\u17d2\u1798\u17b6\u1793", "external_id": "e905b602-3d6e-4e07-9902-3fbdf3ee1fde", "type": "ConceptName", "locale": "km", "locale_preferred": true, "name_type": "FULLY_SPECIFIED", "checksum": "f4f22869a6f6b940d60968967d5ac1bb"}, {"uuid": "22963799", "name": "\u0915\u0947\u0939\u093f \u091b\u0948\u0928", "external_id": "652ef2a2-64a4-4ebe-a997-0af8ec91d428", "type": "ConceptName", "locale": "ne", "locale_preferred": true, "name_type": "FULLY_SPECIFIED", "checksum": "90817af045cd955c58ad064a262bfc69"}], "descriptions": [{"uuid": "2317144", "description": "Generic descriptive answer.", "external_id": "1110FFFFFFFFFFFFFFFFFFFFFFFFFFFFFFFF", "type": "ConceptDescription", "locale": "en", "locale_preferred": false, "description_type": null, "checksum": "035d6cbcbbb2b175e0dd2f70be5cf1d4"}], "extras": {}, "retired": false, "source": "CIEL", "source_url": "/orgs/CIEL/sources/CIEL/", "owner": "CIEL", "owner_name": "CIEL", "owner_url": "/orgs/CIEL/", "version": "7222524", "created_on": "2025-02-15T00:00:08.980867Z", "updated_on": "2025-02-15T00:00:08.984272Z", "version_created_on": "2025-02-15T00:00:08.980867Z", "version_created_by": "ocladmin", "update_comment": null, "is_latest_version": false, "locale": null, "url": "/orgs/CIEL/sources/CIEL/concepts/1107/", "owner_type": "Organization", "version_url": "/orgs/CIEL/sources/CIEL/concepts/1107/7222524/", "previous_version_url": "/orgs/CIEL/sources/CIEL/concepts/1107/7128328/", "parent_concept_urls": [], "child_concept_urls": [], "version_updated_on": "2025-02-15T00:00:08.984272Z", "version_updated_by": "ocladmin", "checksums": {"smart": "04caaf0c4505ce846a8f025a14d71af9", "standard": "632be7fd3246e7d8a88c01d6c5e379af"}}, {"type": "Concept", "uuid": "7221830", "id": "1067", "external_id": "1067AAAAAAAAAAAAAAAAAAAAAAAAAAAAAAAA", "concept_class": "Misc", "datatype": "N/A", "display_name": "Unknown", "display_locale": "en", "names": [{"uuid": "22960318", "name": "Unknown", "external_id": "1140BBBBBBBBBBBBBBBBBBBBBBBBBBBBBBBB", "type": "ConceptName", "locale": "en", "locale_preferred": true, "name_type": "FULLY_SPECIFIED", "checksum": "eb262cd1fd2f62a0de6a1e917214be84"}, {"uuid": "22960319", "name": "Ne sait pas", "external_id": "1141BBBBBBBBBBBBBBBBBBBBBBBBBBBBBBBB", "type": "ConceptName", "locale": "fr", "locale_preferred": true, "name_type": "FULLY_SPECIFIED", "checksum": "00c96af5451b48adf2ee06fcc4c8788c"}, {"uuid": "22960320", "name": "Inconnu", "external_id": "105793BBBBBBBBBBBBBBBBBBBBBBBBBBBBBB", "type": "ConceptName", "locale": "fr", "locale_preferred": false, "name_type": null, "checksum": "37aa05373d6ed36cef533e22eb5733c8"}, {"uuid": "22960321", "name": "Ntabizi", "external_id": "106309BBBBBBBBBBBBBBBBBBBBBBBBBBBBBB", "type": "ConceptName", "locale": "rw", "locale_preferred": true, "name_type": "FULLY_SPECIFIED", "checksum": "30629a29c8672b8ad2b3118a24dedae1"}, {"uuid": "22960322", "name": "Desconocido", "external_id": "108335BBBBBBBBBBBBBBBBBBBBBBBBBBBBBB", "type": "ConceptName", "locale": "es", "locale_preferred": true, "name_type": "FULLY_SPECIFIED", "checksum": "64c252f12e563f370d2ac5c0ea6ecc8e"}, {"uuid": "22960323", "name": "Desconocida", "external_id": "108336BBBBBBBBBBBBBBBBBBBBBBBBBBBBBB", "type": "ConceptName", "locale": "es", "locale_preferred": false, "name_type": null, "checksum": "4d3aab167ea9552b1de01eaeecab115e"}, {"uuid": "22960324", "name": "Haijulikani", "external_id": "110114BBBBBBBBBBBBBBBBBBBBBBBBBBBBBB", "type": "ConceptName", "locale": "sw", "locale_preferred": true, "name_type": "FULLY_SPECIFIED", "checksum": "9dfe479a7a64e14489d6b1ef6b7deb05"}, {"uuid": "22960325", "name": "\u041d\u0435 \u0438\u0437\u0432\u0435\u0441\u0442\u043d\u043e", "external_id": "111191BBBBBBBBBBBBBBBBBBBBBBBBBBBBBB", "type": "ConceptName", "locale": "ru", "locale_preferred": true, "name_type": "FULLY_SPECIFIED", "checksum": "b9246fd40b992886dcc9441270dd2c05"}, {"uuid": "22960326", "name": "\u099c\u09be\u09a8\u09bf\u09a8\u09be", "external_id": "127334BBBBBBBBBBBBBBBBBBBBBBBBBBBBBB", "type": "ConceptName", "locale": "bn", "locale_preferred": true, "name_type": "FULLY_SPECIFIED", "checksum": "27fc04aa36e380aad94a36a5e479f8dd"}, {"uuid": "22960327", "name": "Enkoni", "external_id": "135594BBBBBBBBBBBBBBBBBBBBBBBBBBBBBB", "type": "ConceptName", "locale": "ht", "locale_preferred": true, "name_type": "FULLY_SPECIFIED", "checksum": "a76aafdeac84fdc1df80b664cbf9bfb3"}, {"uuid": "22960328", "name": "\u0645\u0639\u0644\u0648\u0645 \u0646\u06c1\u06cc\u06ba", "external_id": "139801BBBBBBBBBBBBBBBBBBBBBBBBBBBBBB", "type": "ConceptName", "locale": "ur", "locale_preferred": true, "name_type": "FULLY_SPECIFIED", "checksum": "1ff1b0ec187b509ff3155d0240c77a07"}, {"uuid": "22960329", "name": "\u1798\u17b7\u1793\u178a\u17b9\u1784", "external_id": "2dafa670-4078-4d53-b965-9dc4b81450a1", "type": "ConceptName", "locale": "km", "locale_preferred": true, "name_type": "FULLY_SPECIFIED", "checksum": "69e4ebc0e4ad7ef002474f15d92a1e65"}], "descriptions": [{"uuid": "2316725", "description": "Generic answer to a question.", "external_id": "1070FFFFFFFFFFFFFFFFFFFFFFFFFFFFFFFF", "type": "ConceptDescription", "locale": "en", "locale_preferred": false, "description_type": null, "checksum": "0fa24041359919b69a92a6e3b76f9e65"}, {"uuid": "2316726", "description": "\u06a9\u0633\u06cc \u0633\u0648\u0627\u0644 \u06a9\u0627 \u0639\u0627\u0645 \u062c\u0648\u0627\u0628", "external_id": "18157FFFFFFFFFFFFFFFFFFFFFFFFFFFFFFF", "type": "ConceptDescription", "locale": "ur", "locale_preferred": false, "description_type": null, "checksum": "630208b21b0baefbf2c4174ae1a5dcac"}], "extras": {}, "retired": false, "source": "CIEL", "source_url": "/orgs/CIEL/sources/CIEL/", "owner": "CIEL", "owner_name": "CIEL", "owner_url": "/orgs/CIEL/", "version": "7221830", "created_on": "2025-02-14T23:58:58.771314Z", "updated_on": "2025-02-14T23:58:58.774802Z", "version_created_on": "2025-02-14T23:58:58.771314Z", "version_created_by": "ocladmin", "update_comment": null, "is_latest_version": false, "locale": null, "url": "/orgs/CIEL/sources/CIEL/concepts/1067/", "owner_type": "Organization", "version_url": "/orgs/CIEL/sources/CIEL/concepts/1067/7221830/", "previous_version_url": "/orgs/CIEL/sources/CIEL/concepts/1067/7127694/", "parent_concept_urls": [], "child_concept_urls": [], "version_updated_on": "2025-02-14T23:58:58.774802Z", "version_updated_by": "ocladmin", "checksums": {"smart": "f6be140c263de7dacf1caa9ec2032c3c", "standard": "3f68929860ba18e8b75625870942a2e5"}}, {"type": "Concept", "uuid": "7221825", "id": "1066", "external_id": "1066AAAAAAAAAAAAAAAAAAAAAAAAAAAAAAAA", "concept_class": "Misc", "datatype": "N/A", "display_name": "No", "display_locale": "en", "names": [{"uuid": "22960254", "name": "No", "external_id": "1138BBBBBBBBBBBBBBBBBBBBBBBBBBBBBBBB", "type": "ConceptName", "locale": "en", "locale_preferred": true, "name_type": "FULLY_SPECIFIED", "checksum": "2950a25dde9f344156fec7d9df8c71d6"}, {"uuid": "22960255", "name": "Non", "external_id": "1139BBBBBBBBBBBBBBBBBBBBBBBBBBBBBBBB", "type": "ConceptName", "locale": "fr", "locale_preferred": true, "name_type": "FULLY_SPECIFIED", "checksum": "1a47a343d0f0f4018992ce045ffe0c16"}, {"uuid": "22960256", "name": "Muzima", "external_id": "106308BBBBBBBBBBBBBBBBBBBBBBBBBBBBBB", "type": "ConceptName", "locale": "rw", "locale_preferred": true, "name_type": "FULLY_SPECIFIED", "checksum": "7b48604b00d43692b0edd6c7148db87c"}, {"uuid": "22960257", "name": "\u12a3\u12ed\u1275\u1325\u1240\u121d\u1295", "external_id": "106917BBBBBBBBBBBBBBBBBBBBBBBBBBBBBB", "type": "ConceptName", "locale": "ti", "locale_preferred": true, "name_type": "FULLY_SPECIFIED", "checksum": "a3efea945d7e696ea09cd81977cca6a9"}, {"uuid": "22960258", "name": "No", "external_id": "108334BBBBBBBBBBBBBBBBBBBBBBBBBBBBBB", "type": "ConceptName", "locale": "es", "locale_preferred": true, "name_type": "FULLY_SPECIFIED", "checksum": "5477a9d23ff255793eaca3b9fb247bd0"}, {"uuid": "22960259", "name": "\u041d\u0435\u0442", "external_id": "111196BBBBBBBBBBBBBBBBBBBBBBBBBBBBBB", "type": "ConceptName", "locale": "ru", "locale_preferred": true, "name_type": "FULLY_SPECIFIED", "checksum": "902ae6d11b0720f907e86f1d5ec449ab"}, {"uuid": "22960260", "name": "False", "external_id": "126356BBBBBBBBBBBBBBBBBBBBBBBBBBBBBB", "type": "ConceptName", "locale": "en", "locale_preferred": false, "name_type": null, "checksum": "27b3a65e57007e9905611d7f451fa5cd"}, {"uuid": "22960261", "name": "Faux", "external_id": "126357BBBBBBBBBBBBBBBBBBBBBBBBBBBBBB", "type": "ConceptName", "locale": "fr", "locale_preferred": false, "name_type": null, "checksum": "0431f1cf5b64daedcbfa2cd024028b0a"}, {"uuid": "22960262", "name": "Falso", "external_id": "126358BBBBBBBBBBBBBBBBBBBBBBBBBBBBBB", "type": "ConceptName", "locale": "es", "locale_preferred": false, "name_type": null, "checksum": "86b0be2b9b3d6066881548009cf2b2a8"}, {"uuid": "22960263", "name": "No", "external_id": "126359BBBBBBBBBBBBBBBBBBBBBBBBBBBBBB", "type": "ConceptName", "locale": "it", "locale_preferred": true, "name_type": "FULLY_SPECIFIED", "checksum": "775985f041f9e7d485b69406ae9525d9"}, {"uuid": "22960264", "name": "Falso", "external_id": "126360BBBBBBBBBBBBBBBBBBBBBBBBBBBBBB", "type": "ConceptName", "locale": "it", "locale_preferred": false, "name_type": null, "checksum": "fef95924a762a8f05a99907c21c879b6"}, {"uuid": "22960265", "name": "N\u00e3o", "external_id": "126361BBBBBBBBBBBBBBBBBBBBBBBBBBBBBB", "type": "ConceptName", "locale": "pt", "locale_preferred": true, "name_type": "FULLY_SPECIFIED", "checksum": "e525fd89643b9f60102592234446213c"}, {"uuid": "22960266", "name": "Falso", "external_id": "126362BBBBBBBBBBBBBBBBBBBBBBBBBBBBBB", "type": "ConceptName", "locale": "pt", "locale_preferred": false, "name_type": null, "checksum": "2e898b437d58511ba081d79d770ee2d9"}, {"uuid": "22960267", "name": "\u09a8\u09be", "external_id": "127333BBBBBBBBBBBBBBBBBBBBBBBBBBBBBB", "type": "ConceptName", "locale": "bn", "locale_preferred": true, "name_type": "FULLY_SPECIFIED", "checksum": "c1710938b3efe3d4f9cc000f2b980ec1"}, {"uuid": "22960268", "name": "Non", "external_id": "137333BBBBBBBBBBBBBBBBBBBBBBBBBBBBBB", "type": "ConceptName", "locale": "ht", "locale_preferred": true, "name_type": "FULLY_SPECIFIED", "checksum": "f27bef60b826e199ad1daae5dc4de7df"}, {"uuid": "22960269", "name": "Fo", "external_id": "137334BBBBBBBBBBBBBBBBBBBBBBBBBBBBBB", "type": "ConceptName", "locale": "ht", "locale_preferred": false, "name_type": null, "checksum": "fb336a8a1f7aa45214cf181ec47dd717"}, {"uuid": "22960271", "name": "\u0646\u06c1\u06cc\u06ba", "external_id": "139803BBBBBBBBBBBBBBBBBBBBBBBBBBBBBB", "type": "ConceptName", "locale": "ur", "locale_preferred": true, "name_type": "FULLY_SPECIFIED", "checksum": "bff06895d65a5caf6a06e3d3dd180815"}, {"uuid": "22960273", "name": "\u1791\u17c1", "external_id": "e846869e-7413-4e32-b235-d69a9b68bf14", "type": "ConceptName", "locale": "km", "locale_preferred": true, "name_type": "FULLY_SPECIFIED", "checksum": "3ad40ab31a4f7b0e3f0e57804cc56ef8"}, {"uuid": "22960275", "name": "\u0939\u0941\u0901\u0926\u0948\u0928", "external_id": "173d1ad5-47ab-4d36-ae7e-89289825d333", "type": "ConceptName", "locale": "ne", "locale_preferred": true, "name_type": "FULLY_SPECIFIED", "checksum": "c4c4ad8850cc2a871e0815985b288cbe"}], "descriptions": [{"uuid": "2316721", "description": "Generic answer to a question.", "external_id": "1069FFFFFFFFFFFFFFFFFFFFFFFFFFFFFFFF", "type": "ConceptDescription", "locale": "en", "locale_preferred": false, "description_type": null, "checksum": "56c4e72e388896ba522580f593773ea9"}, {"uuid": "2316722", "description": "\u06a9\u0633\u06cc \u0633\u0648\u0627\u0644 \u06a9\u0627 \u0639\u0627\u0645 \u062c\u0648\u0627\u0628", "external_id": "18159FFFFFFFFFFFFFFFFFFFFFFFFFFFFFFF", "type": "ConceptDescription", "locale": "ur", "locale_preferred": false, "description_type": null, "checksum": "65a92c41b90683a13f1a1a7ec61ed808"}], "extras": {}, "retired": false, "source": "CIEL", "source_url": "/orgs/CIEL/sources/CIEL/", "owner": "CIEL", "owner_name": "CIEL", "owner_url": "/orgs/CIEL/", "version": "7221825", "created_on": "2025-02-14T23:58:58.071308Z", "updated_on": "2025-02-14T23:58:58.075057Z", "version_created_on": "2025-02-14T23:58:58.071308Z", "version_created_by": "ocladmin", "update_comment": null, "is_latest_version": false, "locale": null, "url": "/orgs/CIEL/sources/CIEL/concepts/1066/", "owner_type": "Organization", "version_url": "/orgs/CIEL/sources/CIEL/concepts/1066/7221825/", "previous_version_url": "/orgs/CIEL/sources/CIEL/concepts/1066/7127690/", "parent_concept_urls": [], "child_concept_urls": [], "version_updated_on": "2025-02-14T23:58:58.075057Z", "version_updated_by": "ocladmin", "checksums": {"smart": "fdc1365b010b376d56fa54ca0b17d22f", "standard": "950b643dd935b9acc1846d735035655d"}}, {"type": "Concept", "uuid": "7221820", "id": "1065", "external_id": "1065AAAAAAAAAAAAAAAAAAAAAAAAAAAAAAAA", "concept_class": "Misc", "datatype": "N/A", "display_name": "Yes", "display_locale": "en", "names": [{"uuid": "22960186", "name": "Yes", "external_id": "1136BBBBBBBBBBBBBBBBBBBBBBBBBBBBBBBB", "type": "ConceptName", "locale": "en", "locale_preferred": true, "name_type": "FULLY_SPECIFIED", "checksum": "ad696db67e2fe7703055a754d912ccf2"}, {"uuid": "22960187", "name": "Oui", "external_id": "1137BBBBBBBBBBBBBBBBBBBBBBBBBBBBBBBB", "type": "ConceptName", "locale": "fr", "locale_preferred": true, "name_type": "FULLY_SPECIFIED", "checksum": "5fc8093e500a147e8ed768815f433dee"}, {"uuid": "22960188", "name": "Yego", "external_id": "106307BBBBBBBBBBBBBBBBBBBBBBBBBBBBBB", "type": "ConceptName", "locale": "rw", "locale_preferred": true, "name_type": "FULLY_SPECIFIED", "checksum": "1b182c604e60ca3d73fe7eacfd824062"}, {"uuid": "22960189", "name": "\u12a5\u12c8", "external_id": "106919BBBBBBBBBBBBBBBBBBBBBBBBBBBBBB", "type": "ConceptName", "locale": "ti", "locale_preferred": true, "name_type": "FULLY_SPECIFIED", "checksum": "308b67943dec06a8e52cdbf6aa47224e"}, {"uuid": "22960190", "name": "S\u00ed", "external_id": "108333BBBBBBBBBBBBBBBBBBBBBBBBBBBBBB", "type": "ConceptName", "locale": "es", "locale_preferred": true, "name_type": "FULLY_SPECIFIED", "checksum": "1c7c312332acfce65fc702f6f4c0f1f3"}, {"uuid": "22960191", "name": "\u0414\u0430", "external_id": "111198BBBBBBBBBBBBBBBBBBBBBBBBBBBBBB", "type": "ConceptName", "locale": "ru", "locale_preferred": true, "name_type": "FULLY_SPECIFIED", "checksum": "f929231f10548b5dabc9a230998f6e3a"}, {"uuid": "22960192", "name": "True", "external_id": "126313BBBBBBBBBBBBBBBBBBBBBBBBBBBBBB", "type": "ConceptName", "locale": "en", "locale_preferred": false, "name_type": null, "checksum": "1e00efdf75be8d8302d4772feff4123f"}, {"uuid": "22960193", "name": "Vrai", "external_id": "126314BBBBBBBBBBBBBBBBBBBBBBBBBBBBBB", "type": "ConceptName", "locale": "fr", "locale_preferred": false, "name_type": null, "checksum": "437684c80589523e59d59dc92f12eac6"}, {"uuid": "22960194", "name": "Verdadero", "external_id": "126315BBBBBBBBBBBBBBBBBBBBBBBBBBBBBB", "type": "ConceptName", "locale": "es", "locale_preferred": false, "name_type": null, "checksum": "9127ddc80b3300437630536ec11a8d74"}, {"uuid": "22960195", "name": "S\u00ec", "external_id": "126316BBBBBBBBBBBBBBBBBBBBBBBBBBBBBB", "type": "ConceptName", "locale": "it", "locale_preferred": true, "name_type": "FULLY_SPECIFIED", "checksum": "3a7632d1eed869cd9658c72d69ce4766"}, {"uuid": "22960196", "name": "Vero", "external_id": "126317BBBBBBBBBBBBBBBBBBBBBBBBBBBBBB", "type": "ConceptName", "locale": "it", "locale_preferred": false, "name_type": null, "checksum": "b2c409b7194ec9a83c8e1c0b5730094d"}, {"uuid": "22960197", "name": "Sim", "external_id": "126318BBBBBBBBBBBBBBBBBBBBBBBBBBBBBB", "type": "ConceptName", "locale": "pt", "locale_preferred": true, "name_type": "FULLY_SPECIFIED", "checksum": "c26c5a304b87faed26cb4a5160b2e00c"}, {"uuid": "22960198", "name": "Verdadeiro", "external_id": "126319BBBBBBBBBBBBBBBBBBBBBBBBBBBBBB", "type": "ConceptName", "locale": "pt", "locale_preferred": false, "name_type": null, "checksum": "f248eaf0322125107c099cc9e70f15ea"}, {"uuid": "22960199", "name": "\u09b9\u09cd\u09af\u09be\u0981", "external_id": "127332BBBBBBBBBBBBBBBBBBBBBBBBBBBBBB", "type": "ConceptName", "locale": "bn", "locale_preferred": true, "name_type": "FULLY_SPECIFIED", "checksum": "6557dd01686edeaedb2cb43b387f1995"}, {"uuid": "22960200", "name": "Wi", "external_id": "137331BBBBBBBBBBBBBBBBBBBBBBBBBBBBBB", "type": "ConceptName", "locale": "ht", "locale_preferred": true, "name_type": "FULLY_SPECIFIED", "checksum": "b8645f7f430031d88f16d25dcd3094d5"}, {"uuid": "22960201", "name": "Vre", "external_id": "137332BBBBBBBBBBBBBBBBBBBBBBBBBBBBBB", "type": "ConceptName", "locale": "ht", "locale_preferred": false, "name_type": null, "checksum": "403a23c2df836e300a7e4a0233b1608a"}, {"uuid": "22960202", "name": "\u06c1\u0627\u06ba", "external_id": "139802BBBBBBBBBBBBBBBBBBBBBBBBBBBBBB", "type": "ConceptName", "locale": "ur", "locale_preferred": true, "name_type": "FULLY_SPECIFIED", "checksum": "1b854b84425d83c99933e4b051554b06"}, {"uuid": "22960203", "name": "\u1794\u17b6\u1791", "external_id": "626c68d8-6ba2-4ebf-981f-89e17c94acbe", "type": "ConceptName", "locale": "km", "locale_preferred": true, "name_type": "FULLY_SPECIFIED", "checksum": "9407faa0b35b0fba064bde32dcaf8a91"}, {"uuid": "22960204", "name": "\u1785\u17b6\u179f", "external_id": "dbc381aa-4328-410c-b16d-72f257f997fb", "type": "ConceptName", "locale": "km", "locale_preferred": false, "name_type": null, "checksum": "57d897b3f076eec3cbc3dee12519d343"}, {"uuid": "22960205", "name": "\u0939\u0941\u0928\u094d\u091b", "external_id": "0635ba27-b95b-4c14-b895-bf402867547a", "type": "ConceptName", "locale": "ne", "locale_preferred": true, "name_type": "FULLY_SPECIFIED", "checksum": "7315cb73a30de0a6ab193bd302b8f14e"}], "descriptions": [{"uuid": "2316715", "description": "Generic answer to a question.", "external_id": "1068FFFFFFFFFFFFFFFFFFFFFFFFFFFFFFFF", "type": "ConceptDescription", "locale": "en", "locale_preferred": false, "description_type": null, "checksum": "1ef38835f1d6acd024f71f0b61f5f583"}, {"uuid": "2316716", "description": "\u06a9\u0633\u06cc \u0633\u0648\u0627\u0644 \u06a9\u0627 \u0639\u0627\u0645 \u062c\u0648\u0627\u0628", "external_id": "18158FFFFFFFFFFFFFFFFFFFFFFFFFFFFFFF", "type": "ConceptDescription", "locale": "ur", "locale_preferred": false, "description_type": null, "checksum": "dcebec4d4ecb3c7621f3b2199421fbf5"}], "extras": {}, "retired": false, "source": "CIEL", "source_url": "/orgs/CIEL/sources/CIEL/", "owner": "CIEL", "owner_name": "CIEL", "owner_url": "/orgs/CIEL/", "version": "7221820", "created_on": "2025-02-14T23:58:57.318836Z", "updated_on": "2025-02-14T23:58:57.323239Z", "version_created_on": "2025-02-14T23:58:57.318836Z", "version_created_by": "ocladmin", "update_comment": null, "is_latest_version": false, "locale": null, "url": "/orgs/CIEL/sources/CIEL/concepts/1065/", "owner_type": "Organization", "version_url": "/orgs/CIEL/sources/CIEL/concepts/1065/7221820/", "previous_version_url": "/orgs/CIEL/sources/CIEL/concepts/1065/7127685/", "parent_concept_urls": [], "child_concept_urls": [], "version_updated_on": "2025-02-14T23:58:57.323239Z", "version_updated_by": "ocladmin", "checksums": {"smart": "683a95aa24d53b608dd9cdda581a7b6a", "standard": "7402acaa10e0e59a8aaa5ff2e6674305"}}], "references": [{"expression": "/orgs/CIEL/sources/CIEL/concepts/1115/", "reference_type": "concepts", "id": 9761153, "last_resolved_at": "2025-03-19T19:51:31.302146Z", "uri": "/orgs/PeruHCE/collections/CIEL/1.0.1/references/9761153/", "uuid": "9761153", "include": true, "type": "CollectionReference"}, {"expression": "/orgs/CIEL/sources/CIEL/mappings/4408/", "reference_type": "mappings", "id": 9761152, "last_resolved_at": "2025-03-19T19:51:31.274522Z", "uri": "/orgs/PeruHCE/collections/CIEL/1.0.1/references/9761152/", "uuid": "9761152", "include": false, "type": "CollectionReference"}, {"expression": "/orgs/CIEL/sources/CIEL/mappings/3792/", "reference_type": "mappings", "id": 9761151, "last_resolved_at": "2025-03-19T19:51:31.247114Z", "uri": "/orgs/PeruHCE/collections/CIEL/1.0.1/references/9761151/", "uuid": "9761151", "include": false, "type": "CollectionReference"}, {"expression": "/orgs/CIEL/sources/CIEL/mappings/3812/", "reference_type": "mappings", "id": 9761150, "last_resolved_at": "2025-03-19T19:51:31.219648Z", "uri": "/orgs/PeruHCE/collections/CIEL/1.0.1/references/9761150/", "uuid": "9761150", "include": false, "type": "CollectionReference"}, {"expression": "/orgs/CIEL/sources/CIEL/mappings/4453/", "reference_type": "mappings", "id": 9761149, "last_resolved_at": "2025-03-19T19:51:31.191300Z", "uri": "/orgs/PeruHCE/collections/CIEL/1.0.1/references/9761149/", "uuid": "9761149", "include": false, "type": "CollectionReference"}, {"expression": "/orgs/CIEL/sources/CIEL/mappings/1008215/", "reference_type": "mappings", "id": 9761148, "last_resolved_at": "2025-03-19T19:51:31.162381Z", "uri": "/orgs/PeruHCE/collections/CIEL/1.0.1/references/9761148/", "uuid": "9761148", "include": false, "type": "CollectionReference"}, {"expression": "/orgs/CIEL/sources/CIEL/concepts/1107/", "reference_type": "concepts", "id": 9761147, "last_resolved_at": "2025-03-19T19:51:31.133872Z", "uri": "/orgs/PeruHCE/collections/CIEL/1.0.1/references/9761147/", "uuid": "9761147", "include": true, "type": "CollectionReference"}, {"expression": "/orgs/CIEL/sources/CIEL/concepts/1067/", "reference_type": "concepts", "id": 9761146, "last_resolved_at": "2025-03-19T19:51:31.105415Z", "uri": "/orgs/PeruHCE/collections/CIEL/1.0.1/references/9761146/", "uuid": "9761146", "include": true, "type": "CollectionReference"}, {"expression": "/orgs/CIEL/sources/CIEL/concepts/5622/", "reference_type": "concepts", "id": 9761145, "last_resolved_at": "2025-03-19T19:51:31.076071Z", "uri": "/orgs/PeruHCE/collections/CIEL/1.0.1/references/9761145/", "uuid": "9761145", "include": true, "type": "CollectionReference"}, {"expression": "/orgs/CIEL/sources/CIEL/concepts/1065/", "reference_type": "concepts", "id": 9761144, "last_resolved_at": "2025-03-19T19:51:31.046859Z", "uri": "/orgs/PeruHCE/collections/CIEL/1.0.1/references/9761144/", "uuid": "9761144", "include": true, "type": "CollectionReference"}, {"expression": "/orgs/CIEL/sources/CIEL/concepts/1066/", "reference_type": "concepts", "id": 9761143, "last_resolved_at": "2025-03-19T19:51:31.000677Z", "uri": "/orgs/PeruHCE/collections/CIEL/1.0.1/references/9761143/", "uuid": "9761143", "include": true, "type": "CollectionReference"}, {"expression": "/orgs/CIEL/sources/CIEL/concepts/703/", "reference_type": "concepts", "id": 9761142, "last_resolved_at": "2025-03-19T19:51:30.972399Z", "uri": "/orgs/PeruHCE/collections/CIEL/1.0.1/references/9761142/", "uuid": "9761142", "include": true, "type": "CollectionReference"}, {"expression": "/orgs/CIEL/sources/CIEL/concepts/664/", "reference_type": "concepts", "id": 9761141, "last_resolved_at": "2025-03-19T19:51:30.926136Z", "uri": "/orgs/PeruHCE/collections/CIEL/1.0.1/references/9761141/", "uuid": "9761141", "include": true, "type": "CollectionReference"}], "mappings": [], "export_time": "7.26secs"}