{"type": "Collection Version", "uuid": "33672", "id": "4", "short_code": "PD", "name": "Patient Data", "full_name": "Reference Application Patient-Specific Concepts", "description": "Updates the version number of the Pt Photo ID concept to include a UUID in the Description field of that concept.", "collection_type": "Dictionary", "custom_validation_schema": "OpenMRS", "public_access": "View", "default_locale": "en", "supported_locales": ["en"], "website": null, "url": "/orgs/openmrs/collections/PD/", "owner": "openmrs", "owner_type": "Organization", "owner_url": "/orgs/openmrs/", "version_url": "/orgs/openmrs/collections/PD/4/", "previous_version_url": "/orgs/openmrs/collections/PD/3/", "created_on": "2023-12-19T22:43:27.295768Z", "updated_on": "2023-12-19T22:43:27.398129Z", "created_by": "gpotma", "updated_by": "gpotma", "extras": {"source": "/orgs/openmrs/sources/PD/"}, "external_id": null, "version": "4", "concepts_url": "/orgs/openmrs/collections/PD/4/concepts/", "mappings_url": "/orgs/openmrs/collections/PD/4/mappings/", "expansions_url": "/orgs/openmrs/collections/PD/4/expansions/", "is_processing": true, "released": true, "retired": false, "canonical_url": null, "identifier": {}, "publisher": null, "contact": {}, "jurisdiction": {}, "purpose": null, "copyright": null, "meta": null, "immutable": null, "revision_date": null, "text": null, "experimental": null, "locked_date": null, "autoexpand": true, "expansion_url": "/orgs/openmrs/collections/PD/4/expansions/autoexpand-4/", "checksums": {}, "collection": {"id": "PD", "url": "/orgs/openmrs/collections/PD/", "meta": null, "name": "Patient Data", "text": null, "type": "Collection", "uuid": "25209", "owner": "openmrs", "extras": {"source": "/orgs/openmrs/sources/PD/"}, "contact": {}, "purpose": null, "version": "HEAD", "website": null, "logo_url": null, "checksums": {}, "copyright": null, "full_name": "Reference Application Patient-Specific Concepts", "immutable": null, "owner_url": "/orgs/openmrs/", "publisher": null, "created_by": "ibacher", "created_on": "2023-04-13T12:14:16.505362Z", "identifier": {}, "owner_type": "Organization", "short_code": "PD", "updated_by": "gpotma", "updated_on": "2023-12-19T22:42:51.225082Z", "description": null, "external_id": null, "locked_date": null, "concepts_url": "/orgs/openmrs/collections/PD/concepts/", "experimental": null, "jurisdiction": {}, "mappings_url": "/orgs/openmrs/collections/PD/mappings/", "versions_url": "/orgs/openmrs/collections/PD/versions/", "canonical_url": null, "expansion_url": "/orgs/openmrs/collections/PD/HEAD/expansions/autoexpand-HEAD/", "public_access": "View", "revision_date": null, "default_locale": "en", "expansions_url": "/orgs/openmrs/collections/PD/expansions/", "autoexpand_head": true, "collection_type": "Dictionary", "preferred_source": "", "supported_locales": ["en"], "custom_validation_schema": "OpenMRS", "custom_resources_linked_source": ""}, "concepts": [{"type": "Concept", "uuid": "5254077", "id": "1", "external_id": "736e8771-e501-4615-bfa7-570c03f4bef5", "concept_class": "Misc", "datatype": "Complex", "display_name": "Patient Identification Photo", "display_locale": "en", "names": [{"uuid": "16736322", "name": "Patient Identification Photo", "external_id": "db0fb76b-1ad4-4c7c-9f84-6a2ef133a22f", "type": "ConceptName", "locale": "en", "locale_preferred": true, "name_type": "Fully-Specified", "checksum": null}], "descriptions": [{"uuid": "1531349", "description": "A photograph of the patient, used for patient identification purposes.", "external_id": "846edb72-8e9b-4390-bdb8-2fc023ad1a29", "type": "ConceptDescription", "locale": "en", "locale_preferred": false, "description_type": "None", "checksum": null}], "extras": {}, "retired": false, "source": "PD", "source_url": "/orgs/openmrs/sources/PD/", "owner": "openmrs", "owner_name": "openmrs", "owner_url": "/orgs/openmrs/", "version": "5254077", "created_on": "2023-12-19T22:41:18.284412Z", "updated_on": "2023-12-19T22:41:18.294022Z", "version_created_on": "2023-12-19T22:41:18.284412Z", "version_created_by": "gpotma", "update_comment": "Added UUID to Description field", "is_latest_version": true, "locale": null, "url": "/orgs/openmrs/sources/PD/concepts/1/", "owner_type": "Organization", "version_url": "/orgs/openmrs/sources/PD/concepts/1/5254077/", "previous_version_url": "/orgs/openmrs/sources/PD/concepts/1/5254076/", "parent_concept_urls": [], "child_concept_urls": [], "version_updated_on": "2023-12-19T22:41:18.294022Z", "version_updated_by": "gpotma", "checksums": null}], "references": [{"expression": "/orgs/openmrs/sources/PD/concepts/1/5254077/", "reference_type": "concepts", "id": 4777145, "last_resolved_at": "2023-12-19T22:43:27.347656Z", "uri": "/orgs/openmrs/collections/PD/4/references/4777145/", "uuid": "4777145", "include": true, "type": "CollectionReference"}], "mappings": []}