Uuid,Void/Retire,Role name,Description,Inherited roles,Privileges
fe62b92b-0a76-4f00-9ea2-b18a1a773440,,Application: ACT Base,"Sign in, open ACT home and find patients",,Get People;Get Concepts;Get Forms;Get Visit Types;Get Providers;Get Programs;Get Patients;Get Patient Identifiers;App: act.home;Get Users
e91c90f0-8ad3-4056-8177-99f65f21f110,,Application: ACT Reads Patients,"Read a patient's chart: visits, encounters, observations, programmes, allergies, orders and flags",,Get Encounters;Get Observations;Get Visits;Get Patient Programs;Get Allergies;Get Care Settings;Get Orders;View Patient Flags;Test Flags;Get Visit Attribute Types
ec328741-196c-410d-a24c-789d16d65e6a,,Application: ACT Records Visits,Start visits and record forms,,Add Visits;Edit Visits;Add Encounters;Edit Encounters;Add Observations;Edit Observations;Get Admission Locations;Get Beds;Get Encounter Roles
b28338f1-3c70-4e68-8ac9-d9d4a35a66c0,,Application: ACT Registers Patients,Register patients and enrol them in programmes,,Add Patients;Edit Patients;Add Patient Identifiers;Edit Patient Identifiers;Add Patient Programs;Edit Patient Programs
48449e28-82f8-4568-984f-529d1f953874,,Application: ACT Registry,"The registry, worklists, procedural waiting list, screen positive and care cascade",,App: act.registry;App: act.worklists;App: act.waitingList;App: act.screenPositive;View Reports;Run Reports;Get Patient Cohorts;View Cohorts In Cohort Module
e7025a1c-a885-47fa-87a4-07fcefd7ea20,,Application: ACT Exports,Download ACT lists as CSV,,Task: act.lists.export
18a85433-2d19-4293-8739-0440d22bdb15,,Application: ACT Clinical Forms,"Record echocardiograms, electrocardiograms, interventions and pregnancies",,Task: act.enterClinicalForms
54f1ccd8-d374-447c-b474-68283af437b6,,Application: ACT Site Administration,Manage the users at the site,,Get Users;Add Users;Edit Users;Get Roles
b9ab4b76-e7b9-46a7-b4ec-5b7fdd8fa540,,Organizational: ACT Community Clinician,Primary care clinician who registers patients and gives prophylaxis,Application: ACT Base;Application: ACT Reads Patients;Application: ACT Records Visits;Application: ACT Registers Patients,
61e9bb28-11df-4df1-965d-11ef928d5239,,Organizational: ACT Data Clerk,Health information assistant who registers patients and records forms,Organizational: ACT Community Clinician,
60625a0c-3cea-4fe5-b6ca-615c743ad9d4,,Organizational: ACT Clinician,Cardiology clinician who runs the registry,Organizational: ACT Community Clinician;Application: ACT Registry;Application: ACT Exports;Application: ACT Clinical Forms,
a1295a20-7273-4339-b5df-2f8a3a841c77,,Organizational: ACT Site Administrator,Administers a site's users; reads the registry,Application: ACT Base;Application: ACT Reads Patients;Application: ACT Registers Patients;Application: ACT Registry;Application: ACT Site Administration,
