{"uuid":"101183","parent_concept_urls":[],"hierarchy_path":[],"mappings":[{"external_id":"1855AEEEEEEEEEEEEEEEEEEEEEEEEEEEEEEE","retired":false,"map_type":"CONCEPT-SET","source":"CIEL","owner":"CIEL","owner_type":"Organization","from_concept_code":"1816","from_concept_name":null,"from_concept_url":"/orgs/CIEL/sources/CIEL/concepts/1816/","to_concept_code":"160218","to_concept_name":null,"to_concept_url":"/orgs/CIEL/sources/CIEL/concepts/160218/","from_source_owner":"CIEL","from_source_owner_type":"Organization","from_source_url":"/orgs/CIEL/sources/CIEL/","from_source_name":"CIEL","to_source_owner":"CIEL","to_source_owner_type":"Organization","to_source_url":"/orgs/CIEL/sources/CIEL/","to_source_name":"CIEL","url":"/orgs/CIEL/sources/CIEL/mappings/9806/","version":"9806","id":"9806","versioned_object_id":9806,"versioned_object_url":"/orgs/CIEL/sources/CIEL/mappings/9806/","is_latest_version":false,"update_comment":null,"version_url":"/orgs/CIEL/sources/CIEL/mappings/9806/2780000/","uuid":"9806","version_created_on":"2021-03-29T05:05:25.949494Z","from_source_version":null,"to_source_version":null,"from_concept_name_resolved":"Causes of death from death certificate","to_concept_name_resolved":"Probable cause of death (text)","extras":{"sort_weight":2},"type":"Mapping","created_on":"2021-03-29T05:05:25.949494Z","updated_on":"2022-08-17T01:31:47.079237Z","created_by":"ocladmin","updated_by":"ocladmin","public_can_view":true},{"external_id":"144080ABBBBBBBBBBBBBBBBBBBBBBBBBBBBB","retired":false,"map_type":"NARROWER-THAN","source":"CIEL","owner":"CIEL","owner_type":"Organization","from_concept_code":"160218","from_concept_name":null,"from_concept_url":"/orgs/CIEL/sources/CIEL/concepts/160218/","to_concept_code":"184305005","to_concept_name":null,"to_concept_url":null,"from_source_owner":"CIEL","from_source_owner_type":"Organization","from_source_url":"/orgs/CIEL/sources/CIEL/","from_source_name":"CIEL","to_source_owner":"IHTSDO","to_source_owner_type":"Organization","to_source_url":"/orgs/IHTSDO/sources/SNOMED-CT/","to_source_name":"SNOMED-CT","url":"/orgs/CIEL/sources/CIEL/mappings/312313/","version":"312313","id":"312313","versioned_object_id":312313,"versioned_object_url":"/orgs/CIEL/sources/CIEL/mappings/312313/","is_latest_version":false,"update_comment":null,"version_url":"/orgs/CIEL/sources/CIEL/mappings/312313/2912800/","uuid":"312313","version_created_on":"2021-03-29T05:38:24.505143Z","from_source_version":null,"to_source_version":null,"from_concept_name_resolved":"Probable cause of death (text)","extras":{},"type":"Mapping","created_on":"2021-03-29T05:38:24.505143Z","updated_on":"2022-08-17T04:39:54.628542Z","created_by":"ocladmin","updated_by":"ocladmin","public_can_view":true},{"external_id":"2302AEEEEEEEEEEEEEEEEEEEEEEEEEEEEEEE","retired":false,"map_type":"CONCEPT-SET","source":"CIEL","owner":"CIEL","owner_type":"Organization","from_concept_code":"164176","from_concept_name":null,"from_concept_url":"/orgs/CIEL/sources/CIEL/concepts/164176/","to_concept_code":"160218","to_concept_name":null,"to_concept_url":"/orgs/CIEL/sources/CIEL/concepts/160218/","from_source_owner":"CIEL","from_source_owner_type":"Organization","from_source_url":"/orgs/CIEL/sources/CIEL/","from_source_name":"CIEL","to_source_owner":"CIEL","to_source_owner_type":"Organization","to_source_url":"/orgs/CIEL/sources/CIEL/","to_source_name":"CIEL","url":"/orgs/CIEL/sources/CIEL/mappings/329813/","version":"329813","id":"329813","versioned_object_id":329813,"versioned_object_url":"/orgs/CIEL/sources/CIEL/mappings/329813/","is_latest_version":false,"update_comment":null,"version_url":"/orgs/CIEL/sources/CIEL/mappings/329813/2936871/","uuid":"329813","version_created_on":"2021-03-29T05:47:30.481332Z","from_source_version":null,"to_source_version":null,"from_concept_name_resolved":"Neonatal cause of death","to_concept_name_resolved":"Probable cause of death (text)","extras":{"sort_weight":0},"type":"Mapping","created_on":"2021-03-29T05:47:30.481332Z","updated_on":"2022-08-17T05:09:49.771888Z","created_by":"ocladmin","updated_by":"ocladmin","public_can_view":true},{"external_id":"1999AEEEEEEEEEEEEEEEEEEEEEEEEEEEEEEE","retired":false,"map_type":"CONCEPT-SET","source":"CIEL","owner":"CIEL","owner_type":"Organization","from_concept_code":"163177","from_concept_name":null,"from_concept_url":"/orgs/CIEL/sources/CIEL/concepts/163177/","to_concept_code":"160218","to_concept_name":null,"to_concept_url":"/orgs/CIEL/sources/CIEL/concepts/160218/","from_source_owner":"CIEL","from_source_owner_type":"Organization","from_source_url":"/orgs/CIEL/sources/CIEL/","from_source_name":"CIEL","to_source_owner":"CIEL","to_source_owner_type":"Organization","to_source_url":"/orgs/CIEL/sources/CIEL/","to_source_name":"CIEL","url":"/orgs/CIEL/sources/CIEL/mappings/315940/","version":"315940","id":"315940","versioned_object_id":315940,"versioned_object_url":"/orgs/CIEL/sources/CIEL/mappings/315940/","is_latest_version":false,"update_comment":null,"version_url":"/orgs/CIEL/sources/CIEL/mappings/315940/2931532/","uuid":"315940","version_created_on":"2021-03-29T05:39:54.203237Z","from_source_version":null,"to_source_version":null,"from_concept_name_resolved":"Maternal cause of death","to_concept_name_resolved":"Probable cause of death (text)","extras":{"sort_weight":1},"type":"Mapping","created_on":"2021-03-29T05:39:54.203237Z","updated_on":"2022-08-17T05:03:13.246024Z","created_by":"ocladmin","updated_by":"ocladmin","public_can_view":true},{"external_id":"1848AEEEEEEEEEEEEEEEEEEEEEEEEEEEEEEE","retired":false,"map_type":"CONCEPT-SET","source":"CIEL","owner":"CIEL","owner_type":"Organization","from_concept_code":"162569","from_concept_name":null,"from_concept_url":"/orgs/CIEL/sources/CIEL/concepts/162569/","to_concept_code":"160218","to_concept_name":null,"to_concept_url":"/orgs/CIEL/sources/CIEL/concepts/160218/","from_source_owner":"CIEL","from_source_owner_type":"Organization","from_source_url":"/orgs/CIEL/sources/CIEL/","from_source_name":"CIEL","to_source_owner":"CIEL","to_source_owner_type":"Organization","to_source_url":"/orgs/CIEL/sources/CIEL/","to_source_name":"CIEL","url":"/orgs/CIEL/sources/CIEL/mappings/330527/","version":"330527","id":"330527","versioned_object_id":330527,"versioned_object_url":"/orgs/CIEL/sources/CIEL/mappings/330527/","is_latest_version":false,"update_comment":null,"version_url":"/orgs/CIEL/sources/CIEL/mappings/330527/2927975/","uuid":"330527","version_created_on":"2021-03-29T05:47:55.324230Z","from_source_version":null,"to_source_version":null,"from_concept_name_resolved":"Causes of death from specified source","to_concept_name_resolved":"Probable cause of death (text)","extras":{"sort_weight":2},"type":"Mapping","created_on":"2021-03-29T05:47:55.324230Z","updated_on":"2022-08-17T04:58:38.111441Z","created_by":"ocladmin","updated_by":"ocladmin","public_can_view":true},{"external_id":"89dfa303-ea4d-3aed-8db0-f25b7277428c","retired":false,"map_type":"SAME-AS","source":"CIEL","owner":"CIEL","owner_type":"Organization","from_concept_code":"160218","from_concept_name":null,"from_concept_url":"/orgs/CIEL/sources/CIEL/concepts/160218/","to_concept_code":"160218","to_concept_name":null,"to_concept_url":"/orgs/CIEL/sources/CIEL/concepts/160218/","from_source_owner":"CIEL","from_source_owner_type":"Organization","from_source_url":"/orgs/CIEL/sources/CIEL/","from_source_name":"CIEL","to_source_owner":"CIEL","to_source_owner_type":"Organization","to_source_url":"/orgs/CIEL/sources/CIEL/","to_source_name":"CIEL","url":"/orgs/CIEL/sources/CIEL/mappings/1251934/","version":"1251934","id":"1251934","versioned_object_id":1251934,"versioned_object_url":"/orgs/CIEL/sources/CIEL/mappings/1251934/","is_latest_version":false,"update_comment":null,"version_url":"/orgs/CIEL/sources/CIEL/mappings/1251934/2912802/","uuid":"1251934","version_created_on":"2021-10-14T18:05:38.740119Z","from_source_version":null,"to_source_version":null,"from_concept_name_resolved":"Probable cause of death (text)","to_concept_name_resolved":"Probable cause of death (text)","extras":{},"type":"Mapping","created_on":"2021-10-14T18:05:38.740119Z","updated_on":"2022-08-17T04:39:54.750535Z","created_by":"ocladmin","updated_by":"ocladmin","public_can_view":true}],"extras":{},"id":"160218","external_id":"160218AAAAAAAAAAAAAAAAAAAAAAAAAAAAAA","concept_class":"Question","datatype":"Text","url":"/orgs/CIEL/sources/CIEL/concepts/160218/","retired":false,"source":"CIEL","owner":"CIEL","owner_type":"Organization","owner_url":"/orgs/CIEL/","display_name":"Probable cause of death (text)","display_locale":"en","names":[{"uuid":"2694281","name":"Probable cause of death (text)","external_id":"108120BBBBBBBBBBBBBBBBBBBBBBBBBBBBBB","type":"ConceptName","locale":"en","locale_preferred":true,"name_type":"FULLY_SPECIFIED"},{"uuid":"2694282","name":"Cause probable de décès (texte)","external_id":"134559BBBBBBBBBBBBBBBBBBBBBBBBBBBBBB","type":"ConceptName","locale":"fr","locale_preferred":true,"name_type":"FULLY_SPECIFIED"},{"uuid":"2694283","name":"Kòz pwobab pou lanmò (tèks)","external_id":"134560BBBBBBBBBBBBBBBBBBBBBBBBBBBBBB","type":"ConceptName","locale":"ht","locale_preferred":true,"name_type":"FULLY_SPECIFIED"}],"descriptions":[],"created_on":"2021-03-29T05:02:47.679075Z","updated_on":"2022-08-16T23:39:56.386926Z","versions_url":"/orgs/CIEL/sources/CIEL/concepts/160218/versions/","version":"101183","name":"160218","type":"Concept","update_comment":null,"version_url":"/orgs/CIEL/sources/CIEL/concepts/160218/2207610/","updated_by":"ocladmin","created_by":"ocladmin","public_can_view":true,"versioned_object_id":101183}