uuid,name,description,parent,tags,void/retire
d4710623-11a0-574b-9dca-d57bf6693fd8,Uganda,National tertiary heart institute,,RHD Tertiary,false
901fdd5f-155e-5fe1-a27c-df20c8904742,Lira,Lira district RHD clinic,Uganda,RHD District,false
cfca7594-e44e-586e-b337-58e006992170,Gulu,Gulu district RHD clinic,Uganda,RHD District,false
35cc5552-eee2-500d-bef1-0b0b9abb8d5d,Community Clinic I,Community clinic under Lira,Lira,RHD Community,false
b4767f3f-8f58-5cfc-8aa3-0cff9ab08adb,Community Clinic IV,Community clinic under Lira,Lira,RHD Community,false
272b2869-7753-5e27-9b0a-1406354acf95,Community Clinic V,Community clinic under Lira,Lira,RHD Community,false
6b5c96b1-472e-5db0-92d3-525ea0c8bb25,Community Clinic II,Community clinic under Gulu,Gulu,RHD Community,false
8094dcb4-e2b6-5eb1-9392-31ce937363a7,Community Clinic III,Community clinic under Gulu,Gulu,RHD Community,false
5b3cfb2a-a549-54d2-b4e3-b29c293831b6,Disabled One,Retired district clinic; disabled in the source registry,Uganda,RHD District,true
