{"type": "Collection Version", "uuid": "20511", "id": "2", "short_code": "DemoPrograms", "name": "Demo Programs", "full_name": "Demo Programs", "description": "Removed yes,no,unknown", "collection_type": "Dictionary", "custom_validation_schema": "OpenMRS", "public_access": "View", "default_locale": "eng", "supported_locales": ["eng"], "website": null, "url": "/orgs/openmrs/collections/DemoPrograms/", "owner": "openmrs", "owner_type": "Organization", "owner_url": "/orgs/openmrs/", "version_url": "/orgs/openmrs/collections/DemoPrograms/2/", "previous_version_url": "/orgs/openmrs/collections/DemoPrograms/1/", "created_on": "2022-10-05T21:18:13.626881Z", "updated_on": "2022-10-05T21:18:14.011317Z", "created_by": "gpotma", "updated_by": "gpotma", "extras": {}, "external_id": null, "version": "2", "concepts_url": "/orgs/openmrs/collections/DemoPrograms/2/concepts/", "mappings_url": "/orgs/openmrs/collections/DemoPrograms/2/mappings/", "expansions_url": "/orgs/openmrs/collections/DemoPrograms/2/expansions/", "is_processing": true, "released": true, "retired": false, "canonical_url": null, "identifier": {}, "publisher": null, "contact": {}, "jurisdiction": {}, "purpose": null, "copyright": null, "meta": null, "immutable": null, "revision_date": null, "text": null, "experimental": null, "locked_date": null, "autoexpand": true, "expansion_url": "/orgs/openmrs/collections/DemoPrograms/2/expansions/autoexpand-2/", "checksums": {}, "collection": {"id": "DemoPrograms", "url": "/orgs/openmrs/collections/DemoPrograms/", "meta": null, "name": "Demo Programs", "text": null, "type": "Collection", "uuid": "20504", "owner": "openmrs", "extras": {}, "contact": {}, "purpose": null, "version": "HEAD", "website": null, "logo_url": null, "copyright": null, "full_name": "Demo Programs", "immutable": null, "owner_url": "/orgs/openmrs/", "publisher": null, "created_by": "gpotma", "created_on": "2022-10-05T20:06:17.662048Z", "identifier": {}, "owner_type": "Organization", "references": [], "short_code": "DemoPrograms", "updated_by": "gpotma", "updated_on": "2022-10-05T21:17:39.328528Z", "description": null, "external_id": null, "locked_date": null, "concepts_url": "/orgs/openmrs/collections/DemoPrograms/concepts/", "experimental": null, "jurisdiction": {}, "mappings_url": "/orgs/openmrs/collections/DemoPrograms/mappings/", "versions_url": "/orgs/openmrs/collections/DemoPrograms/versions/", "canonical_url": null, "expansion_url": "/orgs/openmrs/collections/DemoPrograms/HEAD/expansions/autoexpand-HEAD/", "public_access": "View", "revision_date": null, "default_locale": "eng", "expansions_url": "/orgs/openmrs/collections/DemoPrograms/expansions/", "autoexpand_head": true, "collection_type": "Dictionary", "repository_type": "Collection", "preferred_source": "", "supported_locales": ["eng"], "custom_validation_schema": "OpenMRS", "custom_resources_linked_source": ""}, "concepts": [{"type": "Concept", "uuid": "2226907", "id": "138405", "external_id": "138405AAAAAAAAAAAAAAAAAAAAAAAAAAAAAA", "concept_class": "Diagnosis", "datatype": "Coded", "display_name": "Human immunodeficiency virus (HIV) disease", "display_locale": "en", "names": [{"uuid": "2746632", "name": "Human immunodeficiency virus (HIV) disease", "external_id": "38217BBBBBBBBBBBBBBBBBBBBBBBBBBBBBBB", "type": "ConceptName", "locale": "en", "locale_preferred": true, "name_type": "FULLY_SPECIFIED", "checksum": null}, {"uuid": "2746633", "name": "Virus de l'immunod\u00e9ficience humaine", "external_id": "38218BBBBBBBBBBBBBBBBBBBBBBBBBBBBBBB", "type": "ConceptName", "locale": "fr", "locale_preferred": true, "name_type": "FULLY_SPECIFIED", "checksum": null}, {"uuid": "2746634", "name": "infecci\u00f3n por virus de la inmunodeficiencia humana", "external_id": "66834BBBBBBBBBBBBBBBBBBBBBBBBBBBBBBB", "type": "ConceptName", "locale": "es", "locale_preferred": true, "name_type": "FULLY_SPECIFIED", "checksum": null}, {"uuid": "2746635", "name": "Human immunodeficiency virus (HIV) infection", "external_id": "107471BBBBBBBBBBBBBBBBBBBBBBBBBBBBBB", "type": "ConceptName", "locale": "en", "locale_preferred": false, "name_type": null, "checksum": null}, {"uuid": "2746636", "name": "Humaan immunodefici\u00ebntievirus-ziekte", "external_id": "118226BBBBBBBBBBBBBBBBBBBBBBBBBBBBBB", "type": "ConceptName", "locale": "nl", "locale_preferred": true, "name_type": "FULLY_SPECIFIED", "checksum": null}, {"uuid": "2746637", "name": "ANTIK\u00d2 VIRIS IMINODEFISYANS", "external_id": "136492BBBBBBBBBBBBBBBBBBBBBBBBBBBBBB", "type": "ConceptName", "locale": "ht", "locale_preferred": true, "name_type": "FULLY_SPECIFIED", "checksum": null}], "descriptions": [], "extras": {}, "retired": false, "source": "CIEL", "source_url": "/orgs/CIEL/sources/CIEL/", "owner": "CIEL", "owner_name": "CIEL", "owner_url": "/orgs/CIEL/", "version": "2226907", "created_on": "2022-08-17T00:16:43.019670Z", "updated_on": "2022-08-17T00:16:43.024787Z", "version_created_on": "2022-08-17T00:16:43.019670Z", "version_created_by": "ocladmin", "update_comment": null, "is_latest_version": false, "locale": null, "url": "/orgs/CIEL/sources/CIEL/concepts/138405/", "owner_type": "Organization", "version_url": "/orgs/CIEL/sources/CIEL/concepts/138405/2226907/", "previous_version_url": "/orgs/CIEL/sources/CIEL/concepts/138405/1704315/", "parent_concept_urls": [], "child_concept_urls": [], "version_updated_on": "2022-08-17T00:16:43.024787Z", "version_updated_by": "ocladmin", "checksums": null}, {"type": "Concept", "uuid": "603272", "id": "650ae97a-24cb-4745-b9b6-ef4e941793c1", "external_id": "650ae97a-24cb-4745-b9b6-ef4e941793c1", "concept_class": "Procedure", "datatype": "N/A", "display_name": "PMTCT", "display_locale": "en", "names": [{"uuid": "1074992", "name": "Prevention of Maternal to Child Transmission", "external_id": "451b2984-4445-4a72-9356-22520df025de", "type": "ConceptName", "locale": "en", "locale_preferred": false, "name_type": null, "checksum": null}, {"uuid": "1074991", "name": "PMTCT", "external_id": "33ba3a62-16df-4826-8eb9-28c504483c84", "type": "ConceptName", "locale": "en", "locale_preferred": true, "name_type": "FULLY_SPECIFIED", "checksum": null}], "descriptions": [], "extras": {}, "retired": false, "source": "demopackagehiv", "source_url": "/orgs/openmrs/sources/demopackagehiv/", "owner": "openmrs", "owner_name": "openmrs", "owner_url": "/orgs/openmrs/", "version": "603272", "created_on": "2021-11-20T16:35:59.336485Z", "updated_on": "2021-11-20T16:35:59.430794Z", "version_created_on": "2021-11-20T16:35:59.336485Z", "version_created_by": "gpotma", "update_comment": null, "is_latest_version": false, "locale": null, "url": "/orgs/openmrs/sources/demopackagehiv/concepts/650ae97a-24cb-4745-b9b6-ef4e941793c1/", "owner_type": "Organization", "version_url": "/orgs/openmrs/sources/demopackagehiv/concepts/650ae97a-24cb-4745-b9b6-ef4e941793c1/603273/", "previous_version_url": null, "parent_concept_urls": [], "child_concept_urls": [], "version_updated_on": "2021-11-20T16:35:59.430794Z", "version_updated_by": "gpotma", "checksums": null}, {"type": "Concept", "uuid": "465851", "id": "166536", "external_id": "166536AAAAAAAAAAAAAAAAAAAAAAAAAAAAAA", "concept_class": "Procedure", "datatype": "N/A", "display_name": "Pre-exposure prophylaxis (PrEP)", "display_locale": "en", "names": [{"uuid": "16185378", "name": "Pre-exposure prophylaxis (PrEP)", "external_id": "145734BBBBBBBBBBBBBBBBBBBBBBBBBBBBBB", "type": "ConceptName", "locale": "en", "locale_preferred": true, "name_type": "FULLY_SPECIFIED", "checksum": null}], "descriptions": [], "extras": {}, "retired": false, "source": "CIEL", "source_url": "/orgs/CIEL/sources/CIEL/", "owner": "CIEL", "owner_name": "CIEL", "owner_url": "/orgs/CIEL/", "version": "465851", "created_on": "2021-09-08T15:12:36.394256Z", "updated_on": "2023-11-18T17:33:51.491191Z", "version_created_on": "2021-09-08T15:12:36.394256Z", "version_created_by": "ocladmin", "update_comment": null, "is_latest_version": false, "locale": null, "url": "/orgs/CIEL/sources/CIEL/concepts/166536/", "owner_type": "Organization", "version_url": "/orgs/CIEL/sources/CIEL/concepts/166536/5076690/", "previous_version_url": null, "parent_concept_urls": [], "child_concept_urls": [], "version_updated_on": "2023-11-18T17:33:51.491191Z", "version_updated_by": "ocladmin", "checksums": null}, {"type": "Concept", "uuid": "87221", "id": "164103", "external_id": "164103AAAAAAAAAAAAAAAAAAAAAAAAAAAAAA", "concept_class": "Misc", "datatype": "N/A", "display_name": "Diabetes clinic", "display_locale": "en", "names": [{"uuid": "16159397", "name": "Diabetes clinic", "external_id": "139912BBBBBBBBBBBBBBBBBBBBBBBBBBBBBB", "type": "ConceptName", "locale": "en", "locale_preferred": true, "name_type": "FULLY_SPECIFIED", "checksum": null}, {"uuid": "16159398", "name": "Consultorio especializado en diabetes", "external_id": "075ffc0f-952f-4b4b-b914-7cb443932320", "type": "ConceptName", "locale": "es", "locale_preferred": false, "name_type": null, "checksum": null}], "descriptions": [{"uuid": "1483319", "description": "A place to be treated for endocrine disorders like diabetes", "external_id": "18174FFFFFFFFFFFFFFFFFFFFFFFFFFFFFFF", "type": "ConceptDescription", "locale": "en", "locale_preferred": false, "description_type": null, "checksum": null}], "extras": {}, "retired": false, "source": "CIEL", "source_url": "/orgs/CIEL/sources/CIEL/", "owner": "CIEL", "owner_name": "CIEL", "owner_url": "/orgs/CIEL/", "version": "87221", "created_on": "2021-03-29T05:01:00.121088Z", "updated_on": "2023-11-18T17:26:19.580531Z", "version_created_on": "2021-03-29T05:01:00.121088Z", "version_created_by": "ocladmin", "update_comment": null, "is_latest_version": false, "locale": null, "url": "/orgs/CIEL/sources/CIEL/concepts/164103/", "owner_type": "Organization", "version_url": "/orgs/CIEL/sources/CIEL/concepts/164103/5071851/", "previous_version_url": null, "parent_concept_urls": [], "child_concept_urls": [], "version_updated_on": "2023-11-18T17:26:19.580531Z", "version_updated_by": "ocladmin", "checksums": null}], "references": [{"expression": "/orgs/CIEL/sources/CIEL/concepts/138405/", "reference_type": "concepts", "id": 1252941, "last_resolved_at": "2022-10-05T21:18:13.974339Z", "uri": "/orgs/openmrs/collections/DemoPrograms/2/references/1252941/", "uuid": "1252941", "include": true, "type": "CollectionReference"}, {"expression": "/orgs/CIEL/sources/CIEL/mappings/1007331/", "reference_type": "mappings", "id": 1252940, "last_resolved_at": "2022-10-05T21:18:13.963095Z", "uri": "/orgs/openmrs/collections/DemoPrograms/2/references/1252940/", "uuid": "1252940", "include": true, "type": "CollectionReference"}, {"expression": "/orgs/CIEL/sources/CIEL/mappings/2498/", "reference_type": "mappings", "id": 1252939, "last_resolved_at": "2022-10-05T21:18:13.950288Z", "uri": "/orgs/openmrs/collections/DemoPrograms/2/references/1252939/", "uuid": "1252939", "include": true, "type": "CollectionReference"}, {"expression": "/orgs/CIEL/sources/CIEL/mappings/4098/", "reference_type": "mappings", "id": 1252938, "last_resolved_at": "2022-10-05T21:18:13.937216Z", "uri": "/orgs/openmrs/collections/DemoPrograms/2/references/1252938/", "uuid": "1252938", "include": true, "type": "CollectionReference"}, {"expression": "/orgs/CIEL/sources/CIEL/mappings/2281/", "reference_type": "mappings", "id": 1252937, "last_resolved_at": "2022-10-05T21:18:13.920859Z", "uri": "/orgs/openmrs/collections/DemoPrograms/2/references/1252937/", "uuid": "1252937", "include": true, "type": "CollectionReference"}, {"expression": "/orgs/CIEL/sources/CIEL/concepts/164103/", "reference_type": "concepts", "id": 1252936, "last_resolved_at": "2022-10-05T21:18:13.902662Z", "uri": "/orgs/openmrs/collections/DemoPrograms/2/references/1252936/", "uuid": "1252936", "include": true, "type": "CollectionReference"}, {"expression": "/orgs/CIEL/sources/CIEL/mappings/1268560/", "reference_type": "mappings", "id": 1252935, "last_resolved_at": "2022-10-05T21:18:13.889611Z", "uri": "/orgs/openmrs/collections/DemoPrograms/2/references/1252935/", "uuid": "1252935", "include": true, "type": "CollectionReference"}, {"expression": "/orgs/CIEL/sources/CIEL/mappings/331462/", "reference_type": "mappings", "id": 1252934, "last_resolved_at": "2022-10-05T21:18:13.875692Z", "uri": "/orgs/openmrs/collections/DemoPrograms/2/references/1252934/", "uuid": "1252934", "include": true, "type": "CollectionReference"}, {"expression": "/orgs/CIEL/sources/CIEL/concepts/166536/", "reference_type": "concepts", "id": 1252933, "last_resolved_at": "2022-10-05T21:18:13.850020Z", "uri": "/orgs/openmrs/collections/DemoPrograms/2/references/1252933/", "uuid": "1252933", "include": true, "type": "CollectionReference"}, {"expression": "/orgs/CIEL/sources/CIEL/mappings/1278791/", "reference_type": "mappings", "id": 1252932, "last_resolved_at": "2022-10-05T21:18:13.838248Z", "uri": "/orgs/openmrs/collections/DemoPrograms/2/references/1252932/", "uuid": "1252932", "include": true, "type": "CollectionReference"}, {"expression": "/orgs/CIEL/sources/CIEL/mappings/1000537/", "reference_type": "mappings", "id": 1252931, "last_resolved_at": "2022-10-05T21:18:13.825299Z", "uri": "/orgs/openmrs/collections/DemoPrograms/2/references/1252931/", "uuid": "1252931", "include": true, "type": "CollectionReference"}, {"expression": "/orgs/CIEL/sources/CIEL/mappings/956482/", "reference_type": "mappings", "id": 1252930, "last_resolved_at": "2022-10-05T21:18:13.808033Z", "uri": "/orgs/openmrs/collections/DemoPrograms/2/references/1252930/", "uuid": "1252930", "include": true, "type": "CollectionReference"}, {"expression": "/orgs/CIEL/sources/CIEL/mappings/187774/", "reference_type": "mappings", "id": 1252929, "last_resolved_at": "2022-10-05T21:18:13.796888Z", "uri": "/orgs/openmrs/collections/DemoPrograms/2/references/1252929/", "uuid": "1252929", "include": true, "type": "CollectionReference"}, {"expression": "/orgs/CIEL/sources/CIEL/mappings/159646/", "reference_type": "mappings", "id": 1252928, "last_resolved_at": "2022-10-05T21:18:13.785371Z", "uri": "/orgs/openmrs/collections/DemoPrograms/2/references/1252928/", "uuid": "1252928", "include": true, "type": "CollectionReference"}, {"expression": "/orgs/CIEL/sources/CIEL/mappings/166181/", "reference_type": "mappings", "id": 1252927, "last_resolved_at": "2022-10-05T21:18:13.773609Z", "uri": "/orgs/openmrs/collections/DemoPrograms/2/references/1252927/", "uuid": "1252927", "include": true, "type": "CollectionReference"}, {"expression": "/orgs/CIEL/sources/CIEL/mappings/207072/", "reference_type": "mappings", "id": 1252926, "last_resolved_at": "2022-10-05T21:18:13.761963Z", "uri": "/orgs/openmrs/collections/DemoPrograms/2/references/1252926/", "uuid": "1252926", "include": true, "type": "CollectionReference"}, {"expression": "/orgs/CIEL/sources/CIEL/mappings/173100/", "reference_type": "mappings", "id": 1252925, "last_resolved_at": "2022-10-05T21:18:13.749735Z", "uri": "/orgs/openmrs/collections/DemoPrograms/2/references/1252925/", "uuid": "1252925", "include": true, "type": "CollectionReference"}, {"expression": "/orgs/CIEL/sources/CIEL/mappings/184105/", "reference_type": "mappings", "id": 1252924, "last_resolved_at": "2022-10-05T21:18:13.737100Z", "uri": "/orgs/openmrs/collections/DemoPrograms/2/references/1252924/", "uuid": "1252924", "include": true, "type": "CollectionReference"}, {"expression": "/orgs/CIEL/sources/CIEL/mappings/1150782/", "reference_type": "mappings", "id": 1252923, "last_resolved_at": "2022-10-05T21:18:13.721647Z", "uri": "/orgs/openmrs/collections/DemoPrograms/2/references/1252923/", "uuid": "1252923", "include": true, "type": "CollectionReference"}, {"expression": "/orgs/CIEL/sources/CIEL/mappings/144992/", "reference_type": "mappings", "id": 1252922, "last_resolved_at": "2022-10-05T21:18:13.708925Z", "uri": "/orgs/openmrs/collections/DemoPrograms/2/references/1252922/", "uuid": "1252922", "include": true, "type": "CollectionReference"}, {"expression": "/orgs/CIEL/sources/CIEL/mappings/183819/", "reference_type": "mappings", "id": 1252921, "last_resolved_at": "2022-10-05T21:18:13.696494Z", "uri": "/orgs/openmrs/collections/DemoPrograms/2/references/1252921/", "uuid": "1252921", "include": true, "type": "CollectionReference"}, {"expression": "/orgs/CIEL/sources/CIEL/mappings/170835/", "reference_type": "mappings", "id": 1252920, "last_resolved_at": "2022-10-05T21:18:13.681775Z", "uri": "/orgs/openmrs/collections/DemoPrograms/2/references/1252920/", "uuid": "1252920", "include": true, "type": "CollectionReference"}, {"expression": "/orgs/openmrs/sources/demopackagehiv/concepts/650ae97a-24cb-4745-b9b6-ef4e941793c1/", "reference_type": "concepts", "id": 1252919, "last_resolved_at": "2022-10-05T21:18:13.663602Z", "uri": "/orgs/openmrs/collections/DemoPrograms/2/references/1252919/", "uuid": "1252919", "include": true, "type": "CollectionReference"}], "mappings": [{"extras": {}, "checksums": null, "external_id": "289227ABBBBBBBBBBBBBBBBBBBBBBBBBBBBB", "retired": false, "map_type": "SAME-AS", "source": "CIEL", "owner": "CIEL", "owner_type": "Organization", "from_concept_code": "166536", "from_concept_name": null, "from_concept_url": "/orgs/CIEL/sources/CIEL/concepts/166536/", "to_concept_code": "165080", "to_concept_name": null, "to_concept_url": null, "from_source_owner": "CIEL", "from_source_owner_type": "Organization", "from_source_url": "/orgs/CIEL/sources/CIEL/", "from_source_name": "CIEL", "to_source_owner": "KenyaMOH", "to_source_owner_type": "Organization", "to_source_url": "/orgs/KenyaMOH/sources/KenyaEMR/", "to_source_name": "KenyaEMR", "url": "/orgs/CIEL/sources/CIEL/mappings/956482/", "version": "2950850", "id": "956482", "versioned_object_id": 956482, "versioned_object_url": "/orgs/CIEL/sources/CIEL/mappings/956482/", "is_latest_version": false, "update_comment": null, "version_url": "/orgs/CIEL/sources/CIEL/mappings/956482/2950850/", "uuid": "2950850", "version_created_on": "2022-08-17T05:27:26.156532Z", "from_source_version": null, "to_source_version": null, "from_concept_name_resolved": "Pre-exposure prophylaxis (PrEP)", "type": "Mapping", "sort_weight": null, "version_updated_on": "2022-08-17T05:27:26.166177Z", "version_updated_by": "ocladmin", "created_on": "2022-08-17T05:27:26.156532Z", "updated_on": "2022-08-17T05:27:26.166177Z", "created_by": "ocladmin", "updated_by": "ocladmin", "public_can_view": true}, {"extras": {}, "checksums": null, "external_id": "2fa9182a-92f0-388b-800f-e235cf66bca0", "retired": false, "map_type": "SAME-AS", "source": "CIEL", "owner": "CIEL", "owner_type": "Organization", "from_concept_code": "166536", "from_concept_name": null, "from_concept_url": "/orgs/CIEL/sources/CIEL/concepts/166536/", "to_concept_code": "166536", "to_concept_name": null, "to_concept_url": "/orgs/CIEL/sources/CIEL/concepts/166536/", "from_source_owner": "CIEL", "from_source_owner_type": "Organization", "from_source_url": "/orgs/CIEL/sources/CIEL/", "from_source_name": "CIEL", "to_source_owner": "CIEL", "to_source_owner_type": "Organization", "to_source_url": "/orgs/CIEL/sources/CIEL/", "to_source_name": "CIEL", "url": "/orgs/CIEL/sources/CIEL/mappings/1278791/", "version": "2950848", "id": "1278791", "versioned_object_id": 1278791, "versioned_object_url": "/orgs/CIEL/sources/CIEL/mappings/1278791/", "is_latest_version": false, "update_comment": null, "version_url": "/orgs/CIEL/sources/CIEL/mappings/1278791/2950848/", "uuid": "2950848", "version_created_on": "2022-08-17T05:27:26.056278Z", "from_source_version": null, "to_source_version": null, "from_concept_name_resolved": "Pre-exposure prophylaxis (PrEP)", "to_concept_name_resolved": "Pre-exposure prophylaxis (PrEP)", "type": "Mapping", "sort_weight": null, "version_updated_on": "2022-08-17T05:27:26.060941Z", "version_updated_by": "ocladmin", "created_on": "2022-08-17T05:27:26.056278Z", "updated_on": "2022-08-17T05:27:26.060941Z", "created_by": "ocladmin", "updated_by": "ocladmin", "public_can_view": true}, {"extras": {}, "checksums": null, "external_id": "289225ABBBBBBBBBBBBBBBBBBBBBBBBBBBBB", "retired": false, "map_type": "NARROWER-THAN", "source": "CIEL", "owner": "CIEL", "owner_type": "Organization", "from_concept_code": "166536", "from_concept_name": null, "from_concept_url": "/orgs/CIEL/sources/CIEL/concepts/166536/", "to_concept_code": "169443000", "to_concept_name": null, "to_concept_url": null, "from_source_owner": "CIEL", "from_source_owner_type": "Organization", "from_source_url": "/orgs/CIEL/sources/CIEL/", "from_source_name": "CIEL", "to_source_owner": "IHTSDO", "to_source_owner_type": "Organization", "to_source_url": "/orgs/IHTSDO/sources/SNOMED-CT/", "to_source_name": "SNOMED-CT", "url": "/orgs/CIEL/sources/CIEL/mappings/1000537/", "version": "2950846", "id": "1000537", "versioned_object_id": 1000537, "versioned_object_url": "/orgs/CIEL/sources/CIEL/mappings/1000537/", "is_latest_version": false, "update_comment": null, "version_url": "/orgs/CIEL/sources/CIEL/mappings/1000537/2950846/", "uuid": "2950846", "version_created_on": "2022-08-17T05:27:25.920249Z", "from_source_version": null, "to_source_version": null, "from_concept_name_resolved": "Pre-exposure prophylaxis (PrEP)", "type": "Mapping", "sort_weight": null, "version_updated_on": "2022-08-17T05:27:25.923883Z", "version_updated_by": "ocladmin", "created_on": "2022-08-17T05:27:25.920249Z", "updated_on": "2022-08-17T05:27:25.923883Z", "created_by": "ocladmin", "updated_by": "ocladmin", "public_can_view": true}, {"extras": {}, "checksums": null, "external_id": "d558d215-9449-3a4b-9102-33ba5710715d", "retired": false, "map_type": "SAME-AS", "source": "CIEL", "owner": "CIEL", "owner_type": "Organization", "from_concept_code": "164103", "from_concept_name": null, "from_concept_url": "/orgs/CIEL/sources/CIEL/concepts/164103/", "to_concept_code": "164103", "to_concept_name": null, "to_concept_url": "/orgs/CIEL/sources/CIEL/concepts/164103/", "from_source_owner": "CIEL", "from_source_owner_type": "Organization", "from_source_url": "/orgs/CIEL/sources/CIEL/", "from_source_name": "CIEL", "to_source_owner": "CIEL", "to_source_owner_type": "Organization", "to_source_url": "/orgs/CIEL/sources/CIEL/", "to_source_name": "CIEL", "url": "/orgs/CIEL/sources/CIEL/mappings/1268560/", "version": "2936440", "id": "1268560", "versioned_object_id": 1268560, "versioned_object_url": "/orgs/CIEL/sources/CIEL/mappings/1268560/", "is_latest_version": false, "update_comment": null, "version_url": "/orgs/CIEL/sources/CIEL/mappings/1268560/2936440/", "uuid": "2936440", "version_created_on": "2022-08-17T05:09:19.002710Z", "from_source_version": null, "to_source_version": null, "from_concept_name_resolved": "Diabetes clinic", "to_concept_name_resolved": "Diabetes clinic", "type": "Mapping", "sort_weight": null, "version_updated_on": "2022-08-17T05:09:19.006355Z", "version_updated_by": "ocladmin", "created_on": "2022-08-17T05:09:19.002710Z", "updated_on": "2022-08-17T05:09:19.006355Z", "created_by": "ocladmin", "updated_by": "ocladmin", "public_can_view": true}, {"extras": {}, "checksums": null, "external_id": "281188ABBBBBBBBBBBBBBBBBBBBBBBBBBBBB", "retired": false, "map_type": "SAME-AS", "source": "CIEL", "owner": "CIEL", "owner_type": "Organization", "from_concept_code": "164103", "from_concept_name": null, "from_concept_url": "/orgs/CIEL/sources/CIEL/concepts/164103/", "to_concept_code": "702706001", "to_concept_name": null, "to_concept_url": null, "from_source_owner": "CIEL", "from_source_owner_type": "Organization", "from_source_url": "/orgs/CIEL/sources/CIEL/", "from_source_name": "CIEL", "to_source_owner": "IHTSDO", "to_source_owner_type": "Organization", "to_source_url": "/orgs/IHTSDO/sources/SNOMED-CT/", "to_source_name": "SNOMED-CT", "url": "/orgs/CIEL/sources/CIEL/mappings/331462/", "version": "2936438", "id": "331462", "versioned_object_id": 331462, "versioned_object_url": "/orgs/CIEL/sources/CIEL/mappings/331462/", "is_latest_version": false, "update_comment": null, "version_url": "/orgs/CIEL/sources/CIEL/mappings/331462/2936438/", "uuid": "2936438", "version_created_on": "2022-08-17T05:09:18.917745Z", "from_source_version": null, "to_source_version": null, "from_concept_name_resolved": "Diabetes clinic", "type": "Mapping", "sort_weight": null, "version_updated_on": "2022-08-17T05:09:18.923534Z", "version_updated_by": "ocladmin", "created_on": "2022-08-17T05:09:18.917745Z", "updated_on": "2022-08-17T05:09:18.923534Z", "created_by": "ocladmin", "updated_by": "ocladmin", "public_can_view": true}, {"extras": {"sort_weight": 1516}, "checksums": null, "external_id": "1516CCCCCCCCCCCCCCCCCCCCCCCCCCCCCCCC", "retired": false, "map_type": "Q-AND-A", "source": "CIEL", "owner": "CIEL", "owner_type": "Organization", "from_concept_code": "138405", "from_concept_name": null, "from_concept_url": "/orgs/CIEL/sources/CIEL/concepts/138405/", "to_concept_code": "1067", "to_concept_name": null, "to_concept_url": "/orgs/CIEL/sources/CIEL/concepts/1067/", "from_source_owner": "CIEL", "from_source_owner_type": "Organization", "from_source_url": "/orgs/CIEL/sources/CIEL/", "from_source_name": "CIEL", "to_source_owner": "CIEL", "to_source_owner_type": "Organization", "to_source_url": "/orgs/CIEL/sources/CIEL/", "to_source_name": "CIEL", "url": "/orgs/CIEL/sources/CIEL/mappings/170835/", "version": "2777123", "id": "170835", "versioned_object_id": 170835, "versioned_object_url": "/orgs/CIEL/sources/CIEL/mappings/170835/", "is_latest_version": false, "update_comment": null, "version_url": "/orgs/CIEL/sources/CIEL/mappings/170835/2777123/", "uuid": "2777123", "version_created_on": "2022-08-17T01:27:51.901959Z", "from_source_version": null, "to_source_version": null, "from_concept_name_resolved": "Human immunodeficiency virus (HIV) disease", "to_concept_name_resolved": "Unknown", "type": "Mapping", "sort_weight": null, "version_updated_on": "2022-08-17T01:27:51.916182Z", "version_updated_by": "ocladmin", "created_on": "2022-08-17T01:27:51.901959Z", "updated_on": "2022-08-17T01:27:51.916182Z", "created_by": "ocladmin", "updated_by": "ocladmin", "public_can_view": true}, {"extras": {}, "checksums": null, "external_id": "253347ABBBBBBBBBBBBBBBBBBBBBBBBBBBBB", "retired": false, "map_type": "SAME-AS", "source": "CIEL", "owner": "CIEL", "owner_type": "Organization", "from_concept_code": "138405", "from_concept_name": null, "from_concept_url": "/orgs/CIEL/sources/CIEL/concepts/138405/", "to_concept_code": "300503", "to_concept_name": null, "to_concept_url": null, "from_source_owner": "CIEL", "from_source_owner_type": "Organization", "from_source_url": "/orgs/CIEL/sources/CIEL/", "from_source_name": "CIEL", "to_source_owner": "IMO", "to_source_owner_type": "Organization", "to_source_url": "/orgs/IMO/sources/IMO-ProblemIT/", "to_source_name": "IMO-ProblemIT", "url": "/orgs/CIEL/sources/CIEL/mappings/173100/", "version": "2777121", "id": "173100", "versioned_object_id": 173100, "versioned_object_url": "/orgs/CIEL/sources/CIEL/mappings/173100/", "is_latest_version": false, "update_comment": null, "version_url": "/orgs/CIEL/sources/CIEL/mappings/173100/2777121/", "uuid": "2777121", "version_created_on": "2022-08-17T01:27:51.783499Z", "from_source_version": null, "to_source_version": null, "from_concept_name_resolved": "Human immunodeficiency virus (HIV) disease", "type": "Mapping", "sort_weight": null, "version_updated_on": "2022-08-17T01:27:51.801222Z", "version_updated_by": "ocladmin", "created_on": "2022-08-17T01:27:51.783499Z", "updated_on": "2022-08-17T01:27:51.801222Z", "created_by": "ocladmin", "updated_by": "ocladmin", "public_can_view": true}, {"extras": {}, "checksums": null, "external_id": "253346ABBBBBBBBBBBBBBBBBBBBBBBBBBBBB", "retired": false, "map_type": "SAME-AS", "source": "CIEL", "owner": "CIEL", "owner_type": "Organization", "from_concept_code": "138405", "from_concept_name": null, "from_concept_url": "/orgs/CIEL/sources/CIEL/concepts/138405/", "to_concept_code": "598692", "to_concept_name": null, "to_concept_url": null, "from_source_owner": "CIEL", "from_source_owner_type": "Organization", "from_source_url": "/orgs/CIEL/sources/CIEL/", "from_source_name": "CIEL", "to_source_owner": "IMO", "to_source_owner_type": "Organization", "to_source_url": "/orgs/IMO/sources/IMO-ProblemIT/", "to_source_name": "IMO-ProblemIT", "url": "/orgs/CIEL/sources/CIEL/mappings/159646/", "version": "2777119", "id": "159646", "versioned_object_id": 159646, "versioned_object_url": "/orgs/CIEL/sources/CIEL/mappings/159646/", "is_latest_version": false, "update_comment": null, "version_url": "/orgs/CIEL/sources/CIEL/mappings/159646/2777119/", "uuid": "2777119", "version_created_on": "2022-08-17T01:27:51.678205Z", "from_source_version": null, "to_source_version": null, "from_concept_name_resolved": "Human immunodeficiency virus (HIV) disease", "type": "Mapping", "sort_weight": null, "version_updated_on": "2022-08-17T01:27:51.689356Z", "version_updated_by": "ocladmin", "created_on": "2022-08-17T01:27:51.678205Z", "updated_on": "2022-08-17T01:27:51.689356Z", "created_by": "ocladmin", "updated_by": "ocladmin", "public_can_view": true}, {"extras": {}, "checksums": null, "external_id": "165536ABBBBBBBBBBBBBBBBBBBBBBBBBBBBB", "retired": false, "map_type": "SAME-AS", "source": "CIEL", "owner": "CIEL", "owner_type": "Organization", "from_concept_code": "138405", "from_concept_name": null, "from_concept_url": "/orgs/CIEL/sources/CIEL/concepts/138405/", "to_concept_code": "B90", "to_concept_name": null, "to_concept_url": null, "from_source_owner": "CIEL", "from_source_owner_type": "Organization", "from_source_url": "/orgs/CIEL/sources/CIEL/", "from_source_name": "CIEL", "to_source_owner": "WICC", "to_source_owner_type": "Organization", "to_source_url": "/orgs/WICC/sources/ICPC2/", "to_source_name": "ICPC2", "url": "/orgs/CIEL/sources/CIEL/mappings/183819/", "version": "2777115", "id": "183819", "versioned_object_id": 183819, "versioned_object_url": "/orgs/CIEL/sources/CIEL/mappings/183819/", "is_latest_version": false, "update_comment": null, "version_url": "/orgs/CIEL/sources/CIEL/mappings/183819/2777115/", "uuid": "2777115", "version_created_on": "2022-08-17T01:27:51.444464Z", "from_source_version": null, "to_source_version": null, "from_concept_name_resolved": "Human immunodeficiency virus (HIV) disease", "type": "Mapping", "sort_weight": null, "version_updated_on": "2022-08-17T01:27:51.454248Z", "version_updated_by": "ocladmin", "created_on": "2022-08-17T01:27:51.444464Z", "updated_on": "2022-08-17T01:27:51.454248Z", "created_by": "ocladmin", "updated_by": "ocladmin", "public_can_view": true}, {"extras": {}, "checksums": null, "external_id": "107352ABBBBBBBBBBBBBBBBBBBBBBBBBBBBB", "retired": false, "map_type": "SAME-AS", "source": "CIEL", "owner": "CIEL", "owner_type": "Organization", "from_concept_code": "138405", "from_concept_name": null, "from_concept_url": "/orgs/CIEL/sources/CIEL/concepts/138405/", "to_concept_code": "B24", "to_concept_name": null, "to_concept_url": "/orgs/WHO/sources/ICD-10-WHO/concepts/B24/", "from_source_owner": "CIEL", "from_source_owner_type": "Organization", "from_source_url": "/orgs/CIEL/sources/CIEL/", "from_source_name": "CIEL", "to_source_owner": "WHO", "to_source_owner_type": "Organization", "to_source_url": "/orgs/WHO/sources/ICD-10-WHO/", "to_source_name": "ICD-10-WHO", "url": "/orgs/CIEL/sources/CIEL/mappings/184105/", "version": "2777111", "id": "184105", "versioned_object_id": 184105, "versioned_object_url": "/orgs/CIEL/sources/CIEL/mappings/184105/", "is_latest_version": false, "update_comment": null, "version_url": "/orgs/CIEL/sources/CIEL/mappings/184105/2777111/", "uuid": "2777111", "version_created_on": "2022-08-17T01:27:51.139770Z", "from_source_version": null, "to_source_version": null, "from_concept_name_resolved": "Human immunodeficiency virus (HIV) disease", "to_concept_name_resolved": "Unspecified human immunodeficiency virus [HIV] disease", "type": "Mapping", "sort_weight": null, "version_updated_on": "2022-08-17T01:27:51.149171Z", "version_updated_by": "ocladmin", "created_on": "2022-08-17T01:27:51.139770Z", "updated_on": "2022-08-17T01:27:51.149171Z", "created_by": "ocladmin", "updated_by": "ocladmin", "public_can_view": true}, {"extras": {}, "checksums": null, "external_id": "276579ABBBBBBBBBBBBBBBBBBBBBBBBBBBBB", "retired": false, "map_type": "SAME-AS", "source": "CIEL", "owner": "CIEL", "owner_type": "Organization", "from_concept_code": "884", "from_concept_name": null, "from_concept_url": "/orgs/CIEL/sources/CIEL/concepts/884/", "to_concept_code": "300503", "to_concept_name": null, "to_concept_url": null, "from_source_owner": "CIEL", "from_source_owner_type": "Organization", "from_source_url": "/orgs/CIEL/sources/CIEL/", "from_source_name": "CIEL", "to_source_owner": "IMO", "to_source_owner_type": "Organization", "to_source_url": "/orgs/IMO/sources/IMO-ProblemIT/", "to_source_name": "IMO-ProblemIT", "url": "/orgs/CIEL/sources/CIEL/mappings/2498/", "version": "2771548", "id": "2498", "versioned_object_id": 2498, "versioned_object_url": "/orgs/CIEL/sources/CIEL/mappings/2498/", "is_latest_version": false, "update_comment": null, "version_url": "/orgs/CIEL/sources/CIEL/mappings/2498/2771548/", "uuid": "2771548", "version_created_on": "2022-08-17T01:20:30.126864Z", "from_source_version": null, "to_source_version": null, "from_concept_name_resolved": "Human immunodeficiency virus", "type": "Mapping", "sort_weight": null, "version_updated_on": "2022-08-17T01:20:30.133684Z", "version_updated_by": "ocladmin", "created_on": "2022-08-17T01:20:30.126864Z", "updated_on": "2022-08-17T01:20:30.133684Z", "created_by": "ocladmin", "updated_by": "ocladmin", "public_can_view": true}, {"extras": {}, "checksums": null, "external_id": "34997a8e-ed5c-3bbc-98a8-92dcea3e27d5", "retired": false, "map_type": "SAME-AS", "source": "CIEL", "owner": "CIEL", "owner_type": "Organization", "from_concept_code": "884", "from_concept_name": null, "from_concept_url": "/orgs/CIEL/sources/CIEL/concepts/884/", "to_concept_code": "884", "to_concept_name": null, "to_concept_url": "/orgs/CIEL/sources/CIEL/concepts/884/", "from_source_owner": "CIEL", "from_source_owner_type": "Organization", "from_source_url": "/orgs/CIEL/sources/CIEL/", "from_source_name": "CIEL", "to_source_owner": "CIEL", "to_source_owner_type": "Organization", "to_source_url": "/orgs/CIEL/sources/CIEL/", "to_source_name": "CIEL", "url": "/orgs/CIEL/sources/CIEL/mappings/1007331/", "version": "2771545", "id": "1007331", "versioned_object_id": 1007331, "versioned_object_url": "/orgs/CIEL/sources/CIEL/mappings/1007331/", "is_latest_version": false, "update_comment": null, "version_url": "/orgs/CIEL/sources/CIEL/mappings/1007331/2771545/", "uuid": "2771545", "version_created_on": "2022-08-17T01:20:29.960530Z", "from_source_version": null, "to_source_version": null, "from_concept_name_resolved": "Human immunodeficiency virus", "to_concept_name_resolved": "Human immunodeficiency virus", "type": "Mapping", "sort_weight": null, "version_updated_on": "2022-08-17T01:20:29.975464Z", "version_updated_by": "ocladmin", "created_on": "2022-08-17T01:20:29.960530Z", "updated_on": "2022-08-17T01:20:29.975464Z", "created_by": "ocladmin", "updated_by": "ocladmin", "public_can_view": true}, {"extras": {}, "checksums": null, "external_id": "275641ABBBBBBBBBBBBBBBBBBBBBBBBBBBBB", "retired": false, "map_type": "SAME-AS", "source": "CIEL", "owner": "CIEL", "owner_type": "Organization", "from_concept_code": "884", "from_concept_name": null, "from_concept_url": "/orgs/CIEL/sources/CIEL/concepts/884/", "to_concept_code": "884", "to_concept_name": null, "to_concept_url": null, "from_source_owner": "CIEL", "from_source_owner_type": "Organization", "from_source_url": "/orgs/CIEL/sources/CIEL/", "from_source_name": "CIEL", "to_source_owner": "AMPATH", "to_source_owner_type": "Organization", "to_source_url": "/orgs/AMPATH/sources/AMPATH/", "to_source_name": "AMPATH", "url": "/orgs/CIEL/sources/CIEL/mappings/2281/", "version": "2771544", "id": "2281", "versioned_object_id": 2281, "versioned_object_url": "/orgs/CIEL/sources/CIEL/mappings/2281/", "is_latest_version": false, "update_comment": null, "version_url": "/orgs/CIEL/sources/CIEL/mappings/2281/2771544/", "uuid": "2771544", "version_created_on": "2022-08-17T01:20:29.706746Z", "from_source_version": null, "to_source_version": null, "from_concept_name_resolved": "Human immunodeficiency virus", "type": "Mapping", "sort_weight": null, "version_updated_on": "2022-08-17T01:20:29.712851Z", "version_updated_by": "ocladmin", "created_on": "2022-08-17T01:20:29.706746Z", "updated_on": "2022-08-17T01:20:29.712851Z", "created_by": "ocladmin", "updated_by": "ocladmin", "public_can_view": true}, {"extras": {}, "checksums": null, "external_id": "39481ABBBBBBBBBBBBBBBBBBBBBBBBBBBBBB", "retired": false, "map_type": "SAME-AS", "source": "CIEL", "owner": "CIEL", "owner_type": "Organization", "from_concept_code": "884", "from_concept_name": null, "from_concept_url": "/orgs/CIEL/sources/CIEL/concepts/884/", "to_concept_code": "19030005", "to_concept_name": null, "to_concept_url": null, "from_source_owner": "CIEL", "from_source_owner_type": "Organization", "from_source_url": "/orgs/CIEL/sources/CIEL/", "from_source_name": "CIEL", "to_source_owner": "IHTSDO", "to_source_owner_type": "Organization", "to_source_url": "/orgs/IHTSDO/sources/SNOMED-CT/", "to_source_name": "SNOMED-CT", "url": "/orgs/CIEL/sources/CIEL/mappings/4098/", "version": "2771542", "id": "4098", "versioned_object_id": 4098, "versioned_object_url": "/orgs/CIEL/sources/CIEL/mappings/4098/", "is_latest_version": false, "update_comment": null, "version_url": "/orgs/CIEL/sources/CIEL/mappings/4098/2771542/", "uuid": "2771542", "version_created_on": "2022-08-17T01:20:29.568538Z", "from_source_version": null, "to_source_version": null, "from_concept_name_resolved": "Human immunodeficiency virus", "type": "Mapping", "sort_weight": null, "version_updated_on": "2022-08-17T01:20:29.581192Z", "version_updated_by": "ocladmin", "created_on": "2022-08-17T01:20:29.568538Z", "updated_on": "2022-08-17T01:20:29.581192Z", "created_by": "ocladmin", "updated_by": "ocladmin", "public_can_view": true}, {"extras": {}, "checksums": null, "external_id": "a17c11ae-0411-37d7-bb8c-8312a9f838a8", "retired": false, "map_type": "SAME-AS", "source": "CIEL", "owner": "CIEL", "owner_type": "Organization", "from_concept_code": "138405", "from_concept_name": null, "from_concept_url": "/orgs/CIEL/sources/CIEL/concepts/138405/", "to_concept_code": "138405", "to_concept_name": null, "to_concept_url": "/orgs/CIEL/sources/CIEL/concepts/138405/", "from_source_owner": "CIEL", "from_source_owner_type": "Organization", "from_source_url": "/orgs/CIEL/sources/CIEL/", "from_source_name": "CIEL", "to_source_owner": "CIEL", "to_source_owner_type": "Organization", "to_source_url": "/orgs/CIEL/sources/CIEL/", "to_source_name": "CIEL", "url": "/orgs/CIEL/sources/CIEL/mappings/1150782/", "version": "1150782", "id": "1150782", "versioned_object_id": 1150782, "versioned_object_url": "/orgs/CIEL/sources/CIEL/mappings/1150782/", "is_latest_version": false, "update_comment": null, "version_url": "/orgs/CIEL/sources/CIEL/mappings/1150782/5500819/", "uuid": "1150782", "version_created_on": "2021-10-14T16:45:32.071366Z", "from_source_version": null, "to_source_version": null, "from_concept_name_resolved": "Human immunodeficiency virus (HIV) disease", "to_concept_name_resolved": "Human immunodeficiency virus (HIV) disease", "type": "Mapping", "sort_weight": null, "version_updated_on": "2023-10-28T21:30:58.031032Z", "version_updated_by": "ocladmin", "created_on": "2021-10-14T16:45:32.071366Z", "updated_on": "2023-10-28T21:30:58.031032Z", "created_by": "ocladmin", "updated_by": "ocladmin", "public_can_view": true}, {"extras": {}, "checksums": null, "external_id": "56284ABBBBBBBBBBBBBBBBBBBBBBBBBBBBBB", "retired": false, "map_type": "SAME-AS", "source": "CIEL", "owner": "CIEL", "owner_type": "Organization", "from_concept_code": "138405", "from_concept_name": null, "from_concept_url": "/orgs/CIEL/sources/CIEL/concepts/138405/", "to_concept_code": "86406008", "to_concept_name": null, "to_concept_url": null, "from_source_owner": "CIEL", "from_source_owner_type": "Organization", "from_source_url": "/orgs/CIEL/sources/CIEL/", "from_source_name": "CIEL", "to_source_owner": "IHTSDO", "to_source_owner_type": "Organization", "to_source_url": "/orgs/IHTSDO/sources/SNOMED-CT/", "to_source_name": "SNOMED-CT", "url": "/orgs/CIEL/sources/CIEL/mappings/207072/", "version": "207072", "id": "207072", "versioned_object_id": 207072, "versioned_object_url": "/orgs/CIEL/sources/CIEL/mappings/207072/", "is_latest_version": false, "update_comment": null, "version_url": "/orgs/CIEL/sources/CIEL/mappings/207072/5500811/", "uuid": "207072", "version_created_on": "2021-03-29T05:24:51.937859Z", "from_source_version": null, "to_source_version": null, "from_concept_name_resolved": "Human immunodeficiency virus (HIV) disease", "type": "Mapping", "sort_weight": null, "version_updated_on": "2023-10-28T21:30:57.266930Z", "version_updated_by": "ocladmin", "created_on": "2021-03-29T05:24:51.937859Z", "updated_on": "2023-10-28T21:30:57.266930Z", "created_by": "ocladmin", "updated_by": "ocladmin", "public_can_view": true}, {"extras": {}, "checksums": null, "external_id": "153776ABBBBBBBBBBBBBBBBBBBBBBBBBBBBB", "retired": false, "map_type": "SAME-AS", "source": "CIEL", "owner": "CIEL", "owner_type": "Organization", "from_concept_code": "138405", "from_concept_name": null, "from_concept_url": "/orgs/CIEL/sources/CIEL/concepts/138405/", "to_concept_code": "10044897", "to_concept_name": null, "to_concept_url": null, "from_source_owner": "CIEL", "from_source_owner_type": "Organization", "from_source_url": "/orgs/CIEL/sources/CIEL/", "from_source_name": "CIEL", "to_source_owner": "3BT", "to_source_owner_type": "Organization", "to_source_url": "/orgs/3BT/sources/3BT/", "to_source_name": "3BT", "url": "/orgs/CIEL/sources/CIEL/mappings/187774/", "version": "187774", "id": "187774", "versioned_object_id": 187774, "versioned_object_url": "/orgs/CIEL/sources/CIEL/mappings/187774/", "is_latest_version": false, "update_comment": null, "version_url": "/orgs/CIEL/sources/CIEL/mappings/187774/5500814/", "uuid": "187774", "version_created_on": "2021-03-29T05:22:57.377233Z", "from_source_version": null, "to_source_version": null, "from_concept_name_resolved": "Human immunodeficiency virus (HIV) disease", "type": "Mapping", "sort_weight": null, "version_updated_on": "2023-10-28T21:30:57.542638Z", "version_updated_by": "ocladmin", "created_on": "2021-03-29T05:22:57.377233Z", "updated_on": "2023-10-28T21:30:57.542638Z", "created_by": "ocladmin", "updated_by": "ocladmin", "public_can_view": true}, {"extras": {"sort_weight": 1517}, "checksums": null, "external_id": "1517CCCCCCCCCCCCCCCCCCCCCCCCCCCCCCCC", "retired": false, "map_type": "Q-AND-A", "source": "CIEL", "owner": "CIEL", "owner_type": "Organization", "from_concept_code": "138405", "from_concept_name": null, "from_concept_url": "/orgs/CIEL/sources/CIEL/concepts/138405/", "to_concept_code": "1065", "to_concept_name": null, "to_concept_url": "/orgs/CIEL/sources/CIEL/concepts/1065/", "from_source_owner": "CIEL", "from_source_owner_type": "Organization", "from_source_url": "/orgs/CIEL/sources/CIEL/", "from_source_name": "CIEL", "to_source_owner": "CIEL", "to_source_owner_type": "Organization", "to_source_url": "/orgs/CIEL/sources/CIEL/", "to_source_name": "CIEL", "url": "/orgs/CIEL/sources/CIEL/mappings/166181/", "version": "166181", "id": "166181", "versioned_object_id": 166181, "versioned_object_url": "/orgs/CIEL/sources/CIEL/mappings/166181/", "is_latest_version": false, "update_comment": null, "version_url": "/orgs/CIEL/sources/CIEL/mappings/166181/5500827/", "uuid": "166181", "version_created_on": "2021-03-29T05:20:52.314427Z", "from_source_version": null, "to_source_version": null, "from_concept_name_resolved": "Human immunodeficiency virus (HIV) disease", "to_concept_name_resolved": "Yes", "type": "Mapping", "sort_weight": 1517.0, "version_updated_on": "2023-10-28T21:30:58.575369Z", "version_updated_by": "ocladmin", "created_on": "2021-03-29T05:20:52.314427Z", "updated_on": "2023-10-28T21:30:58.575369Z", "created_by": "ocladmin", "updated_by": "ocladmin", "public_can_view": true}, {"extras": {"sort_weight": 1518}, "checksums": null, "external_id": "1518CCCCCCCCCCCCCCCCCCCCCCCCCCCCCCCC", "retired": false, "map_type": "Q-AND-A", "source": "CIEL", "owner": "CIEL", "owner_type": "Organization", "from_concept_code": "138405", "from_concept_name": null, "from_concept_url": "/orgs/CIEL/sources/CIEL/concepts/138405/", "to_concept_code": "1066", "to_concept_name": null, "to_concept_url": "/orgs/CIEL/sources/CIEL/concepts/1066/", "from_source_owner": "CIEL", "from_source_owner_type": "Organization", "from_source_url": "/orgs/CIEL/sources/CIEL/", "from_source_name": "CIEL", "to_source_owner": "CIEL", "to_source_owner_type": "Organization", "to_source_url": "/orgs/CIEL/sources/CIEL/", "to_source_name": "CIEL", "url": "/orgs/CIEL/sources/CIEL/mappings/144992/", "version": "144992", "id": "144992", "versioned_object_id": 144992, "versioned_object_url": "/orgs/CIEL/sources/CIEL/mappings/144992/", "is_latest_version": false, "update_comment": null, "version_url": "/orgs/CIEL/sources/CIEL/mappings/144992/5500829/", "uuid": "144992", "version_created_on": "2021-03-29T05:18:47.412036Z", "from_source_version": null, "to_source_version": null, "from_concept_name_resolved": "Human immunodeficiency virus (HIV) disease", "to_concept_name_resolved": "No", "type": "Mapping", "sort_weight": 1518.0, "version_updated_on": "2023-10-28T21:30:58.692602Z", "version_updated_by": "ocladmin", "created_on": "2021-03-29T05:18:47.412036Z", "updated_on": "2023-10-28T21:30:58.692602Z", "created_by": "ocladmin", "updated_by": "ocladmin", "public_can_view": true}]}