Uuid,Void/Retire,Same as mappings,Fully specified name:en,Short name:en,Description:en,Data class,Data type,Answers,_version:1,_order:2009
2cebe220-2a9d-5c53-be68-f2257a4bfc9e,,ACT-RHD:q_additional_information_to_help_locate_patient,Additional information to help locate patient,,,Question,Text,,,
955632a1-82f7-5b84-a341-de85f95588d1,,ACT-RHD:q_case_detected_by,Case Detected By,,"'Pregnancy/labor' answer label fixed to 'Pregnancy / labor' to match live ACT registry exactly (spaces around slash); fixed 2026-10-05",Question,Coded,Clinical presentation; Pregnancy/labor; School health screening; Community-based screening; Healthcare center screening; Coincidental finding; Post-mortem; 5622AAAAAAAAAAAAAAAAAAAAAAAAAAAAAAAA,,
1a5aa050-661d-5e89-95d7-c1eba476df22,,ACT-RHD:q_category_at_diagnosis,Category at Diagnosis,,"recoded 2026-10-05 to match live ACT registry's Diagnosis Category exactly -- a broad 4-category field (Rheumatic Heart Disease/Rheumatic Fever; Congenital Heart Disease; Other Heart Disease; Normal); the previous 8-option answer set (RHD A-D staging, Acute rheumatic fever, Screen + pending confirmatory echo) does not exist on live's Diagnosis Category field -- that level of detail belongs in the free-text Primary Diagnosis Details field instead, matching live's own 'RHD A' example seen typed into its Diagnosis Details field",Question,Coded,4e529463-2036-5327-ad69-7cbd39df86a1; Congenital heart disease; Other heart disease; 1115AAAAAAAAAAAAAAAAAAAAAAAAAAAAAAAA,,
07534416-c1c2-5772-83d8-76a429986ec0,,ACT-RHD:q_date_of_death,Date of Death,,,Question,Date,,,
a4d27e8c-0c90-571f-be54-a6132c7a1d69,,ACT-RHD:q_details_of_events_leading_up_to_death,Details of Death,,"renamed to match live ACT registry label exactly (was Details of events leading up to death); only shown when Reason Inactive = Death, matching live; fixed 2026-10-05",Question,Text,,,
1af5b942-8747-5dfb-aa40-805b5575f2e3,,ACT-RHD:q_home_address,Home Address,,,Question,Text,,,
6ffe2fe5-f7c0-5993-b20e-13d1ccd384dc,true,ACT-RHD:q_pregnant_or_postpartum_60_days_after_delivery_at_time_of_death,Pregnant or Postpartum (60 Days After Delivery) at Time of Death,,"fabricated -- no equivalent found anywhere on the live ACT registry's Patient Information form (checked full page text with Status=Inactive/Reason Inactive=Death expanded, all fields rendered); voided 2026-10-05",Question,Coded,1065AAAAAAAAAAAAAAAAAAAAAAAAAAAAAAAA; 1066AAAAAAAAAAAAAAAAAAAAAAAAAAAAAAAA,,
32f3e45d-c2a8-5c19-b4d1-9306251426f6,,ACT-RHD:q_relocation_area,Relocation Area,,,Question,Text,,,
17eeabd8-b3cd-5ae1-b600-9769174eadea,,ACT-RHD:q_tertiary_phone_owner,Tertiary Phone Owner,,,Question,Text,,,
02e65ad0-676d-5fb7-9a5d-044c1b67621b,,ACT-RHD:q_whatsapp,WhatsApp,,,Question,Boolean,,,
48d8e6a8-9095-5d16-8d0e-739004566b03,,ACT-RHD:q_primary_diagnosis_details,Primary Diagnosis Details,,,Question,Text,,,
cfd8f77a-a2b5-5836-96c1-d3e5fdd48e02,,ACT-RHD:q_school_name,School Name,,,Question,Text,,,
634a259d-fce2-5c93-b480-54f522c09a33,,ACT-RHD:q_status_patient_registry,Status (Patient Registry),,"added 2026-10-05 to match live ACT registry's Patient Information form exactly (Active/Inactive); uses dedicated Active/Inactive answer concepts below rather than the Research Participation form's study-status-specific ones, since bare 'Active'/'Inactive' collided with other concepts on load",Question,Coded,8916f600-8e09-5340-bfa4-bd318a593554; e96cece9-3e5c-5ac3-8a44-19c343e397f4,,
1fb9ec14-a08a-581b-a5fb-c9ad8bbdf9e2,,ACT-RHD:q_date_of_status_change,Date of Status Change,,"added 2026-10-05 to match live ACT registry's Patient Information form exactly",Question,Date,,,
ecc7c952-37fb-5aba-b492-ba090f544829,,ACT-RHD:q_reason_inactive,Reason Inactive,,"added 2026-10-05 to match live ACT registry's Patient Information form exactly; shown when Status = Inactive",Question,Coded,CHD spontaneous resolution; Confirmatory echo normal; 159AAAAAAAAAAAAAAAAAAAAAAAAAAAAAAAAA; Lost to follow-up; Physical relocation; Voluntary inactivity,,
409f09ab-9a03-5c81-8d04-0e970531765b,,ACT-RHD:q_cause_of_death,Cause of Death (Patient Registry),,"form label still 'Cause of Death' to match live ACT registry's Patient Information form exactly (shown when Reason Inactive = Death), but FSN disambiguated -- bare 'Cause of Death' collides (case-insensitively) with pre-existing concept 9272a14b-7260-4353-9e5b-5787b5dead9d ('Cause of death'). Reuses RHD-Heart failure/RHD-Arrythmia concepts (minted for Hospital Admission's Reason for Admission) with form-level label overrides 'Heart failure'/'Arrhythmia' since they are the same underlying clinical concepts -- live uses the shorter label here, the Hospital Admission form uses the RHD- prefixed label",Question,Coded,Adverse drug reaction; Anticoagulation related hemorrhage; 0198e8a2-c475-58d7-b19b-a6391db1bc27; Catheterization; 27f70da6-ee9e-5919-8b68-9977312f9ada; 116128AAAAAAAAAAAAAAAAAAAAAAAAAAAAAA; 490b4f2a-2421-56d3-b35e-c5c1c2e86ad2; RHD - other; 41b1a801-9d9d-5687-9de5-39e89c73c8c7; 69a18712-03ce-5ac0-af10-b08602085043; Within 30-days of cardiac surgery,,
8916f600-8e09-5340-bfa4-bd318a593554,,ACT-RHD:active_patient_registry,Active (Patient Registry),,"added 2026-10-05 as an answer option for Status (Patient Registry); bare 'Active' name collides with other existing concepts, so disambiguated in the FSN",Misc,N/A,,,
e96cece9-3e5c-5ac3-8a44-19c343e397f4,,ACT-RHD:inactive_patient_registry,Inactive (Patient Registry),,"added 2026-10-05 as an answer option for Status (Patient Registry); bare 'Inactive' name collides with other existing concepts, so disambiguated in the FSN",Misc,N/A,,,
