Uuid,Void/Retire,Same as mappings,Fully specified name:en,Short name:en,Description:en,Data class,Data type,Answers,_version:1,_order:1005
406285f2-be72-5594-8664-c8568ad9bc88,,ACT-RHD:1_within_1_week,1 - within 1 week,,,Misc,N/A,,,
790944bd-e192-519b-beb9-24b671ef1255,,ACT-RHD:1_week,1 week,,,Misc,N/A,,,
2822a113-1cd3-510e-b5bf-95b9279b1a4f,,ACT-RHD:1_5_2_5,1.5-2.5,,,Misc,N/A,,,
ecc08a4c-6494-5737-b142-f59d18c07db1,,ACT-RHD:10_years_or_until_age_40,10 years or until age 40,,,Misc,N/A,,,
82c5209b-c183-5bc9-941c-890eba821a44,,ACT-RHD:2_within_1_month,2 - within 1 month,,,Misc,N/A,,,
086b0459-7cfc-5785-bc76-d1c8a0236ca1,,ACT-RHD:2_4_weeks,2-4 weeks,,,Misc,N/A,,,
d894d89a-04bd-5fc0-91a0-5dc3ddd8802b,,ACT-RHD:2_0_3_0,2.0-3.0,,,Misc,N/A,,,
ea841a3a-f9cb-5761-aac6-939ffb158d94,,ACT-RHD:2_5_3_5,2.5-3.5,,,Misc,N/A,,,
925610f9-1c3c-5396-880f-02a5fe309d53,,ACT-RHD:3_within_3_months,3 - within 3 months,,,Misc,N/A,,,
57e3873e-018e-5ed6-b7d4-5f73ef464cbd,,ACT-RHD:4_within_6_months,4 - within 6 months,,,Misc,N/A,,,
024cdfe6-c2eb-521c-8616-4729ac35439e,,ACT-RHD:5_years_or_until_age_21,5 years or until age 21,,,Misc,N/A,,,
37a4fbc3-e41c-545d-8d97-aff8c11e705b,,ACT-RHD:add_rhd_act_decentralization_mak_somrec_2021_61,ADD-RHD ACT decentralization (Mak-SOMREC-2021-61),,,Misc,N/A,,,
f2de81a5-99f2-5036-8cb8-1a5c2112cb91,,ACT-RHD:acknowledged,Acknowledged,,,Misc,N/A,,,
33a334e2-5caf-52c0-8ca7-e11e8cbfd7a3,,ACT-RHD:alive_in_hospital,Alive in hospital,,,Misc,N/A,,,
6a5cbfbf-24af-5387-ace9-f702162a5105,,ACT-RHD:alive_out_of_hospital,Alive out of hospital,,,Misc,N/A,,,
32bababb-a833-5bab-8cb7-5c5a5644c590,,ACT-RHD:aortic_valve_replacement_repair,Aortic valve Replacement/Repair,,,Misc,N/A,,,
f7e76d81-d3ce-5759-bf0d-6fda118cac70,,ACT-RHD:aortic_valve_repair,Aortic valve repair,,,Misc,N/A,,,
6ba15d4b-921d-52f4-9d56-aaed9df33239,,ACT-RHD:aortic_valve_replacement,Aortic valve replacement,,,Misc,N/A,,,
05ec48ad-2a5e-553f-b168-03e65ead7f48,,ACT-RHD:aunt,Aunt,,,Misc,N/A,,,
49b8c6ab-aeec-5894-923f-8e6ad1de89c0,,ACT-RHD:available_in_district,Available in district,,,Misc,N/A,,,
2d44b2e2-749a-573c-bb44-a1307e7cadce,,ACT-RHD:bpg,BPG,,,Misc,N/A,,,
3d32f20c-b4b5-5765-8f80-7b89b8cb3859,,ACT-RHD:cardiac_catheterization,Cardiac catheterization,,,Misc,N/A,,,
414f1c28-9507-5fc3-8684-dc3fd57a52fb,,ACT-RHD:cardiac_surgery,Cardiac surgery,,,Misc,N/A,,,
4ba666f7-f45e-5be1-b17a-5de2ae6e2107,,ACT-RHD:cesarean_section,Cesarean section,,,Misc,N/A,,,
cee375ca-7c28-5347-a844-728b4b8878fb,,ACT-RHD:clinical_change_findings,Clinical Change/Findings,,,Misc,N/A,,,
515378af-2fa3-5a44-83ad-e95d74a535a4,,ACT-RHD:clinician_reported_reaction,Clinician reported reaction,,,Misc,N/A,,,
a819d576-1467-5b9d-b77a-0c33d3819be3,,ACT-RHD:connected_with_patient,Connected with patient,,,Misc,N/A,,,
3e3438a1-07a1-5a64-a370-d8763751a283,,ACT-RHD:conscious_sedation,Conscious sedation,,,Misc,N/A,,,
0339c256-8636-5518-9022-61a4e2b215cd,,ACT-RHD:diagnostic_catheterization,Diagnostic catheterization,,,Misc,N/A,,,
fe398d9e-7618-561e-811b-e3b8397e1d64,,ACT-RHD:did_not_connect_with_patient,Did not connect with patient,,,Misc,N/A,,,
98ea6c57-5f77-549b-97ca-32604c5b9220,,ACT-RHD:discharge_to_home,Discharge to home,,,Misc,N/A,,,
379e8e7e-5cf9-5425-a678-0c0257b64822,,ACT-RHD:ecg,ECG,,,Misc,N/A,,,
18f7cc75-175f-5fde-ace2-c8988bdc37ec,,ACT-RHD:echocardiogram,Echocardiogram,,,Misc,N/A,,,
db956db2-d6c9-526a-a015-84465fc4d694,,ACT-RHD:father,Father,,,Misc,N/A,,,
b013fec4-b274-5f70-8287-269c8547de52,,ACT-RHD:final_visit,Final visit,,,Misc,N/A,,,
e09bca0b-d706-50f4-bee4-948df8ebbe20,,ACT-RHD:four_times_a_day,Four times a day,,,Misc,N/A,,,
ddcc6a36-af80-595e-ae53-bfe482ad1701,,ACT-RHD:general_anaesthesia,General anaesthesia,,,Misc,N/A,,,
0f8929d8-e3e6-5ccd-9b64-6bb64c6fbce9,,ACT-RHD:general_medical_review,General medical review,,,Misc,N/A,,,
1be7e468-7c72-575b-9256-74d714eb3b9d,,ACT-RHD:grandfather,Grandfather,,,Misc,N/A,,,
a7c69de7-178e-5d3b-95e9-d870b1f9ea74,,ACT-RHD:grandmother,Grandmother,,,Misc,N/A,,,
b03e545e-ac65-5c4b-9516-39e895e09be6,,ACT-RHD:high_risk,High risk,,,Misc,N/A,,,
9b905331-5cd5-5624-9f02-a88efaf771d6,,ACT-RHD:i,I,,,Misc,N/A,,,
e4a2da4b-cca3-5bd6-bfc6-8e206dc339e9,,ACT-RHD:ii,II,,,Misc,N/A,,,
fea16333-1c36-5478-9ebf-ca9f6201f753,,ACT-RHD:iii,III,,,Misc,N/A,,,
77e49ccb-efb0-5364-8dd2-d9e2a5e24924,,ACT-RHD:iv,IV,,,Misc,N/A,,,
de184664-1673-5cfc-9fe0-b294b2244c66,,ACT-RHD:increase_by_1_degree,Increase by 1 degree,,,Misc,N/A,,,
a0cad40e-51f3-5104-86b1-d9fc21c8597a,,ACT-RHD:insufficient,Insufficient,,,Misc,N/A,,,
4e513376-7f1d-5f1a-9628-929f576403a7,,ACT-RHD:limp,Limp,,,Misc,N/A,,,
9e6907fe-1c65-518f-9e1e-1e0189932e95,,ACT-RHD:lip_swelling,Lip swelling,,,Misc,N/A,,,
e0f8f506-2ff9-5442-b46d-b5c472351326,,ACT-RHD:local_redness,Local redness,,,Misc,N/A,,,
7113c0d4-4fdd-5a2d-8aa2-31b4656950ee,,ACT-RHD:mildly_decreased,Mildly decreased,,,Misc,N/A,,,
efc4d7fc-eae5-5f81-be72-750c616c82b0,,ACT-RHD:mitral_valve_replacement_repair,Mitral valve Replacement/Repair,,,Misc,N/A,,,
3b1bec9d-85f2-50aa-ad74-5b7bf920e8de,,ACT-RHD:mitral_valve_repair,Mitral valve repair,,,Misc,N/A,,,
a76e4d83-18c0-5ed8-b039-03d137ed70ea,,ACT-RHD:mitral_valve_replacement,Mitral valve replacement,,,Misc,N/A,,,
b47abe39-3817-5e34-b123-8b8985f69f6b,,ACT-RHD:moderate_risk,Moderate risk,,,Misc,N/A,,,
f2f96d8b-47bb-56a0-9815-b0f6d1003589,,ACT-RHD:moderately_decreased,Moderately decreased,,,Misc,N/A,,,
3b008b8a-38b8-5e6b-9428-40163e701644,,ACT-RHD:mother,Mother,,,Misc,N/A,,,
4b4061c7-c9c6-509f-a689-1dd2ad165ef1,,ACT-RHD:national_rhd_registry_mak_somrec_2013_072,National RHD registry (Mak SOMREC 2013-072),,,Misc,N/A,,,
8ce86740-d536-5bf8-b8e8-c8ed5994018a,,ACT-RHD:no_increase_or_increase_by_1_degree,No increase or increase by < 1 degree,,,Misc,N/A,,,
84ab709b-370e-5922-810e-08a2d9a6fac1,,ACT-RHD:once_a_day,Once a day,,,Misc,N/A,,,
312791b9-ea05-5b72-bbf1-78e45eeefe49,,ACT-RHD:or_severe_mitral_regurgitation,Or severe mitral regurgitation,,,Misc,N/A,,,
45efbbdc-bf9b-58dc-a49d-44641bae590c,,ACT-RHD:oral_penicillin,Oral penicillin,,,Misc,N/A,,,
4ff41d80-a6f6-5e65-b20a-66b31ce1baa6,,ACT-RHD:other_with_field_to_complete,Other (with field to complete),,,Misc,N/A,,,
50bd5eb9-aa34-52f3-bdb5-605d63df9832,,ACT-RHD:other_catheter_based_intervention,Other catheter-based intervention,,,Misc,N/A,,,
0c06494e-22e8-55c7-b06f-aff1a08939a4,,ACT-RHD:other_legal_guardian,Other legal guardian,,,Misc,N/A,,,
d1a78b6e-b7a3-5ccb-892e-0e86c15b9b84,,ACT-RHD:outreach_visit,Outreach visit,,,Misc,N/A,,,
6dde2e17-58cb-5829-9b96-ef3d016b1b61,,ACT-RHD:patient_not_located,Patient not located,,,Misc,N/A,,,
e67c5bd8-5a94-5c0d-b269-ba975671a46c,,ACT-RHD:patient_reported_reaction,Patient reported reaction,,,Misc,N/A,,,
d4ad08f6-c6a7-5fc1-b037-57e0aba4be4f,,ACT-RHD:phone_call,Phone call,,,Misc,N/A,,,
2d280190-0d1b-5eae-9081-0c5d805c0b6d,,ACT-RHD:phone_off,Phone off,,,Misc,N/A,,,
5458f2f7-9eba-5ba4-b2a8-6c736d574ca9,,ACT-RHD:rhd_c,RHD C,,,Misc,N/A,,,
19fb7b40-528e-5b1c-a610-f2e624c98038,,ACT-RHD:rhd_d,RHD D,,,Misc,N/A,,,
aa0fc44c-3214-5916-86db-c13d4ea4654e,,ACT-RHD:rhd_clinic,RHD clinic,,,Misc,N/A,,,
235fae67-41f9-5b8e-a373-a52007038cb7,,ACT-RHD:routine_surveillance,Routine/Surveillance,,,Misc,N/A,,,
27f33ebe-77fb-575f-b737-00aa47dae6d8,,ACT-RHD:screen_pending_confirmatory_echo,Screen + pending confirmatory echo,,,Misc,N/A,,,
edebe52c-de16-5ba7-ad1c-9f0d6a2bb323,,ACT-RHD:self,Self,,,Misc,N/A,,,
e1529624-8c3c-5b2e-8a7f-7e166fbb23e5,,ACT-RHD:sending,Sending,,,Misc,N/A,,,
719957d3-80ec-5e1c-9d94-2a02a8335054,,ACT-RHD:severe_risk,Severe risk,,,Misc,N/A,,,
91d28548-97ec-53d7-a3fd-d2a6b94bb09b,,ACT-RHD:severely_decreased,Severely decreased,,,Misc,N/A,,,
a5d49b91-273a-5506-8575-674165374abc,,ACT-RHD:stomach_upset,Stomach upset,,,Misc,N/A,,,
eba2cdb3-a575-5893-90de-fc0e0f3b7580,,ACT-RHD:submitted_request_to_national_medical_store,Submitted request to national medical store,,,Misc,N/A,,,
e126aa33-b37e-5ad5-974d-f2f422b6489c,,ACT-RHD:sufficient_1_5ml_or_50_of_baseline,Sufficient (>1.5mL or 50% of baseline),,,Misc,N/A,,,
b1c8df27-fa6c-59ca-ba7d-e6c242e7b97e,,ACT-RHD:supplies_expected,Supplies expected,,,Misc,N/A,,,
93549872-2856-542e-becc-809e772d98ba,,ACT-RHD:tertiary_center,Tertiary center,,,Misc,N/A,,,
357e27b3-4e71-5c31-9984-4c59000be2ff,,ACT-RHD:text_message,Text message,,,Misc,N/A,,,
bae1cc50-a94f-5b56-86be-a21b2072d0a8,,ACT-RHD:thrice_a_day,Thrice a day,,,Misc,N/A,,,
8a4f573d-ebc2-5073-b396-39ebe01fe56d,,ACT-RHD:transfer_to_another_facility,Transfer to another facility,,,Misc,N/A,,,
3b242d01-dada-5588-9f45-e87da22e7ec8,,ACT-RHD:trouble_breathing,Trouble breathing,,,Misc,N/A,,,
aa611030-275a-51c0-99d9-d610e88b50a7,,ACT-RHD:twice_a_day,Twice a day,,,Misc,N/A,,,
74a3bab3-9461-5bdb-a587-850d5fd11e8a,,ACT-RHD:uncle,Uncle,,,Misc,N/A,,,
5e8fe279-af21-5059-947a-cc06f71391d2,,ACT-RHD:urgent_emergent,Urgent/Emergent,,,Misc,N/A,,,
302eda9b-16f5-5b84-81ab-623990616233,,ACT-RHD:vaginal_birth,Vaginal birth,,,Misc,N/A,,,
36ce4f25-03d4-5447-aba0-48545be2281c,,ACT-RHD:whichever_is_longer,Whichever is longer,,,Misc,N/A,,,
a655d3a4-5d60-5e79-9b9c-e6b38bf84d46,,ACT-RHD:withdrawn_from_study,Withdrawn from study,,,Misc,N/A,,,
358b8fc2-744e-5ab9-9e7d-5c28f997fe66,,ACT-RHD:wilkins_score_1,Wilkins Score 1,,,Misc,N/A,,,
46247161-4c7b-519d-8006-774be9bc1cdc,,ACT-RHD:wilkins_score_2,Wilkins Score 2,,,Misc,N/A,,,
902f820a-b338-59e3-a782-d83a829475a6,,ACT-RHD:wilkins_score_3,Wilkins Score 3,,,Misc,N/A,,,
6092350d-98bf-57eb-8d05-fe909c12b1bf,,ACT-RHD:wilkins_score_4,Wilkins Score 4,,,Misc,N/A,,,
dcf1240f-e98f-5e59-b5fc-9cad7d3e3f23,,ACT-RHD:wilkins_score_5,Wilkins Score 5,,,Misc,N/A,,,
66a0177a-3ab0-5ff5-86fb-f3053d7a1e6a,,ACT-RHD:wilkins_score_6,Wilkins Score 6,,,Misc,N/A,,,
479983aa-e774-50f9-928c-d021e83482b2,,ACT-RHD:wilkins_score_7,Wilkins Score 7,,,Misc,N/A,,,
57082d89-07be-5c19-b69d-4729cdf9a223,,ACT-RHD:wilkins_score_8,Wilkins Score 8,,,Misc,N/A,,,
4e485afe-28dc-5bdd-ae81-52a29bedcc94,,ACT-RHD:wilkins_score_9,Wilkins Score 9,,,Misc,N/A,,,
8d50b4b6-e937-587e-9b57-a6ac0e259b3f,,ACT-RHD:wilkins_score_10,Wilkins Score 10,,,Misc,N/A,,,
b4072bf9-f023-5afa-8a7e-20f6ce6602c5,,ACT-RHD:wilkins_score_11,Wilkins Score 11,,,Misc,N/A,,,
8add169a-473e-5f46-bed7-3ff6f4d1b155,,ACT-RHD:wilkins_score_12,Wilkins Score 12,,,Misc,N/A,,,
28c625e7-b03f-5518-9e6f-bb627abcc54d,,ACT-RHD:wilkins_score_13,Wilkins Score 13,,,Misc,N/A,,,
8aabf5a8-a353-5fef-9975-13725d9502c4,,ACT-RHD:wilkins_score_14,Wilkins Score 14,,,Misc,N/A,,,
e8ab3b7f-4856-565c-9619-f8c65c550e9c,,ACT-RHD:wilkins_score_15,Wilkins Score 15,,,Misc,N/A,,,
0e9cfdcb-69b5-51d6-8886-26d5bc54937c,,ACT-RHD:wilkins_score_16,Wilkins Score 16,,,Misc,N/A,,,
0852128c-ab7d-5ac9-9930-34bf6c672b42,,ACT-RHD:mildly_dilated,Mildly Dilated,,,Misc,N/A,,,
2d9a827a-3604-54bd-8975-f00f5acdf9c7,,ACT-RHD:moderately_dilated,Moderately Dilated,,,Misc,N/A,,,
aeed7e23-586c-5b5a-a646-98becbea5476,,ACT-RHD:severely_dilated,Severely Dilated,,,Misc,N/A,,,
