Uuid,Void/Retire,Same as mappings,Fully specified name:en,Short name:en,Description:en,Data class,Data type,Answers,_version:1,_order:1004
87bdee8a-aaf8-56e7-9e34-2b668873787d,,ACT-RHD:1_month,1 month,,,Misc,N/A,,,
6f2c4ca8-a499-5851-975b-5bfb426143a9,,ACT-RHD:1_year_and_reassess,1 year and reassess,,,Misc,N/A,,,
27d3bdfa-ee43-5a36-ad56-08ce2bb6848d,,ACT-RHD:10_years_or_until_age_40_whichever_is_longer,"10 years or until age 40, whichever is longer",,,Misc,N/A,,,
63726df8-d924-54fe-b88b-b8bc9749632b,,ACT-RHD:12_months,12 months,,,Misc,N/A,,,
a3f9bcd3-787f-58b3-ae36-c494725a67eb,,ACT-RHD:2_years_and_reassess,2 years and reassess,,,Misc,N/A,,,
30f01ae8-2fc0-5ac2-be59-a573b38d73d5,,ACT-RHD:3_months,3 months,,,Misc,N/A,,,
991ec1a1-4b57-5948-ba73-72cf879cd1c5,,ACT-RHD:5_years_or_until_age_21_whichever_longer,"5 years or until age 21, whichever longer",,,Misc,N/A,,,
35d3bb08-35fb-5377-8d8f-3edd73c1178b,,ACT-RHD:6_months,6 months,,,Misc,N/A,,,
3c7f8916-3ab5-5678-83c5-be7c7bb1f5e7,,ACT-RHD:acitrom,Acitrom,,,Drug,N/A,,,
69628c7c-0e9f-5f7b-ad60-5b6f93b1cdce,,ACT-RHD:bisoprolol,Bisoprolol,,,Drug,N/A,,,
d7d470bb-1574-5a02-8c69-e8928ae03169,,ACT-RHD:candesartan,Candesartan,,,Drug,N/A,,,
c6c2eabe-06e8-5eb9-93ac-f851fd77717f,,ACT-RHD:clonidine,Clonidine,,,Drug,N/A,,,
251999e5-c6e6-5843-bf2f-9cef78472e58,,ACT-RHD:continuous,Continuous,,,Misc,N/A,,,
45e5a47d-8369-5258-a714-aeffc115194c,,ACT-RHD:daily_q24,Daily (Q24),,,Misc,N/A,,,
5b2e010c-b1d4-5875-b584-f6b7d028a211,,ACT-RHD:diltiazem,Diltiazem,,,Drug,N/A,,,
a9d138e6-48f4-547b-943a-211d1bc79200,,ACT-RHD:doxazosin,Doxazosin,,,Drug,N/A,,,
ec647e02-65c5-55e5-95f2-f092e9fe20f3,,ACT-RHD:eplerenone,Eplerenone,,,Drug,N/A,,,
2e145a91-1967-537c-b957-730f005002b2,,ACT-RHD:every_12_months,Every 12 months,,,Misc,N/A,,,
4040ccf9-175d-5502-ada2-f562662c32f5,,ACT-RHD:every_3_months,Every 3 months,,,Misc,N/A,,,
dba07d74-cd84-519c-93e3-f43c8bf7c398,,ACT-RHD:every_6_months,Every 6 months,,,Misc,N/A,,,
54cb5a65-b55a-5059-b4dc-19aa6f709806,,ACT-RHD:felodipine,Felodipine,,,Drug,N/A,,,
ce7939f0-3943-5f40-8cb4-2ee7438bc9df,,ACT-RHD:flecainide,Flecainide,,,Drug,N/A,,,
e354baf5-80f7-50b7-8262-e91672fb8a7d,,ACT-RHD:four_times_daily_q6,Four times daily (Q6),,,Misc,N/A,,,
cdc1dbd2-07a0-520b-a1b9-bb868bb9deca,,ACT-RHD:irbesatan,Irbesatan,,,Drug,N/A,,,
e13a5d80-2ba1-5927-b4e6-7369473222e1,,ACT-RHD:lifetime,Lifetime,,,Misc,N/A,,,
7c3c4351-4073-50a7-ad76-53a4e2446e86,,ACT-RHD:metolazone,Metolazone,,,Drug,N/A,,,
c2674a49-4994-5c95-9b66-26048629efab,,ACT-RHD:minoxidil,Minoxidil,,,Drug,N/A,,,
a8b02e6e-09bd-543b-84ec-bcb1be629159,,ACT-RHD:nebivolol,Nebivolol,,,Drug,N/A,,,
7de8c3a9-b142-5ed5-b3da-6c277864eeb1,,ACT-RHD:nitrocontin,Nitrocontin,,,Drug,N/A,,,
f5992470-15e2-5a11-8990-af7958ed9226,,ACT-RHD:olmesartan,Olmesartan,,,Drug,N/A,,,
1af922b8-acee-56c8-b184-eaef4e58e23a,,ACT-RHD:oral_azithromycin,Oral azithromycin,,,Drug,N/A,,,
f6f25d63-bd1a-51cb-9596-e74a19759429,,ACT-RHD:oral_clarithromycin,Oral clarithromycin,,,Drug,N/A,,,
fb8b6676-689b-5daa-83f7-1456210c587f,,ACT-RHD:oral_erythromycin,Oral erythromycin,,,Drug,N/A,,,
b9884219-358a-594b-94f5-f8a8863a25f3,,ACT-RHD:oral_penicillin_v,Oral penicillin V,,,Drug,N/A,,,
f2e06eb2-5c25-5e53-9e01-246112d05976,,ACT-RHD:oral_sulfadiazine,Oral sulfadiazine,,,Drug,N/A,,,
39af49bd-5dd0-5acd-8ffb-260bc83dbfd7,,ACT-RHD:patient_preference,Patient preference,,,Misc,N/A,,,
6a2fa6c6-2cef-56d9-a942-418fd490fc9f,,ACT-RHD:perindopril,Perindopril,,,Drug,N/A,,,
11025785-bcdb-562b-9dcc-d9416137d081,,ACT-RHD:prasugrel,Prasugrel,,,Drug,N/A,,,
245f9ab8-4e5f-5e4d-a6c2-d3ee7d5e60c6,,ACT-RHD:prazosin,Prazosin,,,Drug,N/A,,,
eaf16fa9-03d7-5846-94c3-b02805889ed9,,ACT-RHD:provider_stopped,Provider stopped,,,Misc,N/A,,,
91230c88-6a90-5d45-af50-fa6155fe5dd7,,ACT-RHD:q14_day_bpg,Q14 day BPG,,,Drug,N/A,,,
2f3ee632-dd14-51b0-a4ec-de10e7958019,,ACT-RHD:q21_day_bpg,Q21 day BPG,,,Drug,N/A,,,
50be4b26-6c5b-5aaa-9254-3bfd313b4522,,ACT-RHD:q28_day_bpg,Q28 day BPG,,,Drug,N/A,,,
65e64309-a34b-593a-90ef-49306a9f833b,,ACT-RHD:ramipril,Ramipril,,,Drug,N/A,,,
a84e7a9b-31c6-5c6f-8257-45c140f661fc,,ACT-RHD:rivaroxaban,Rivaroxaban,,,Drug,N/A,,,
2616bb81-fa4a-56cf-8cec-84454e2ec076,,ACT-RHD:sacubitril_valsartan,Sacubitril/Valsartan,,,Drug,N/A,,,
f3559339-63ce-514b-ab49-5bb1e242326e,,ACT-RHD:sotalol,Sotalol,,,Drug,N/A,,,
9c7a0dc1-e056-5702-91d0-2c8d52ea9a45,,ACT-RHD:telmisartan,Telmisartan,,,Drug,N/A,,,
4ceb59fa-b337-52c7-b2ae-a74653fc6e80,,ACT-RHD:three_times_daily_q8,Three times daily (Q8),,,Misc,N/A,,,
9ba4f1ea-7b18-55ab-826a-2b28a34c8bc7,,ACT-RHD:torsemide,Torsemide,,,Drug,N/A,,,
11d88c3b-350d-58aa-ad04-1a038b8962a5,,ACT-RHD:twice_daily_q12,Twice daily (Q12),,,Misc,N/A,,,
2dc13b70-b6f7-5d68-9d28-43a585dfb5e6,,ACT-RHD:valsartan,Valsartan,,,Drug,N/A,,,
b9bc1cff-6970-50ff-9584-3451a0c7a1f9,,ACT-RHD:zofenopril,Zofenopril,,,Drug,N/A,,,
