Uuid,Void/Retire,Same as mappings,Fully specified name:en,Short name:en,Description:en,Data class,Data type,Members,_version:1,_order:3000
435f9871-ea54-578d-9c95-d7933f31db82,,ACT-RHD:set_30_day_follow_up_rhd_section,30-day follow-up (RHD section),,"Questions in the 30-day follow-up section of the Surgical History, Interventions, & Outcomes form",ConvSet,N/A,Date of Patient Follow-up Contact; Is Patient Alive?; How was the patient contacted?; Is the patient OK?; Describe the patient's current condition,,
c027cffe-f768-54dc-85e4-242fc9ec1374,,ACT-RHD:set_30_day_follow_up_procedures_rhd_section,30-day follow-up (Procedures and Outcomes) (RHD section),,"Questions in the 30-day follow-up section of the Procedures and Outcomes form -- added 2026-09-16 to match live, distinct from the Consultation Visit 30-day follow-up section above",ConvSet,N/A,Date of Patient Follow-up Contact; Rehospitalized Within 30 Days; Rehospitalization Related to the Procedure; Date of Rehospitalization; Describe Rehospitalization; Is Patient Alive?; Date of Death; Patient Follow-Up Required; Patient Follow-Up Arranged; Describe the patient's current condition,,
3f5bc0e0-741d-5266-96b5-f78acede7324,,ACT-RHD:set_adverse_reaction_surveillance_rhd_section,Adverse reaction surveillance (RHD section),,Questions in the Adverse reaction surveillance section of the BPG Delivery form; reworked 2026-09-16 to match live ACT registry field set and order,ConvSet,N/A,Any adverse reactions to last injection?; Injection Tolerance; Time Since Injection (Symptom Onset); Skin and Mucosal Symptoms; Cardiovascular Compromise; Respiratory Compromise; Severe GI Symptoms; Describe Anaphylaxis Events,,
878f91cc-af76-568e-a9bd-b3a18119d367,,ACT-RHD:set_anticoagulation_monitoring_consultation_visit_rhd_section,Anticoagulation monitoring (Consultation Visit) (RHD section),,Questions in the INR Monitoring form; reworked 2026-10-05 to match live ACT registry field set -- 'INR' member reference changed to the concept's actual FULLY_SPECIFIED name since Initializer's bare-name lookup doesn't reliably match SHORT names,ConvSet,N/A,Indication (INR Monitoring); INR Target; Date Tested (INR Monitoring); International normalized ratio; Dose Change; New Anticoagulant Dose,,
6412ea65-505b-5273-97b8-01d790264f37,,ACT-RHD:set_assessment_rhd_section,Assessment (RHD section),,Questions in the Assessment section of the Consultation Visit form,ConvSet,N/A,Key Findings/Recommendations,,
e5869082-9fd1-5036-be9e-f63c39e2c947,,ACT-RHD:set_cardiac_medications_rhd_section,Cardiac medications (RHD section),,Questions in the Cardiac medications section of the Consultation Visit form,ConvSet,N/A,Cardiac Medication; Dosing (Consultation Visit); Dosing Interval,,
90618b48-4dbc-5233-b67e-f7fa7efd938d,,ACT-RHD:set_catheterization_rhd_section,Catheterization (RHD section),,"Questions in the Catheterization section of the Surgical History, Interventions, & Outcomes form",ConvSet,N/A,Catheterization Type(s); Indication for catheterization; Pre-Catheterization Diagnosis; Brief Summary of Catheterization; Post-Catheterization Diagnosis; Anaesthesia (RHD); Pre-Inflation: LA Pressure; Pre-Inflation: LV Pressure; Post-Inflation: LA Pressure; Post-Inflation: LV Pressure; Mitral Valve Area; Mitral Valve Assessment,,
83c1a9ed-858a-568c-a311-bef6674b3076,,ACT-RHD:set_research_participation_rhd_section,Research Participation (RHD section),,"Questions in the Research Participation form; reworked 2026-10-05 -- the form was renamed from RHD Consent and its fields replaced entirely to match live ACT registry's actual Research Participation form (Study ID/Enrollment Date/Completion Date/Study Status repeating entry, not consent-giver name/relation fields)",ConvSet,N/A,Would you like to be considered?; Participation; Study ID; Enrollment Date; Completion Date; Study Status,,
bd178aea-27f0-5880-8b08-ea8ba94ee882,,ACT-RHD:set_delivery_and_outcomes_rhd_section,Delivery and outcomes (RHD section),,"Questions formerly in a separate Delivery and outcomes section of the Pregnancy form; reworked 2026-10-05 -- live ACT registry has no section split, this is one flat field list (see Pregnancy details (RHD section) below for the full set); kept as a historical sub-grouping, not currently referenced by the form JSON",ConvSet,N/A,Delivery Mode; Delivery Location; Estimated Gestational Age at Delivery (weeks); Birth Weight; Maternal Complications Postpartum; Maternal Cause of Death; Describe Maternal Cause of Death Further; Neonatal Outcomes; Describe Neonatal Outcomes Further; Neonatal Cause of Death; Describe Neonatal Cause of Death Further,,
570f2fe2-10a4-5a76-bfe7-1b038b63adba,,ACT-RHD:set_echocardiogram_rhd_section,Echocardiogram (RHD section),,"Questions in the Echocardiogram section of the Consultation Visit form; member names updated 2026-10-05 to match the disambiguated FSNs of Mitral Stenosis/Pulmonary Hypertension (form labels unaffected, still match live exactly); also fixed 2 pre-existing stale member names found while debugging this conceptset's load failure ('Is patient suitable for BAV' -> 'Is patient suitable for BAV?', 'If no, why?' -> 'Reasoning'); switched Mitral/Aortic Regurgitation to explicit UUIDs since each bare name collides case-insensitively with a pre-existing CIEL Diagnosis-class concept of nearly the same name (148546AAAA 'Aortic regurgitation', 115735AAAA 'Mitral regurgitation'); and fixed a 3rd pre-existing stale reference -- 'Summary of Last Echo (DD-Month-YYYY)' was retired on 2026-09-10 in favor of 'Date of Echocardiogram' but this conceptset's member list was never updated, so it referenced a retired concept by bare name (Initializer can't resolve retired concepts by name, same as voided ones)",ConvSet,N/A,Date of Echocardiogram; d6ab05e2-1ece-5f8f-893d-74739aa66ce5; Mitral stenosis severity (RHD); Wilkins Score; Is patient suitable for BAV?; Reasoning; 0bbc510f-1e95-5c74-bbe3-8896907fd6c1; Aortic Stenosis; Tricuspid Regurgitation; Tricuspid Stenosis; Left Ventricular Ejection Fraction; Left Ventricular Function; Pulmonary hypertension severity (RHD); Other Findings on Echocardiogram,,
a0f2b1e0-d49e-50d8-89ee-610228730834,,ACT-RHD:set_electrocardiogram_rhd_section,Electrocardiogram (RHD section),,Questions in the Electrocardiogram section of the Consultation Visit form,ConvSet,N/A,a85d4e63-500f-5af9-8ebd-9e1db5ddc3ed; 1c5476e4-ff12-5fbd-b2ad-53f66f9006a0; 67d65827-eea5-57ac-ae8b-77f91d128063,,
1179ec8f-364e-54a0-ab1a-e958db6bd371,,ACT-RHD:set_history_and_comorbidities_rhd_section,History and comorbidities (RHD section),,Questions in the History and comorbidities section of the Consultation Visit form,ConvSet,N/A,Chronic Health Conditions; Date Added; Allergies; Reaction (Consultation Visit); RHD Complications,,
b49bf2cf-0b9a-5b4f-8c78-e3f58a7f8104,,ACT-RHD:set_hospital_admission_rhd_section,Hospital admission (RHD section),,Questions in the Hospital admission section of the Hospital Admission form,ConvSet,N/A,Date Admitted; Facility; Reason for Admission; Details (Hospital Admission); To Where?; Date of Discharge,,
e7122fa3-a53c-59ee-ad05-339739bdddcd,,ACT-RHD:set_injection_rhd_section,Injection (RHD section),,Questions in the Injection section of the BPG Delivery form; reordered 2026-09-16 to match live ACT registry field order,ConvSet,N/A,"Date of Injection; Any adverse reactions to last injection?; Facility; If injection(s) late, why?; Injection Tolerance",,
7f19f3de-82d9-54d7-a205-5325c606ead1,,ACT-RHD:set_interventional_recommendations_rhd_section,Interventional recommendations (RHD section),,Questions in the Interventional recommendations section of the Interventional Recommendations form,ConvSet,N/A,Date Recommendation Made; Type of Intervention; Cardiac catheterization type; Intervention Complete; Cardiac surgery type,,
701bdf50-fcb4-58c5-ad4b-a01e391bd584,,ACT-RHD:set_oral_adherence_rhd_section,Oral adherence (RHD section),,Questions in the Oral adherence section of the Oral Adherence form; reworked 2026-10-05 to match live ACT registry field set and order,ConvSet,N/A,Date of Adherence Estimate; Adherence Estimate (%); Adherence Based On; Explanation if Adherence is Below 80%; New Prescription Duration,,
db97e1b9-3a16-5327-8682-d72fdbd607c2,,ACT-RHD:set_patient_information_rhd_section,Patient information (RHD section),,"Questions in the Patient information section of the Patient Information form; reworked 2026-10-05 -- Category at Diagnosis recoded to live's 4-category set, Death section replaced with live's Status/Reason Inactive/Cause of Death structure, Pregnant or Postpartum field removed (fabricated, no live equivalent)",ConvSet,N/A,Category at Diagnosis; Case Detected By; Status (Patient Registry); Date of Status Change; Reason Inactive; Relocation Area; Cause of Death (Patient Registry); Date of Death; Details of Death; Home Address; Additional information to help locate patient,,
01f4aca2-e29e-58b9-a92a-4d2d987d5fe0,,ACT-RHD:set_plan_and_follow_up_rhd_section,Plan and follow-up (RHD section),,Questions in the Plan and follow-up section of the Consultation Visit form,ConvSet,N/A,SBE Prophylaxis Indicated; Interventional Recommendation(s); Urgency; ba4b8a87-2ce8-559e-9a30-45504a9b6c1f; 1732AAAAAAAAAAAAAAAAAAAAAAAAAAAAAAAA,,
5fcb9637-f8a6-511c-ba7a-fbe36b7accaa,,ACT-RHD:set_post_procedure_outcome_rhd_section,Post-procedure outcome (RHD section),,"Questions in the Post-procedure outcome section of the Surgical History, Interventions, & Outcomes form",ConvSet,N/A,Procedural Outcome; Date of Hospital Discharge; ICU Stay; Ventilation Time; Perfusion Issues; Site Infection; Bacterial Sepsis; Organism Identified (if Known); Other Major Complications Assiciated with Surgery,,
3864639b-570f-5028-b795-7bdcd36b577b,,ACT-RHD:set_pregnancy_details_rhd_section,Pregnancy details (RHD section),,Questions in the Pregnancy form; reworked 2026-10-05 to match live ACT registry's full 22-field flat list exactly (no section split on live) -- see individual field notes in rhd_questions_pregnancy.csv for what changed,ConvSet,N/A,Date of Service; Estimated Due Date; Date of Last Menstrual Period; Gravidity; Parity; Number of Fetuses; Date of Delivery; e52a3150-1b3f-5ee5-89df-20439c08ef22; Maternal Complications During Pregnancy; Fetal Outcome; Delivery Mode; Reason for cesarean section; Delivery Location; Birth Weight; Maternal Complications Postpartum; Describe Postpartum Complications Further; Maternal Cause of Death; Describe Maternal Cause of Death Further; Neonatal Outcomes; Describe Neonatal Outcomes Further; Neonatal Cause of Death; Describe Neonatal Cause of Death Further,,
785ebdb2-3056-5579-8012-f3e771706ab5,,ACT-RHD:set_procedure_details_rhd_section,Procedure details (RHD section),,"Questions in the Procedure details section of the Surgical History, Interventions, & Outcomes form; added With Visiting Team, Height (cm), Weight (kg), BSA, Oxygen Saturation, Blood Group, RACHs Score 2026-09-16 to match live",ConvSet,N/A,Procedure Date; With Visiting Team; Height (cm); Weight (kg); BSA; 5092AAAAAAAAAAAAAAAAAAAAAAAAAAAAAAAA; Blood Group; Procedure Type; RACHs Score,,
8267d971-5c6b-5de8-9985-94ddfc05f17a,,ACT-RHD:set_secondary_prophylaxis_rhd_section,Secondary prophylaxis (RHD section),,Questions in the Secondary prophylaxis section of the Consultation Visit form,ConvSet,N/A,"Secondary Antibiotic Prophylaxis; Date Started; Date Stopped; Reason Stopped; If not given SAP, why?; Secondary Antibiotic Prophylaxis Duration; Secondary Antibiotic Prophylaxis Data Entry",,
c945726e-0687-5b84-953b-fa3e1901306b,,ACT-RHD:set_surgery_rhd_section,Surgery (RHD section),,"Questions in the Surgery section of the Surgical History, Interventions, & Outcomes form",ConvSet,N/A,Surgery Type(s); Indication for Surgery; Reason for Surgery; Open Chest After Surgery; Required Additional Surgery for Bleeding; Describe; Other Pertinent Medical Information,,
fe040b79-959c-5d12-9385-6f73ec1f4324,,ACT-RHD:set_visit_details_rhd_section,Visit details (RHD section),,Questions in the Visit details section of the Consultation Visit form,ConvSet,N/A,View Past Forms - # Entries; Date of Review; Place of Review; Provider; Interval History,,
14d7ab0c-15a2-5f8d-ab00-1e3ca5022303,,ACT-RHD:set_vital_signs_rhd_section,Vital signs (RHD section),,Questions in the Vital signs section of the Consultation Visit form,ConvSet,N/A,5090AAAAAAAAAAAAAAAAAAAAAAAAAAAAAAAA; 5089AAAAAAAAAAAAAAAAAAAAAAAAAAAAAAAA; 5087AAAAAAAAAAAAAAAAAAAAAAAAAAAAAAAA; 5092AAAAAAAAAAAAAAAAAAAAAAAAAAAAAAAA; 5085AAAAAAAAAAAAAAAAAAAAAAAAAAAAAAAA; 5086AAAAAAAAAAAAAAAAAAAAAAAAAAAAAAAA; NYHA Classification,,
