Uuid,Void/Retire,Same as mappings,Fully specified name:en,Short name:en,Description:en,Data class,Data type,Answers,_version:1,_order:2008
2c13856b-5622-500f-b986-f1509c424056,,ACT-RHD:q_delivery_mode,Delivery Mode,,"renamed to match live ACT registry label exactly (was Delivery mode); answer order flipped to match live (Cesarean section, Vaginal birth); fixed 2026-10-05",Question,Coded,Cesarean section; Vaginal birth,,
3ad5133c-80d0-5007-ba1a-c5be27cbb10c,,ACT-RHD:q_estimated_due_date,Estimated Due Date,,,Question,Date,,,
e52a3150-1b3f-5ee5-89df-20439c08ef22,,ACT-RHD:q_estimated_gestational_age_at_delivery_weeks,Estimated Gestational Age at Delivery (weeks),,"reused for live's 'Gestational Age (in weeks)' field -- same measurement, form-level label override applied; fixed 2026-10-05",Question,Text,,,
7e596b69-bb4e-5080-90b3-0d191c0d340a,,ACT-RHD:q_fetal_outcomes,Fetal Outcome,,"renamed to match live ACT registry label exactly (was Fetal Outcomes, plural); recoded from checkbox/multiselect to single-select 2026-10-05 -- confirmed live renders this as a single-select (no multiValue chips), not a multiselect, since fetal outcomes are mutually exclusive",Question,Coded,Fetal loss within 14 weeks; Fetal loss between 15-24 weeks; Fetal loss after 25 weeks; 125872AAAAAAAAAAAAAAAAAAAAAAAAAAAAAA; Full-term live birth; Pre-term live birth; cfceaf51-ac5f-58b3-b986-d02831efe69e,,
37145a69-0515-5e34-b16f-4cbb898a748e,,ACT-RHD:q_location_of_delivery,Delivery Location,,"renamed to match live ACT registry label exactly (was Location of Delivery); 'Other non-coded' relabeled to 'Other' to match live; fixed 2026-10-05",Question,Coded,Home with family; Home with midwife; Community clinic; District or regional referral hospital; Tertiary referral hospital; 5622AAAAAAAAAAAAAAAAAAAAAAAAAAAAAAAA,,
062a66ad-8efb-5d28-a6d9-511bb396d661,,ACT-RHD:q_maternal_cause_of_death,Maternal Cause of Death,,"recoded from Text to Coded with live ACT registry's 5 answer options (Heart Failure; Hemorrhage; Sepsis; Stroke; Other Infectious Disease); fixed 2026-10-05",Question,Coded,27f70da6-ee9e-5919-8b68-9977312f9ada; 147241AAAAAAAAAAAAAAAAAAAAAAAAAAAAAA; 126721AAAAAAAAAAAAAAAAAAAAAAAAAAAAAA; 41b1a801-9d9d-5687-9de5-39e89c73c8c7; 3464443b-5ff9-55b4-8792-49ac8aa58800,,
d476b4e0-5c24-5d99-9588-26aadc1e35c6,,ACT-RHD:q_maternal_complications_during_pregnancy,Maternal Complications During Pregnancy,,"recoded from Text to Coded 2026-10-05 -- live ACT registry's answer set now resolved (9 options: Death, Eclampsia, Hospitalization, New onset heart failure, Placental Abruption, Pre-eclampsia, Rhythm disturbance, Stroke, None)",Question,Coded,2567da9f-864e-5408-b5ae-6686f80d0a99; 118744AAAAAAAAAAAAAAAAAAAAAAAAAAAAAA; Hospitalization; New onset heart failure; 130108AAAAAAAAAAAAAAAAAAAAAAAAAAAAAA; 129251AAAAAAAAAAAAAAAAAAAAAAAAAAAAAA; Rhythm disturbance; 41b1a801-9d9d-5687-9de5-39e89c73c8c7; 1107AAAAAAAAAAAAAAAAAAAAAAAAAAAAAAAA,,
7ec339f7-be0b-5199-a9e7-a8ab82860fb2,,ACT-RHD:q_maternal_complications_within_30_days_after_pregnancy,Maternal Complications Postpartum,,"renamed to match live ACT registry label exactly (was Maternal Complications Within 30 Days After Pregnancy); recoded from Text to Coded 2026-10-05 -- live's answer set now resolved (8 options, same as Maternal Complications During Pregnancy but without Stroke): Death, Eclampsia, Hospitalization, New onset heart failure, Placental Abruption, Pre-eclampsia, Rhythm disturbance, None",Question,Coded,2567da9f-864e-5408-b5ae-6686f80d0a99; 118744AAAAAAAAAAAAAAAAAAAAAAAAAAAAAA; Hospitalization; New onset heart failure; 130108AAAAAAAAAAAAAAAAAAAAAAAAAAAAAA; 129251AAAAAAAAAAAAAAAAAAAAAAAAAAAAAA; Rhythm disturbance; 1107AAAAAAAAAAAAAAAAAAAAAAAAAAAAAAAA,,
53e59cbb-f2ef-5662-be9a-a4dc7e09ec51,,ACT-RHD:q_neonatal_outcomes_30_days_after_delivery,Neonatal Outcomes,,"renamed to match live ACT registry label exactly (was Neonatal Outcomes 30 Days After Delivery); fixed 2026-10-05",Question,Coded,Alive out of hospital; Alive in hospital; 159AAAAAAAAAAAAAAAAAAAAAAAAAAAAAAAAA,,
864deea0-d006-559e-b5fb-5b26c4c56fa5,,ACT-RHD:q_neonatal_weight_kg,Birth Weight,,"renamed to match live ACT registry label exactly (was Neonatal weight (kg)); fixed 2026-10-05",Question,Text,,,
a81827f3-5832-530f-91ef-b3a0c58079ca,,ACT-RHD:q_neontal_cause_of_death,Neonatal Cause of Death,,"spelling of 'Neontal' fixed to 'Neonatal' and label matched to live exactly; recoded from Text to Coded with live ACT registry's 4 answer options (Congenital Malformation; Infection; Prematurity; Unknown); fixed 2026-10-05",Question,Coded,143849AAAAAAAAAAAAAAAAAAAAAAAAAAAAAA; 080911f7-6428-5502-91ed-e70e1a1cc2d7; a985a179-a255-512a-89e6-339d47f33c40; 1067AAAAAAAAAAAAAAAAAAAAAAAAAAAAAAAA,,
0574bebd-028b-5f69-b92c-48d26d04afb1,,ACT-RHD:q_number_of_fetuses,Number of Fetuses,,"recoded from Text to Coded with live ACT registry's 4 answer options (1; 2; 3; Other); fixed 2026-10-05",Question,Coded,0713de9a-966e-5317-b240-7944f3412106; c42e289a-560f-53c9-98e9-70eb67995a34; 07b40e33-25f0-5b4b-b82b-23391c8b2e81; 5622AAAAAAAAAAAAAAAAAAAAAAAAAAAAAAAA,,
8245f302-13c3-5754-a199-95040901fbc4,true,ACT-RHD:q_pregnancy_number,Pregnancy Number,,"fabricated -- no equivalent found on the live ACT registry's Pregnancy form (full field list confirmed via live edit-mode input name enumeration); Gravidity/Parity already capture this; voided 2026-10-05",Question,Text,,,
06ffd716-291b-5aa2-bb50-b029e58cdcae,,ACT-RHD:q_gravidity,Gravidity,,"number of pregnancies",Question,Numeric,,,
7ae7a2b2-dc78-5519-998a-76640d778caa,,ACT-RHD:q_parity,Parity,,"number of births past 20 weeks",Question,Numeric,,,
09d79b49-7c3f-5500-983d-336219bb91fe,,ACT-RHD:q_reason_for_cesarean_section,Reason for cesarean section,,,Question,Text,,,
45971515-88d0-5707-83ed-4401f9247878,,ACT-RHD:q_describe_postpartum_complications,Describe Postpartum Complications Further,,,Question,Text,,,
9e97bc2d-971b-550a-9c4f-7bd1901e2370,,ACT-RHD:q_describe_neonatal_outcomes,Describe Neonatal Outcomes Further,,,Question,Text,,,
f287af86-af54-5c49-b716-9737c4f022b1,,ACT-RHD:q_date_of_service_pregnancy,Date of Service,,"added 2026-10-05 -- missing field found on live, first field on the Pregnancy form",Question,Date,,,
5951015b-a07a-5a41-8f22-7b9d09f7cb37,,ACT-RHD:q_date_of_delivery,Date of Delivery,,"added 2026-10-05 -- missing field found on live, between Number of Fetuses and Gestational Age",Question,Date,,,
94b36bd1-8ab3-514a-bd7d-3bc1d1ad66cd,,ACT-RHD:q_describe_maternal_cause_of_death_further,Describe Maternal Cause of Death Further,,"added 2026-10-05 -- missing field found on live, immediately after Maternal Cause of Death",Question,Text,,,
2927034b-a5c6-5440-aaf0-fb139f6c9897,,ACT-RHD:q_describe_neonatal_cause_of_death_further,Describe Neonatal Cause of Death Further,,"added 2026-10-05 -- missing field found on live, immediately after Neonatal Cause of Death",Question,Text,,,
080911f7-6428-5502-91ed-e70e1a1cc2d7,,ACT-RHD:infection_neonatal,Infection,,"added 2026-10-05 as a Neonatal Cause of Death answer option; no CIEL match found, custom concept",Misc,N/A,,,
a985a179-a255-512a-89e6-339d47f33c40,,ACT-RHD:prematurity,Prematurity,,"added 2026-10-05 as a Neonatal Cause of Death answer option; no CIEL match found, custom concept",Misc,N/A,,,
3464443b-5ff9-55b4-8792-49ac8aa58800,,ACT-RHD:other_infectious_disease,Other Infectious Disease,,"added 2026-10-05 as a Maternal Cause of Death answer option; no CIEL match found, custom concept",Misc,N/A,,,
0713de9a-966e-5317-b240-7944f3412106,,ACT-RHD:number_of_fetuses_1,Number of Fetuses: 1,,"added 2026-10-05 as a Number of Fetuses answer option; FSN disambiguated from the pre-existing bare '1'/'2'/'3' RACHs Score concepts (57eab69e.../d6c57238.../b3fdf658...), which caused a DuplicateConceptNameException when this concept's FSN was also bare '1'; form label stays the bare '1' matching live",Misc,N/A,,,
c42e289a-560f-53c9-98e9-70eb67995a34,,ACT-RHD:number_of_fetuses_2,Number of Fetuses: 2,,"added 2026-10-05 as a Number of Fetuses answer option; see Number of Fetuses: 1 note for why the FSN is disambiguated",Misc,N/A,,,
07b40e33-25f0-5b4b-b82b-23391c8b2e81,,ACT-RHD:number_of_fetuses_3,Number of Fetuses: 3,,"added 2026-10-05 as a Number of Fetuses answer option; see Number of Fetuses: 1 note for why the FSN is disambiguated",Misc,N/A,,,
