Uuid,Void/Retire,Same as mappings,Fully specified name:en,Short name:en,Description:en,Data class,Data type,Answers,_version:1,_order:1002
65c796e5-bd32-51c6-93f7-991ff3add2ef,,ACT-RHD:acute_heart_failure,Acute heart failure,,,Diagnosis,N/A,,,
cbfcf051-bee3-549d-b233-e5be0e7d691a,,ACT-RHD:acute_rheumatic_fever,Acute rheumatic fever,,,Diagnosis,N/A,,,
04477cd8-be14-5f8d-bf25-9acdc37f8f37,,ACT-RHD:adverse_drug_reaction,Adverse drug reaction,,,Diagnosis,N/A,,,
f149b958-f9b1-5df7-bd36-c6a97c1954c6,,ACT-RHD:anticoagulation_related_hemorrhage,Anticoagulation related hemorrhage,,,Diagnosis,N/A,,,
ed1565cd-48e8-553d-a331-e1b50fe8e226,,ACT-RHD:aortic_aneurysm,Aortic aneurysm,,,Diagnosis,N/A,,,
47b5f83b-1141-5ba2-b16f-f5f7bc1f3564,,ACT-RHD:aortopulmonary_window_aortic_septal_defect,Aortopulmonary Window/Aortic septal defect,,,Diagnosis,N/A,,,
718abe57-83b9-54e2-8a7a-b212a1548854,,ACT-RHD:arteriovenous_malformation_of_cerebral_vessels,Arteriovenous malformation of cerebral vessels,,,Diagnosis,N/A,,,
1ce7a216-79dc-5f5b-83b2-9b3e695cc1b7,,ACT-RHD:atrial_arrhythmia,Atrial arrhythmia,,,Diagnosis,N/A,,,
360334b9-03e5-5982-bd7d-add4928e198b,,ACT-RHD:atrioventricular_septal_defect_canal,Atrioventricular septal Defect/Canal,,,Diagnosis,N/A,,,
c90e84e4-50d1-52e2-ac5c-0303b4aad667,,ACT-RHD:chronic_headache,Chronic headache,,,Diagnosis,N/A,,,
9be8d87e-2ebc-59c4-a2cf-e35ce58f2b3c,,ACT-RHD:cirrhosis_liver_disease,Cirrhosis/liver disease,,,Diagnosis,N/A,,,
434b03dd-6ea6-5c67-a7dd-4fac48cbcda0,,ACT-RHD:coarctation_of_the_aorta,Coarctation of the aorta,,,Diagnosis,N/A,,,
f43e9a0e-38a2-58dc-8f6f-42bd5e1db86c,,ACT-RHD:congenital_aortic_and_or_mitral_valve_disorders,Congenital aortic and/or mitral valve disorders,,,Diagnosis,N/A,,,
365e75bb-35bc-503f-b8db-53bea2528d1b,,ACT-RHD:congenital_heart_disease,Congenital heart disease,,,Misc,N/A,,,
6f778415-8d94-57cd-81f4-4a0dfedcd90c,,ACT-RHD:congenital_pulmonic_stenosis,Congenital pulmonic stenosis,,,Diagnosis,N/A,,,
ceff3675-fc78-5a6d-8ce7-334c22c58397,,ACT-RHD:congenital_tricuspid_valve_disorders,Congenital tricuspid valve disorders,,,Diagnosis,N/A,,,
bd53c272-b058-5bd7-8b36-b8fc8fa38682,,ACT-RHD:dextrocardia,Dextrocardia,,,Diagnosis,N/A,,,
b0d85202-3ebb-5f7f-bd07-4d1778e68784,,ACT-RHD:dilated_cardiomyopathy,Dilated cardiomyopathy,,,Diagnosis,N/A,,,
b6946c83-6e27-5f91-85ad-2ae2d1ab5593,,ACT-RHD:endomyocardial_fibrosis,Endomyocardial fibrosis,,,Diagnosis,N/A,,,
29696a7f-8107-5dfb-a098-009044d4ef4c,,ACT-RHD:gastroesophageal_reflux,Gastroesophageal reflux,,,Diagnosis,N/A,,,
16449d48-575e-5898-b015-8b52c60c048c,,ACT-RHD:hiv,HIV,,,Diagnosis,N/A,,,
4f5a9af4-f725-59ea-923c-9dc68ef24ead,,ACT-RHD:heart_failure_diastolic,Heart failure - diastolic,,,Diagnosis,N/A,,,
e5a95ca8-dc55-5632-90cb-7c86156bfcc4,,ACT-RHD:heart_failure_systolic,Heart failure - systolic,,,Diagnosis,N/A,,,
87e47b58-c00c-509c-aec3-d2c4a4dcbed4,,ACT-RHD:hypertrophic_cardiomyopathy,Hypertrophic cardiomyopathy,,,Diagnosis,N/A,,,
1e6e4659-7c85-5f9c-b04e-4ad4f0ebbd19,,ACT-RHD:hypoplastic_left_heart_syndrome,Hypoplastic left heart syndrome,,,Diagnosis,N/A,,,
3d43a458-0acf-5c26-9c48-a31e266b94ea,,ACT-RHD:hypoplastic_right_heart_syndrome,Hypoplastic right heart syndrome,,,Diagnosis,N/A,,,
b3a93528-7fed-5050-bce3-85ca4d7a4ee4,,ACT-RHD:infective_endocarditis,Infective endocarditis,,,Diagnosis,N/A,,,
c69cabba-fe10-5e12-83ce-6e679150563d,,ACT-RHD:ischemic_heart_disease,Ischemic heart disease,,,Diagnosis,N/A,,,
70467d26-46da-572d-9dca-e3a58da7a431,,ACT-RHD:malformation_of_cardiac_chambers_connections,Malformation of cardiac Chambers/Connections,,,Diagnosis,N/A,,,
145d8dca-1d80-53d1-aa2d-a399379d2f53,,ACT-RHD:malignancy_cancer,Malignancy/Cancer,,,Diagnosis,N/A,,,
63c11284-c7a6-50f1-ab3a-49cd6cbd0432,,ACT-RHD:mitral_stenosis,Mitral stenosis,,,Diagnosis,N/A,,,
598db3f3-1f79-53ac-9aef-dce6871085e6,,ACT-RHD:mitral_valve_insufficiency_regurgitation,Mitral valve Insufficiency/Regurgitation,,,Diagnosis,N/A,,,
a84cd2f3-69e0-5137-a482-8888221e0199,,ACT-RHD:native_valve_endocarditis,Native valve endocarditis,,,Diagnosis,N/A,,,
00711966-7409-5c66-ad39-8f974cfe01b9,,ACT-RHD:non_rheumatic_aortic_stenosis,Non-rheumatic aortic stenosis,,,Diagnosis,N/A,,,
7c42e9be-5828-5d4c-8a6e-f713efe8a945,,ACT-RHD:other_heart_disease,Other heart disease,,,Misc,N/A,,,
d0e0283d-8c93-5807-aa27-d29240ce6ff4,,ACT-RHD:partial_anomalous_pulmonary_vein_return,Partial anomalous pulmonary vein return,,,Diagnosis,N/A,,,
be1e4879-6ba4-5101-8993-a0b718959939,,ACT-RHD:pulmonary_artery_atresia,Pulmonary artery atresia,,,Diagnosis,N/A,,,
c7600dee-6dfb-5c39-8e56-89bc92b14344,,ACT-RHD:pulmonary_infundibular_stenosis,Pulmonary infundibular stenosis,,,Diagnosis,N/A,,,
c73555dc-1b0a-50f3-af6f-b1802ff26bc4,,ACT-RHD:pulmonary_valve_atresia,Pulmonary valve atresia,,,Diagnosis,N/A,,,
490b4f2a-2421-56d3-b35e-c5c1c2e86ad2,,ACT-RHD:rhd_endocarditis,RHD - endocarditis,,,Diagnosis,N/A,,,
58c4ddcb-4c29-5099-9b50-1ed234567c19,,ACT-RHD:rhd_other,RHD - other,,,Diagnosis,N/A,,,
7cfaaf46-1939-5437-8d40-31095cb29812,,ACT-RHD:rhd_a,RHD A,,,Diagnosis,N/A,,,
2a648c80-594c-5442-bdfc-70e7472ef5b7,,ACT-RHD:rhd_b,RHD B,,,Diagnosis,N/A,,,
8c2f337a-99b3-5f76-8312-1cee4336309c,,ACT-RHD:rhd_c_rhd_d,RHD C/RHD D,,,Diagnosis,N/A,,,
63d83a53-19cd-55ac-8360-0e6dcc486f31,,ACT-RHD:restrictive_cardiomyopathy,Restrictive cardiomyopathy,,,Diagnosis,N/A,,,
4e529463-2036-5327-ad69-7cbd39df86a1,,ACT-RHD:rheumatic_heart_disease_rheumatic_fever,Rheumatic heart Disease/Rheumatic fever,,,Misc,N/A,,,
dfb474c5-1fa7-5c27-85eb-48642d0dcbaa,,ACT-RHD:sickle_cell_disease,Sickle cell disease,,,Diagnosis,N/A,,,
41b1a801-9d9d-5687-9de5-39e89c73c8c7,,ACT-RHD:stroke,Stroke,,,Diagnosis,N/A,,,
ce31967e-bf40-5034-9a04-c6b9a9771bb6,,ACT-RHD:substance_use_disorder,Substance-use disorder,,,Diagnosis,N/A,,,
033d2bde-3bb1-560e-b363-4fa3f4429ffa,,ACT-RHD:total_anomalous_pulmonary_vein_return,Total anomalous pulmonary vein return,,,Diagnosis,N/A,,,
0ed5febb-c749-5592-9285-37d45d4435d7,,ACT-RHD:transposition_of_the_great_arteries,Transposition of the great arteries,,,Diagnosis,N/A,,,
69a18712-03ce-5ac0-af10-b08602085043,,ACT-RHD:trauma,Trauma,,,Diagnosis,N/A,,,
26efc011-a60d-528a-96f3-c96e75679073,,ACT-RHD:tricuspid_atresia_stenosis,Tricuspid Atresia/Stenosis,,,Diagnosis,N/A,,,
267cf1b5-c9f4-520f-b69c-7ea473db8fef,,ACT-RHD:within_30_days_of_cardiac_catheterization,Within 30-days of cardiac catheterization,,,Diagnosis,N/A,,,
bea38eeb-60e2-5409-b89e-3d9ac08c660b,,ACT-RHD:within_30_days_of_cardiac_surgery,Within 30-days of cardiac surgery,,,Diagnosis,N/A,,,
