{"type": "Collection Version", "uuid": "11532", "id": "1", "short_code": "QueueSampleConcepts", "name": "QueueSampleConcepts", "full_name": "QueueSampleConcepts", "description": "Sample concepts for the Service Delivery Queues. Wiki page here: https://wiki.openmrs.org/x/LArDDw", "collection_type": "Dictionary", "custom_validation_schema": "OpenMRS", "public_access": "View", "default_locale": "en", "supported_locales": ["en", "fr", "sw"], "website": "", "url": "/orgs/openmrs/collections/QueueSampleConcepts/", "owner": "openmrs", "owner_type": "Organization", "owner_url": "/orgs/openmrs/", "version_url": "/orgs/openmrs/collections/QueueSampleConcepts/1/", "previous_version_url": "/orgs/openmrs/collections/QueueSampleConcepts/", "created_on": "2022-02-23T16:53:30.929838Z", "updated_on": "2022-02-23T16:53:30.929856Z", "created_by": "gpotma", "updated_by": "gpotma", "extras": {}, "external_id": "6fbd8805-4bc7-4583-9bf4-c042cc4092fe", "version": "1", "concepts_url": "/orgs/openmrs/collections/QueueSampleConcepts/1/concepts/", "mappings_url": "/orgs/openmrs/collections/QueueSampleConcepts/1/mappings/", "is_processing": true, "released": true, "retired": false, "canonical_url": null, "identifier": {}, "publisher": null, "contact": {}, "jurisdiction": {}, "purpose": null, "copyright": null, "meta": null, "immutable": null, "revision_date": null, "text": null, "experimental": null, "locked_date": null, "collection": {"id": "QueueSampleConcepts", "url": "/orgs/openmrs/collections/QueueSampleConcepts/", "meta": null, "name": "QueueSampleConcepts", "text": null, "type": "Collection", "uuid": "11531", "owner": "openmrs", "extras": {"source": "/orgs/openmrs/sources/QueueSampleConcepts/"}, "contact": {}, "purpose": null, "version": "HEAD", "website": "", "logo_url": null, "copyright": null, "full_name": "QueueSampleConcepts", "immutable": null, "owner_url": "/orgs/openmrs/", "publisher": null, "created_by": "gpotma", "created_on": "2022-02-23T16:46:44.356481Z", "identifier": {}, "owner_type": "Organization", "references": [], "short_code": "QueueSampleConcepts", "updated_by": "gpotma", "updated_on": "2022-02-23T16:53:01.871142Z", "description": "Sample concepts for the Service Delivery Queues. Wiki page here: https://wiki.openmrs.org/x/LArDDw", "external_id": "6fbd8805-4bc7-4583-9bf4-c042cc4092fe", "locked_date": null, "concepts_url": "/orgs/openmrs/collections/QueueSampleConcepts/concepts/", "experimental": null, "jurisdiction": {}, "mappings_url": "/orgs/openmrs/collections/QueueSampleConcepts/mappings/", "versions_url": "/orgs/openmrs/collections/QueueSampleConcepts/versions/", "canonical_url": null, "public_access": "View", "revision_date": null, "default_locale": "en", "collection_type": "Dictionary", "repository_type": "Collection", "preferred_source": "CIEL", "supported_locales": ["en", "fr", "sw"], "custom_validation_schema": "OpenMRS", "custom_resources_linked_source": ""}, "concepts": [{"type": "Concept", "uuid": "1566106", "id": "RApriority", "external_id": "96105db1-abbf-48d2-8a52-a1d561fd8c90", "concept_class": "ConvSet", "datatype": "N/A", "display_name": "Priority", "display_locale": "en", "names": [{"uuid": "1862188", "name": "Priority", "external_id": "3179b5da-2884-47fd-9261-4988adc06726", "type": "ConceptName", "locale": "en", "locale_preferred": true, "name_type": "FULLY_SPECIFIED"}, {"uuid": "1862189", "name": "Priority Convenience Set", "external_id": "47b8a92b-4efa-4ad4-9036-15d3fdfc8384", "type": "ConceptName", "locale": "en", "locale_preferred": false, "name_type": null}, {"uuid": "1862190", "name": "Queue Priority", "external_id": "a6d6acd6-8e3f-4c9e-944d-ca4eefb0ca26", "type": "ConceptName", "locale": "en", "locale_preferred": false, "name_type": null}], "descriptions": [{"uuid": "1862191", "description": "A convenience set of priority levels for patient in a list (e.g. a waitroom queue)", "external_id": "afd41d1a-5b11-4b19-a3c7-4adf1292c259", "type": "ConceptDescription", "locale": "en", "locale_preferred": true, "description_type": null}], "extras": {}, "retired": false, "source": "refapp-sample-data", "source_url": "/orgs/openmrs/sources/refapp-sample-data/", "owner": "openmrs", "owner_name": "openmrs", "owner_url": "/orgs/openmrs/", "version": "1566106", "created_on": "2022-02-23T16:52:59.110978Z", "updated_on": "2022-02-23T16:52:59.122547Z", "version_created_on": "2022-02-23T16:52:59.110978Z", "version_created_by": "gpotma", "update_comment": null, "is_latest_version": true, "locale": null, "url": "/orgs/openmrs/sources/refapp-sample-data/concepts/RApriority/", "owner_type": "Organization", "version_url": "/orgs/openmrs/sources/refapp-sample-data/concepts/RApriority/1566106/", "previous_version_url": "/orgs/openmrs/sources/refapp-sample-data/concepts/RApriority/1502829/", "parent_concept_urls": [], "child_concept_urls": []}, {"type": "Concept", "uuid": "1566105", "id": "RApriority-urgent", "external_id": "43fcb9e8-cc07-427d-86ad-67c23a3a6292", "concept_class": "Misc", "datatype": "N/A", "display_name": "Urgent", "display_locale": "en", "names": [{"uuid": "1862186", "name": "Urgent", "external_id": "8b019bd1-f9f8-4bb6-87c2-aab660de7b4d", "type": "ConceptName", "locale": "en", "locale_preferred": true, "name_type": "FULLY_SPECIFIED"}], "descriptions": [{"uuid": "1862187", "description": "Priority for patient to be seen or for next action to be taken is \"Urgent\"; i.e. in-between \"Emergency\" and \"Not-Urgent\".", "external_id": "65bcdc9f-b18c-4c73-af58-2442f137707b", "type": "ConceptDescription", "locale": "en", "locale_preferred": false, "description_type": null}], "extras": {}, "retired": false, "source": "QueueSampleConcepts", "source_url": "/orgs/openmrs/sources/QueueSampleConcepts/", "owner": "openmrs", "owner_name": "openmrs", "owner_url": "/orgs/openmrs/", "version": "1566105", "created_on": "2022-02-23T16:51:37.138355Z", "updated_on": "2022-02-23T16:51:37.156898Z", "version_created_on": "2022-02-23T16:51:37.138355Z", "version_created_by": "gpotma", "update_comment": null, "is_latest_version": true, "locale": null, "url": "/orgs/openmrs/sources/QueueSampleConcepts/concepts/RApriority-urgent/", "owner_type": "Organization", "version_url": "/orgs/openmrs/sources/QueueSampleConcepts/concepts/RApriority-urgent/1566105/", "previous_version_url": null, "parent_concept_urls": [], "child_concept_urls": []}, {"type": "Concept", "uuid": "1502841", "id": "RAstatus", "external_id": "c1ce590f-586a-4855-afce-e2e5b1787b45", "concept_class": "ConvSet", "datatype": "N/A", "display_name": "Status", "display_locale": "en", "names": [{"uuid": "1799418", "name": "Status", "external_id": "ab4c09f3-26f3-4844-8ac9-7891f1da3f5e", "type": "ConceptName", "locale": "en", "locale_preferred": true, "name_type": "FULLY_SPECIFIED"}], "descriptions": [{"uuid": "1799419", "description": "Convenience set to represent patient's status in a queue, or stage in a workflow (e.g. awaiting triage)", "external_id": "4dbd66b4-fb59-4f08-b194-27defd5af7ae", "type": "ConceptDescription", "locale": "en", "locale_preferred": false, "description_type": null}], "extras": {}, "retired": false, "source": "refapp-sample-data", "source_url": "/orgs/openmrs/sources/refapp-sample-data/", "owner": "openmrs", "owner_name": "openmrs", "owner_url": "/orgs/openmrs/", "version": "1502841", "created_on": "2022-02-16T17:46:03.093186Z", "updated_on": "2022-02-16T17:46:03.097364Z", "version_created_on": "2022-02-16T17:46:03.093186Z", "version_created_by": "gpotma", "update_comment": null, "is_latest_version": true, "locale": null, "url": "/orgs/openmrs/sources/refapp-sample-data/concepts/RAstatus/", "owner_type": "Organization", "version_url": "/orgs/openmrs/sources/refapp-sample-data/concepts/RAstatus/1502841/", "previous_version_url": "/orgs/openmrs/sources/refapp-sample-data/concepts/RAstatus/1502831/", "parent_concept_urls": [], "child_concept_urls": []}, {"type": "Concept", "uuid": "1502840", "id": "RAstatus-finishedService", "external_id": "3af94e1e-7262-468d-8478-bf1a4c109ff6", "concept_class": "Misc", "datatype": "N/A", "display_name": "Finished Service", "display_locale": "en", "names": [{"uuid": "1799417", "name": "Finished Service", "external_id": "8fff46ec-025f-4892-8fc8-d4bf3db43205", "type": "ConceptName", "locale": "en", "locale_preferred": true, "name_type": "FULLY_SPECIFIED"}], "descriptions": [], "extras": {}, "retired": false, "source": "refapp-sample-data", "source_url": "/orgs/openmrs/sources/refapp-sample-data/", "owner": "openmrs", "owner_name": "openmrs", "owner_url": "/orgs/openmrs/", "version": "1502840", "created_on": "2022-02-16T17:45:23.096878Z", "updated_on": "2022-02-16T17:45:23.106374Z", "version_created_on": "2022-02-16T17:45:23.096878Z", "version_created_by": "gpotma", "update_comment": null, "is_latest_version": true, "locale": null, "url": "/orgs/openmrs/sources/refapp-sample-data/concepts/RAstatus-finishedService/", "owner_type": "Organization", "version_url": "/orgs/openmrs/sources/refapp-sample-data/concepts/RAstatus-finishedService/1502840/", "previous_version_url": null, "parent_concept_urls": [], "child_concept_urls": []}, {"type": "Concept", "uuid": "1502838", "id": "RA-status-in-service", "external_id": "e23530d0-e1ff-458b-b0dc-afd4d3fcf276", "concept_class": "Misc", "datatype": "N/A", "display_name": "In Service", "display_locale": "en", "names": [{"uuid": "1799416", "name": "In Service", "external_id": "12ce6c6c-0209-45be-b896-f5717ca68527", "type": "ConceptName", "locale": "en", "locale_preferred": true, "name_type": "FULLY_SPECIFIED"}], "descriptions": [], "extras": {}, "retired": false, "source": "refapp-sample-data", "source_url": "/orgs/openmrs/sources/refapp-sample-data/", "owner": "openmrs", "owner_name": "openmrs", "owner_url": "/orgs/openmrs/", "version": "1502838", "created_on": "2022-02-16T17:44:40.965165Z", "updated_on": "2022-02-16T17:44:40.981196Z", "version_created_on": "2022-02-16T17:44:40.965165Z", "version_created_by": "gpotma", "update_comment": null, "is_latest_version": true, "locale": null, "url": "/orgs/openmrs/sources/refapp-sample-data/concepts/RA-status-in-service/", "owner_type": "Organization", "version_url": "/orgs/openmrs/sources/refapp-sample-data/concepts/RA-status-in-service/1502838/", "previous_version_url": null, "parent_concept_urls": [], "child_concept_urls": []}, {"type": "Concept", "uuid": "1502836", "id": "RAstatus-waiting", "external_id": "aaec62b1-4b03-4166-ada7-230cb4b4aaaa", "concept_class": "Misc", "datatype": "N/A", "display_name": "Waiting", "display_locale": "en", "names": [{"uuid": "1799415", "name": "Waiting", "external_id": "9df7951b-237c-443e-919d-48db6141675e", "type": "ConceptName", "locale": "en", "locale_preferred": true, "name_type": "FULLY_SPECIFIED"}], "descriptions": [], "extras": {}, "retired": false, "source": "refapp-sample-data", "source_url": "/orgs/openmrs/sources/refapp-sample-data/", "owner": "openmrs", "owner_name": "openmrs", "owner_url": "/orgs/openmrs/", "version": "1502836", "created_on": "2022-02-16T17:42:36.818583Z", "updated_on": "2022-02-16T17:42:36.826283Z", "version_created_on": "2022-02-16T17:42:36.818583Z", "version_created_by": "gpotma", "update_comment": null, "is_latest_version": true, "locale": null, "url": "/orgs/openmrs/sources/refapp-sample-data/concepts/RAstatus-waiting/", "owner_type": "Organization", "version_url": "/orgs/openmrs/sources/refapp-sample-data/concepts/RAstatus-waiting/1502836/", "previous_version_url": null, "parent_concept_urls": [], "child_concept_urls": []}, {"type": "Concept", "uuid": "1502834", "id": "RAservice", "external_id": "330c0ec6-0ac7-4b86-9c70-29d76f0ae20a", "concept_class": "ConvSet", "datatype": "N/A", "display_name": "Service", "display_locale": "en", "names": [{"uuid": "1799414", "name": "Service", "external_id": "270eb7cf-bcd2-4570-bb74-25c328ba0127", "type": "ConceptName", "locale": "en", "locale_preferred": true, "name_type": "FULLY_SPECIFIED"}], "descriptions": [], "extras": {}, "retired": false, "source": "refapp-sample-data", "source_url": "/orgs/openmrs/sources/refapp-sample-data/", "owner": "openmrs", "owner_name": "openmrs", "owner_url": "/orgs/openmrs/", "version": "1502834", "created_on": "2022-02-16T17:40:56.123496Z", "updated_on": "2022-02-16T17:40:56.126155Z", "version_created_on": "2022-02-16T17:40:56.123496Z", "version_created_by": "gpotma", "update_comment": null, "is_latest_version": true, "locale": null, "url": "/orgs/openmrs/sources/refapp-sample-data/concepts/RAservice/", "owner_type": "Organization", "version_url": "/orgs/openmrs/sources/refapp-sample-data/concepts/RAservice/1502834/", "previous_version_url": "/orgs/openmrs/sources/refapp-sample-data/concepts/RAservice/1502833/", "parent_concept_urls": [], "child_concept_urls": []}, {"type": "Concept", "uuid": "1502828", "id": "RAclinicalconsultation", "external_id": "bd9ead05-d20c-4d04-ba1f-ebb172e4e064", "concept_class": "Misc", "datatype": "N/A", "display_name": "Clinical Consultation", "display_locale": "en", "names": [{"uuid": "1799402", "name": "Clinical Consultation", "external_id": "11cbe58b-d82e-487e-9d64-feeb3ee5fd6d", "type": "ConceptName", "locale": "en", "locale_preferred": true, "name_type": "FULLY_SPECIFIED"}, {"uuid": "1799403", "name": "In Clinical Consultation", "external_id": "e9252c42-dbad-4ed9-8a37-5a0d962ff3ca", "type": "ConceptName", "locale": "en", "locale_preferred": false, "name_type": null}, {"uuid": "1799404", "name": "With Clinician", "external_id": "dd54c211-d7f9-47cc-b922-beadba663598", "type": "ConceptName", "locale": "en", "locale_preferred": false, "name_type": null}], "descriptions": [], "extras": {}, "retired": false, "source": "refapp-sample-data", "source_url": "/orgs/openmrs/sources/refapp-sample-data/", "owner": "openmrs", "owner_name": "openmrs", "owner_url": "/orgs/openmrs/", "version": "1502828", "created_on": "2022-02-16T17:33:16.822747Z", "updated_on": "2022-02-16T17:33:16.830338Z", "version_created_on": "2022-02-16T17:33:16.822747Z", "version_created_by": "gpotma", "update_comment": null, "is_latest_version": true, "locale": null, "url": "/orgs/openmrs/sources/refapp-sample-data/concepts/RAclinicalconsultation/", "owner_type": "Organization", "version_url": "/orgs/openmrs/sources/refapp-sample-data/concepts/RAclinicalconsultation/1502828/", "previous_version_url": null, "parent_concept_urls": [], "child_concept_urls": []}, {"type": "Concept", "uuid": "1502826", "id": "RAtriage", "external_id": "ba2e7f77-0d5f-4b38-af66-8ea1b716d10c", "concept_class": "Misc", "datatype": "N/A", "display_name": "Triage", "display_locale": "en", "names": [{"uuid": "1799400", "name": "In triage", "external_id": "39a95db7-49b3-4e87-9005-b0a5a1d07bc4", "type": "ConceptName", "locale": "en", "locale_preferred": false, "name_type": null}, {"uuid": "1799401", "name": "Being triaged", "external_id": "f0bfb629-58d8-409d-91af-3d8da13c676c", "type": "ConceptName", "locale": "en", "locale_preferred": false, "name_type": null}, {"uuid": "1799399", "name": "Triage", "external_id": "80c1c754-3ebd-4200-a2e7-29f872c72dc4", "type": "ConceptName", "locale": "en", "locale_preferred": true, "name_type": "FULLY_SPECIFIED"}], "descriptions": [], "extras": {}, "retired": false, "source": "refapp-sample-data", "source_url": "/orgs/openmrs/sources/refapp-sample-data/", "owner": "openmrs", "owner_name": "openmrs", "owner_url": "/orgs/openmrs/", "version": "1502826", "created_on": "2022-02-16T17:32:22.306465Z", "updated_on": "2022-02-16T17:32:22.313682Z", "version_created_on": "2022-02-16T17:32:22.306465Z", "version_created_by": "gpotma", "update_comment": null, "is_latest_version": true, "locale": null, "url": "/orgs/openmrs/sources/refapp-sample-data/concepts/RAtriage/", "owner_type": "Organization", "version_url": "/orgs/openmrs/sources/refapp-sample-data/concepts/RAtriage/1502826/", "previous_version_url": null, "parent_concept_urls": [], "child_concept_urls": []}, {"type": "Concept", "uuid": "1502822", "id": "RAemergency", "external_id": "b6a84ad0-c5e6-4a37-896e-5b7a0bccfd6c", "concept_class": "Finding", "datatype": "N/A", "display_name": "Emergency", "display_locale": "en", "names": [{"uuid": "1799395", "name": "Emergency", "external_id": "e0f17c46-8479-4f87-a7ce-d5fe215cb905", "type": "ConceptName", "locale": "en", "locale_preferred": true, "name_type": "FULLY_SPECIFIED"}, {"uuid": "1799396", "name": "Emergent", "external_id": "83c51185-3744-433c-8d15-668e88f7cd1b", "type": "ConceptName", "locale": "en", "locale_preferred": false, "name_type": null}], "descriptions": [], "extras": {}, "retired": false, "source": "refapp-sample-data", "source_url": "/orgs/openmrs/sources/refapp-sample-data/", "owner": "openmrs", "owner_name": "openmrs", "owner_url": "/orgs/openmrs/", "version": "1502822", "created_on": "2022-02-16T17:30:39.437767Z", "updated_on": "2022-02-16T17:30:39.444454Z", "version_created_on": "2022-02-16T17:30:39.437767Z", "version_created_by": "gpotma", "update_comment": null, "is_latest_version": true, "locale": null, "url": "/orgs/openmrs/sources/refapp-sample-data/concepts/RAemergency/", "owner_type": "Organization", "version_url": "/orgs/openmrs/sources/refapp-sample-data/concepts/RAemergency/1502822/", "previous_version_url": null, "parent_concept_urls": [], "child_concept_urls": []}, {"type": "Concept", "uuid": "1502820", "id": "RAnoturgent", "external_id": "f9684018-a4d3-4d6f-9dd5-b4b1e89af3e7", "concept_class": "Finding", "datatype": "N/A", "display_name": "Not Urgent", "display_locale": "en", "names": [{"uuid": "1799393", "name": "Not Urgent", "external_id": "95c9679b-1327-4d8b-87e9-6fb6e35a6af3", "type": "ConceptName", "locale": "en", "locale_preferred": true, "name_type": "FULLY_SPECIFIED"}, {"uuid": "1799394", "name": "Non-urgent", "external_id": "fdcb34bb-b89c-41d4-b56b-42bd9a372f3b", "type": "ConceptName", "locale": "en", "locale_preferred": false, "name_type": null}], "descriptions": [], "extras": {}, "retired": false, "source": "refapp-sample-data", "source_url": "/orgs/openmrs/sources/refapp-sample-data/", "owner": "openmrs", "owner_name": "openmrs", "owner_url": "/orgs/openmrs/", "version": "1502820", "created_on": "2022-02-16T17:30:04.065608Z", "updated_on": "2022-02-16T17:30:04.072911Z", "version_created_on": "2022-02-16T17:30:04.065608Z", "version_created_by": "gpotma", "update_comment": null, "is_latest_version": true, "locale": null, "url": "/orgs/openmrs/sources/refapp-sample-data/concepts/RAnoturgent/", "owner_type": "Organization", "version_url": "/orgs/openmrs/sources/refapp-sample-data/concepts/RAnoturgent/1502820/", "previous_version_url": null, "parent_concept_urls": [], "child_concept_urls": []}], "references": [{"expression": "/orgs/openmrs/sources/refapp-sample-data/concepts/RApriority/1566106/", "reference_type": "concepts", "id": 341559, "last_resolved_at": "2022-02-23T16:53:31.051150Z"}, {"expression": "/orgs/openmrs/sources/refapp-sample-data/mappings/2324949/2324950/", "reference_type": "mappings", "id": 341558, "last_resolved_at": "2022-02-23T16:53:31.051139Z"}, {"expression": "/orgs/openmrs/sources/refapp-sample-data/mappings/2011900/2324947/", "reference_type": "mappings", "id": 341557, "last_resolved_at": "2022-02-23T16:53:31.051127Z"}, {"expression": "/orgs/openmrs/sources/refapp-sample-data/mappings/2011902/2324948/", "reference_type": "mappings", "id": 341556, "last_resolved_at": "2022-02-23T16:53:31.051114Z"}, {"expression": "/orgs/openmrs/sources/QueueSampleConcepts/concepts/RApriority-urgent/1566105/", "reference_type": "concepts", "id": 341555, "last_resolved_at": "2022-02-23T16:53:31.051102Z"}, {"expression": "/orgs/openmrs/sources/refapp-sample-data/concepts/RAtriage/1502826/", "reference_type": "concepts", "id": 341554, "last_resolved_at": "2022-02-23T16:53:31.051090Z"}, {"expression": "/orgs/openmrs/sources/refapp-sample-data/concepts/RA-status-in-service/1502838/", "reference_type": "concepts", "id": 341553, "last_resolved_at": "2022-02-23T16:53:31.051079Z"}, {"expression": "/orgs/openmrs/sources/refapp-sample-data/concepts/RAstatus-finishedService/1502840/", "reference_type": "concepts", "id": 341552, "last_resolved_at": "2022-02-23T16:53:31.051067Z"}, {"expression": "/orgs/openmrs/sources/refapp-sample-data/mappings/2011906/2011915/", "reference_type": "mappings", "id": 341551, "last_resolved_at": "2022-02-23T16:53:31.051055Z"}, {"expression": "/orgs/openmrs/sources/refapp-sample-data/concepts/RAstatus/1502841/", "reference_type": "concepts", "id": 341550, "last_resolved_at": "2022-02-23T16:53:31.051043Z"}, {"expression": "/orgs/openmrs/sources/refapp-sample-data/mappings/2011912/2011913/", "reference_type": "mappings", "id": 341549, "last_resolved_at": "2022-02-23T16:53:31.051030Z"}, {"expression": "/orgs/openmrs/sources/refapp-sample-data/concepts/RAclinicalconsultation/1502828/", "reference_type": "concepts", "id": 341548, "last_resolved_at": "2022-02-23T16:53:31.051018Z"}, {"expression": "/orgs/openmrs/sources/refapp-sample-data/concepts/RAnoturgent/1502820/", "reference_type": "concepts", "id": 341547, "last_resolved_at": "2022-02-23T16:53:31.051005Z"}, {"expression": "/orgs/openmrs/sources/refapp-sample-data/mappings/2011920/2011921/", "reference_type": "mappings", "id": 341546, "last_resolved_at": "2022-02-23T16:53:31.050993Z"}, {"expression": "/orgs/openmrs/sources/refapp-sample-data/mappings/2011916/2011917/", "reference_type": "mappings", "id": 341545, "last_resolved_at": "2022-02-23T16:53:31.050980Z"}, {"expression": "/orgs/openmrs/sources/refapp-sample-data/mappings/2011918/2011919/", "reference_type": "mappings", "id": 341544, "last_resolved_at": "2022-02-23T16:53:31.050969Z"}, {"expression": "/orgs/openmrs/sources/refapp-sample-data/mappings/2011910/2011911/", "reference_type": "mappings", "id": 341543, "last_resolved_at": "2022-02-23T16:53:31.050957Z"}, {"expression": "/orgs/openmrs/sources/refapp-sample-data/concepts/RAemergency/1502822/", "reference_type": "concepts", "id": 341542, "last_resolved_at": "2022-02-23T16:53:31.050944Z"}, {"expression": "/orgs/openmrs/sources/refapp-sample-data/concepts/RAservice/1502834/", "reference_type": "concepts", "id": 341541, "last_resolved_at": "2022-02-23T16:53:31.050932Z"}, {"expression": "/orgs/openmrs/sources/refapp-sample-data/concepts/RAstatus-waiting/1502836/", "reference_type": "concepts", "id": 341540, "last_resolved_at": "2022-02-23T16:53:31.050917Z"}, {"expression": "/orgs/openmrs/sources/refapp-sample-data/mappings/2011904/2011914/", "reference_type": "mappings", "id": 341539, "last_resolved_at": "2022-02-23T16:53:31.050896Z"}], "mappings": [{"external_id": "38dc9f52-c328-4ebd-8230-9c2bb7583533", "retired": false, "map_type": "CONCEPT-SET", "source": "refapp-sample-data", "owner": "openmrs", "owner_type": "Organization", "from_concept_code": "RApriority", "from_concept_name": null, "from_concept_url": "/orgs/openmrs/sources/refapp-sample-data/concepts/RApriority/", "to_concept_code": "RApriority-urgent", "to_concept_name": "Urgent", "to_concept_url": "/orgs/openmrs/sources/QueueSampleConcepts/concepts/RApriority-urgent/", "from_source_owner": "openmrs", "from_source_owner_type": "Organization", "from_source_url": "/orgs/openmrs/sources/refapp-sample-data/", "from_source_name": "refapp-sample-data", "to_source_owner": "openmrs", "to_source_owner_type": "Organization", "to_source_url": "/orgs/openmrs/sources/QueueSampleConcepts/", "to_source_name": "QueueSampleConcepts", "url": "/orgs/openmrs/sources/refapp-sample-data/mappings/2324949/", "version": "2324950", "id": "2324949", "versioned_object_id": 2324949, "versioned_object_url": "/orgs/openmrs/sources/refapp-sample-data/mappings/2324949/", "is_latest_version": true, "update_comment": null, "version_url": "/orgs/openmrs/sources/refapp-sample-data/mappings/2324949/2324950/", "uuid": "2324950", "version_created_on": "2022-02-23T16:53:00.623589Z", "from_source_version": null, "to_source_version": null, "from_concept_name_resolved": "Priority", "to_concept_name_resolved": "Urgent", "extras": {}, "type": "Mapping", "created_on": "2022-02-23T16:53:00.623589Z", "updated_on": "2022-02-23T16:53:00.633885Z", "created_by": "ocladmin", "updated_by": "ocladmin", "public_can_view": true}, {"external_id": "5a196bff-ecae-4b3f-8e99-f305f7af10d6", "retired": false, "map_type": "CONCEPT-SET", "source": "refapp-sample-data", "owner": "openmrs", "owner_type": "Organization", "from_concept_code": "RApriority", "from_concept_name": null, "from_concept_url": "/orgs/openmrs/sources/refapp-sample-data/concepts/RApriority/", "to_concept_code": "RAnoturgent", "to_concept_name": "Not Urgent", "to_concept_url": "/orgs/openmrs/sources/refapp-sample-data/concepts/RAnoturgent/", "from_source_owner": "openmrs", "from_source_owner_type": "Organization", "from_source_url": "/orgs/openmrs/sources/refapp-sample-data/", "from_source_name": "refapp-sample-data", "to_source_owner": "openmrs", "to_source_owner_type": "Organization", "to_source_url": "/orgs/openmrs/sources/refapp-sample-data/", "to_source_name": "refapp-sample-data", "url": "/orgs/openmrs/sources/refapp-sample-data/mappings/2011902/", "version": "2324948", "id": "2011902", "versioned_object_id": 2011902, "versioned_object_url": "/orgs/openmrs/sources/refapp-sample-data/mappings/2011902/", "is_latest_version": true, "update_comment": null, "version_url": "/orgs/openmrs/sources/refapp-sample-data/mappings/2011902/2324948/", "uuid": "2324948", "version_created_on": "2022-02-23T16:52:59.974301Z", "from_source_version": null, "to_source_version": null, "from_concept_name_resolved": "Priority", "to_concept_name_resolved": "Not Urgent", "extras": {}, "type": "Mapping", "created_on": "2022-02-23T16:52:59.974301Z", "updated_on": "2022-02-23T16:52:59.978213Z", "created_by": "gpotma", "updated_by": "gpotma", "public_can_view": true}, {"external_id": "478d6e12-b259-4da8-afd5-215053d0dfe7", "retired": false, "map_type": "CONCEPT-SET", "source": "refapp-sample-data", "owner": "openmrs", "owner_type": "Organization", "from_concept_code": "RApriority", "from_concept_name": null, "from_concept_url": "/orgs/openmrs/sources/refapp-sample-data/concepts/RApriority/", "to_concept_code": "RAemergency", "to_concept_name": "Emergency", "to_concept_url": "/orgs/openmrs/sources/refapp-sample-data/concepts/RAemergency/", "from_source_owner": "openmrs", "from_source_owner_type": "Organization", "from_source_url": "/orgs/openmrs/sources/refapp-sample-data/", "from_source_name": "refapp-sample-data", "to_source_owner": "openmrs", "to_source_owner_type": "Organization", "to_source_url": "/orgs/openmrs/sources/refapp-sample-data/", "to_source_name": "refapp-sample-data", "url": "/orgs/openmrs/sources/refapp-sample-data/mappings/2011900/", "version": "2324947", "id": "2011900", "versioned_object_id": 2011900, "versioned_object_url": "/orgs/openmrs/sources/refapp-sample-data/mappings/2011900/", "is_latest_version": true, "update_comment": null, "version_url": "/orgs/openmrs/sources/refapp-sample-data/mappings/2011900/2324947/", "uuid": "2324947", "version_created_on": "2022-02-23T16:52:59.597932Z", "from_source_version": null, "to_source_version": null, "from_concept_name_resolved": "Priority", "to_concept_name_resolved": "Emergency", "extras": {}, "type": "Mapping", "created_on": "2022-02-23T16:52:59.597932Z", "updated_on": "2022-02-23T16:52:59.626586Z", "created_by": "gpotma", "updated_by": "gpotma", "public_can_view": true}, {"external_id": "02dc5f84-9cab-43c8-a3f3-87c963cf140d", "retired": false, "map_type": "CONCEPT-SET", "source": "refapp-sample-data", "owner": "openmrs", "owner_type": "Organization", "from_concept_code": "RAstatus", "from_concept_name": null, "from_concept_url": "/orgs/openmrs/sources/refapp-sample-data/concepts/RAstatus/", "to_concept_code": "RAstatus-finishedService", "to_concept_name": "Finished Service", "to_concept_url": "/orgs/openmrs/sources/refapp-sample-data/concepts/RAstatus-finishedService/", "from_source_owner": "openmrs", "from_source_owner_type": "Organization", "from_source_url": "/orgs/openmrs/sources/refapp-sample-data/", "from_source_name": "refapp-sample-data", "to_source_owner": "openmrs", "to_source_owner_type": "Organization", "to_source_url": "/orgs/openmrs/sources/refapp-sample-data/", "to_source_name": "refapp-sample-data", "url": "/orgs/openmrs/sources/refapp-sample-data/mappings/2011920/", "version": "2011921", "id": "2011920", "versioned_object_id": 2011920, "versioned_object_url": "/orgs/openmrs/sources/refapp-sample-data/mappings/2011920/", "is_latest_version": true, "update_comment": null, "version_url": "/orgs/openmrs/sources/refapp-sample-data/mappings/2011920/2011921/", "uuid": "2011921", "version_created_on": "2022-02-16T17:46:04.804460Z", "from_source_version": null, "to_source_version": null, "from_concept_name_resolved": "Status", "to_concept_name_resolved": "Finished Service", "extras": {}, "type": "Mapping", "created_on": "2022-02-16T17:46:04.804460Z", "updated_on": "2022-02-16T17:46:04.815445Z", "created_by": "ocladmin", "updated_by": "ocladmin", "public_can_view": true}, {"external_id": "4198d364-f863-4a06-804c-8f4d7b35ac1c", "retired": false, "map_type": "CONCEPT-SET", "source": "refapp-sample-data", "owner": "openmrs", "owner_type": "Organization", "from_concept_code": "RAstatus", "from_concept_name": null, "from_concept_url": "/orgs/openmrs/sources/refapp-sample-data/concepts/RAstatus/", "to_concept_code": "RA-status-in-service", "to_concept_name": "In Service", "to_concept_url": "/orgs/openmrs/sources/refapp-sample-data/concepts/RA-status-in-service/", "from_source_owner": "openmrs", "from_source_owner_type": "Organization", "from_source_url": "/orgs/openmrs/sources/refapp-sample-data/", "from_source_name": "refapp-sample-data", "to_source_owner": "openmrs", "to_source_owner_type": "Organization", "to_source_url": "/orgs/openmrs/sources/refapp-sample-data/", "to_source_name": "refapp-sample-data", "url": "/orgs/openmrs/sources/refapp-sample-data/mappings/2011918/", "version": "2011919", "id": "2011918", "versioned_object_id": 2011918, "versioned_object_url": "/orgs/openmrs/sources/refapp-sample-data/mappings/2011918/", "is_latest_version": true, "update_comment": null, "version_url": "/orgs/openmrs/sources/refapp-sample-data/mappings/2011918/2011919/", "uuid": "2011919", "version_created_on": "2022-02-16T17:46:04.511281Z", "from_source_version": null, "to_source_version": null, "from_concept_name_resolved": "Status", "to_concept_name_resolved": "In Service", "extras": {}, "type": "Mapping", "created_on": "2022-02-16T17:46:04.511281Z", "updated_on": "2022-02-16T17:46:04.521229Z", "created_by": "ocladmin", "updated_by": "ocladmin", "public_can_view": true}, {"external_id": "c6adfcb7-fd15-4aff-8974-6bd946baa898", "retired": false, "map_type": "CONCEPT-SET", "source": "refapp-sample-data", "owner": "openmrs", "owner_type": "Organization", "from_concept_code": "RAstatus", "from_concept_name": null, "from_concept_url": "/orgs/openmrs/sources/refapp-sample-data/concepts/RAstatus/", "to_concept_code": "RAstatus-waiting", "to_concept_name": "Waiting", "to_concept_url": "/orgs/openmrs/sources/refapp-sample-data/concepts/RAstatus-waiting/", "from_source_owner": "openmrs", "from_source_owner_type": "Organization", "from_source_url": "/orgs/openmrs/sources/refapp-sample-data/", "from_source_name": "refapp-sample-data", "to_source_owner": "openmrs", "to_source_owner_type": "Organization", "to_source_url": "/orgs/openmrs/sources/refapp-sample-data/", "to_source_name": "refapp-sample-data", "url": "/orgs/openmrs/sources/refapp-sample-data/mappings/2011916/", "version": "2011917", "id": "2011916", "versioned_object_id": 2011916, "versioned_object_url": "/orgs/openmrs/sources/refapp-sample-data/mappings/2011916/", "is_latest_version": true, "update_comment": null, "version_url": "/orgs/openmrs/sources/refapp-sample-data/mappings/2011916/2011917/", "uuid": "2011917", "version_created_on": "2022-02-16T17:46:04.217126Z", "from_source_version": null, "to_source_version": null, "from_concept_name_resolved": "Status", "to_concept_name_resolved": "Waiting", "extras": {}, "type": "Mapping", "created_on": "2022-02-16T17:46:04.217126Z", "updated_on": "2022-02-16T17:46:04.227800Z", "created_by": "ocladmin", "updated_by": "ocladmin", "public_can_view": true}, {"external_id": "6aae9d21-4d26-4087-9a60-0c7bb902432e", "retired": true, "map_type": "CONCEPT-SET", "source": "refapp-sample-data", "owner": "openmrs", "owner_type": "Organization", "from_concept_code": "RAstatus", "from_concept_name": null, "from_concept_url": "/orgs/openmrs/sources/refapp-sample-data/concepts/RAstatus/", "to_concept_code": "RAtriage", "to_concept_name": "Triage", "to_concept_url": "/orgs/openmrs/sources/refapp-sample-data/concepts/RAtriage/", "from_source_owner": "openmrs", "from_source_owner_type": "Organization", "from_source_url": "/orgs/openmrs/sources/refapp-sample-data/", "from_source_name": "refapp-sample-data", "to_source_owner": "openmrs", "to_source_owner_type": "Organization", "to_source_url": "/orgs/openmrs/sources/refapp-sample-data/", "to_source_name": "refapp-sample-data", "url": "/orgs/openmrs/sources/refapp-sample-data/mappings/2011906/", "version": "2011915", "id": "2011906", "versioned_object_id": 2011906, "versioned_object_url": "/orgs/openmrs/sources/refapp-sample-data/mappings/2011906/", "is_latest_version": true, "update_comment": null, "version_url": "/orgs/openmrs/sources/refapp-sample-data/mappings/2011906/2011915/", "uuid": "2011915", "version_created_on": "2022-02-16T17:46:03.852488Z", "from_source_version": null, "to_source_version": null, "from_concept_name_resolved": "Status", "to_concept_name_resolved": "Triage", "extras": {}, "type": "Mapping", "created_on": "2022-02-16T17:46:03.852488Z", "updated_on": "2022-02-16T17:46:03.856164Z", "created_by": "gpotma", "updated_by": "gpotma", "public_can_view": true}, {"external_id": "cec1f2b7-6723-4757-899a-c9df1b10fcf4", "retired": true, "map_type": "CONCEPT-SET", "source": "refapp-sample-data", "owner": "openmrs", "owner_type": "Organization", "from_concept_code": "RAstatus", "from_concept_name": null, "from_concept_url": "/orgs/openmrs/sources/refapp-sample-data/concepts/RAstatus/", "to_concept_code": "RAclinicalconsultation", "to_concept_name": "Clinical Consultation", "to_concept_url": "/orgs/openmrs/sources/refapp-sample-data/concepts/RAclinicalconsultation/", "from_source_owner": "openmrs", "from_source_owner_type": "Organization", "from_source_url": "/orgs/openmrs/sources/refapp-sample-data/", "from_source_name": "refapp-sample-data", "to_source_owner": "openmrs", "to_source_owner_type": "Organization", "to_source_url": "/orgs/openmrs/sources/refapp-sample-data/", "to_source_name": "refapp-sample-data", "url": "/orgs/openmrs/sources/refapp-sample-data/mappings/2011904/", "version": "2011914", "id": "2011904", "versioned_object_id": 2011904, "versioned_object_url": "/orgs/openmrs/sources/refapp-sample-data/mappings/2011904/", "is_latest_version": true, "update_comment": null, "version_url": "/orgs/openmrs/sources/refapp-sample-data/mappings/2011904/2011914/", "uuid": "2011914", "version_created_on": "2022-02-16T17:46:03.530817Z", "from_source_version": null, "to_source_version": null, "from_concept_name_resolved": "Status", "to_concept_name_resolved": "Clinical Consultation", "extras": {}, "type": "Mapping", "created_on": "2022-02-16T17:46:03.530817Z", "updated_on": "2022-02-16T17:46:03.537765Z", "created_by": "gpotma", "updated_by": "gpotma", "public_can_view": true}, {"external_id": "c61ea78a-e4ca-4b1d-ac85-e1fd71aa83d0", "retired": false, "map_type": "CONCEPT-SET", "source": "refapp-sample-data", "owner": "openmrs", "owner_type": "Organization", "from_concept_code": "RAservice", "from_concept_name": null, "from_concept_url": "/orgs/openmrs/sources/refapp-sample-data/concepts/RAservice/", "to_concept_code": "RAtriage", "to_concept_name": "Triage", "to_concept_url": "/orgs/openmrs/sources/refapp-sample-data/concepts/RAtriage/", "from_source_owner": "openmrs", "from_source_owner_type": "Organization", "from_source_url": "/orgs/openmrs/sources/refapp-sample-data/", "from_source_name": "refapp-sample-data", "to_source_owner": "openmrs", "to_source_owner_type": "Organization", "to_source_url": "/orgs/openmrs/sources/refapp-sample-data/", "to_source_name": "refapp-sample-data", "url": "/orgs/openmrs/sources/refapp-sample-data/mappings/2011912/", "version": "2011913", "id": "2011912", "versioned_object_id": 2011912, "versioned_object_url": "/orgs/openmrs/sources/refapp-sample-data/mappings/2011912/", "is_latest_version": true, "update_comment": null, "version_url": "/orgs/openmrs/sources/refapp-sample-data/mappings/2011912/2011913/", "uuid": "2011913", "version_created_on": "2022-02-16T17:40:56.805132Z", "from_source_version": null, "to_source_version": null, "from_concept_name_resolved": "Service", "to_concept_name_resolved": "Triage", "extras": {}, "type": "Mapping", "created_on": "2022-02-16T17:40:56.805132Z", "updated_on": "2022-02-16T17:40:56.814665Z", "created_by": "ocladmin", "updated_by": "ocladmin", "public_can_view": true}, {"external_id": "af5eaa8c-2bb5-4b10-a887-6b9032029f63", "retired": false, "map_type": "CONCEPT-SET", "source": "refapp-sample-data", "owner": "openmrs", "owner_type": "Organization", "from_concept_code": "RAservice", "from_concept_name": null, "from_concept_url": "/orgs/openmrs/sources/refapp-sample-data/concepts/RAservice/", "to_concept_code": "RAclinicalconsultation", "to_concept_name": "Clinical Consultation", "to_concept_url": "/orgs/openmrs/sources/refapp-sample-data/concepts/RAclinicalconsultation/", "from_source_owner": "openmrs", "from_source_owner_type": "Organization", "from_source_url": "/orgs/openmrs/sources/refapp-sample-data/", "from_source_name": "refapp-sample-data", "to_source_owner": "openmrs", "to_source_owner_type": "Organization", "to_source_url": "/orgs/openmrs/sources/refapp-sample-data/", "to_source_name": "refapp-sample-data", "url": "/orgs/openmrs/sources/refapp-sample-data/mappings/2011910/", "version": "2011911", "id": "2011910", "versioned_object_id": 2011910, "versioned_object_url": "/orgs/openmrs/sources/refapp-sample-data/mappings/2011910/", "is_latest_version": true, "update_comment": null, "version_url": "/orgs/openmrs/sources/refapp-sample-data/mappings/2011910/2011911/", "uuid": "2011911", "version_created_on": "2022-02-16T17:40:56.466472Z", "from_source_version": null, "to_source_version": null, "from_concept_name_resolved": "Service", "to_concept_name_resolved": "Clinical Consultation", "extras": {}, "type": "Mapping", "created_on": "2022-02-16T17:40:56.466472Z", "updated_on": "2022-02-16T17:40:56.475984Z", "created_by": "ocladmin", "updated_by": "ocladmin", "public_can_view": true}]}