{"type": "Collection Version", "uuid": "25116", "id": "1", "short_code": "soapnotecodes", "name": "SOAPnotecodes", "full_name": "SOAP Note Codes", "description": "First version of SOAP codes. ", "collection_type": "Dictionary", "custom_validation_schema": "OpenMRS", "public_access": "View", "default_locale": "en", "supported_locales": ["en"], "website": null, "url": "/orgs/openmrs/collections/soapnotecodes/", "owner": "openmrs", "owner_type": "Organization", "owner_url": "/orgs/openmrs/", "version_url": "/orgs/openmrs/collections/soapnotecodes/1/", "previous_version_url": "/orgs/openmrs/collections/soapnotecodes/", "created_on": "2023-02-23T09:10:12.927975Z", "updated_on": "2023-02-23T09:10:13.133374Z", "created_by": "gpotma", "updated_by": "gpotma", "extras": {}, "external_id": null, "version": "1", "concepts_url": "/orgs/openmrs/collections/soapnotecodes/1/concepts/", "mappings_url": "/orgs/openmrs/collections/soapnotecodes/1/mappings/", "expansions_url": "/orgs/openmrs/collections/soapnotecodes/1/expansions/", "is_processing": true, "released": true, "retired": false, "canonical_url": null, "identifier": {}, "publisher": null, "contact": {}, "jurisdiction": {}, "purpose": null, "copyright": null, "meta": null, "immutable": null, "revision_date": null, "text": null, "experimental": null, "locked_date": null, "autoexpand": true, "expansion_url": "/orgs/openmrs/collections/soapnotecodes/1/expansions/autoexpand-1/", "collection": {"id": "soapnotecodes", "url": "/orgs/openmrs/collections/soapnotecodes/", "meta": null, "name": "SOAPnotecodes", "text": null, "type": "Collection", "uuid": "25115", "owner": "openmrs", "extras": {}, "contact": {}, "purpose": null, "version": "HEAD", "website": null, "logo_url": null, "copyright": null, "full_name": "SOAP Note Codes", "immutable": null, "owner_url": "/orgs/openmrs/", "publisher": null, "created_by": "gpotma", "created_on": "2023-02-23T09:08:45.502166Z", "identifier": {}, "owner_type": "Organization", "references": [], "short_code": "soapnotecodes", "updated_by": "gpotma", "updated_on": "2023-02-23T09:09:43.158496Z", "description": "To support a short SOAP Note template.", "external_id": null, "locked_date": null, "concepts_url": "/orgs/openmrs/collections/soapnotecodes/concepts/", "experimental": null, "jurisdiction": {}, "mappings_url": "/orgs/openmrs/collections/soapnotecodes/mappings/", "versions_url": "/orgs/openmrs/collections/soapnotecodes/versions/", "canonical_url": null, "expansion_url": "/orgs/openmrs/collections/soapnotecodes/HEAD/expansions/autoexpand-HEAD/", "public_access": "View", "revision_date": null, "default_locale": "en", "expansions_url": "/orgs/openmrs/collections/soapnotecodes/expansions/", "autoexpand_head": true, "collection_type": "Dictionary", "preferred_source": "", "supported_locales": ["en"], "custom_validation_schema": "OpenMRS", "custom_resources_linked_source": ""}, "concepts": [{"type": "Concept", "uuid": "2886607", "id": "SubjectiveFindingsCustomCode", "external_id": "", "concept_class": "Question", "datatype": "Text", "display_name": "Subjective Findings", "display_locale": "en", "names": [{"uuid": "4746487", "name": "Subjective Findings", "external_id": "", "type": "ConceptName", "locale": "en", "locale_preferred": true, "name_type": "Fully-Specified"}], "descriptions": [{"uuid": "320028", "description": "What the patient reports.", "external_id": "", "type": "ConceptDescription", "locale": "en", "locale_preferred": false, "description_type": "Definition"}], "extras": {}, "retired": false, "source": "SOAPNoteCodes", "source_url": "/orgs/openmrs/sources/SOAPNoteCodes/", "owner": "openmrs", "owner_name": "openmrs", "owner_url": "/orgs/openmrs/", "version": "2886607", "created_on": "2023-02-22T18:35:48.195111Z", "updated_on": "2023-02-22T18:35:48.200610Z", "version_created_on": "2023-02-22T18:35:48.195111Z", "version_created_by": "gpotma", "update_comment": "Removed complicating text \"Patient-Reported Findings\"", "is_latest_version": true, "locale": null, "url": "/orgs/openmrs/sources/SOAPNoteCodes/concepts/SubjectiveFindingsCustomCode/", "owner_type": "Organization", "version_url": "/orgs/openmrs/sources/SOAPNoteCodes/concepts/SubjectiveFindingsCustomCode/2886607/", "previous_version_url": "/orgs/openmrs/sources/SOAPNoteCodes/concepts/SubjectiveFindingsCustomCode/2886602/", "parent_concept_urls": [], "child_concept_urls": []}, {"type": "Concept", "uuid": "2886606", "id": "ObjectiveFindingsCustomCode", "external_id": "", "concept_class": "Question", "datatype": "Text", "display_name": "Objective Findings", "display_locale": "en", "names": [{"uuid": "4746485", "name": "Objective Findings", "external_id": "", "type": "ConceptName", "locale": "en", "locale_preferred": true, "name_type": "Fully-Specified"}], "descriptions": [{"uuid": "320026", "description": "Notes on findings from physical examination and lab/rad/other studies.", "external_id": "", "type": "ConceptDescription", "locale": "en", "locale_preferred": false, "description_type": "Definition"}], "extras": {}, "retired": false, "source": "SOAPNoteCodes", "source_url": "/orgs/openmrs/sources/SOAPNoteCodes/", "owner": "openmrs", "owner_name": "openmrs", "owner_url": "/orgs/openmrs/", "version": "2886606", "created_on": "2023-02-22T18:35:25.677644Z", "updated_on": "2023-02-22T18:35:25.682189Z", "version_created_on": "2023-02-22T18:35:25.677644Z", "version_created_by": "gpotma", "update_comment": "Removed complicating text \"Patient-Reported Findings\"", "is_latest_version": true, "locale": null, "url": "/orgs/openmrs/sources/SOAPNoteCodes/concepts/ObjectiveFindingsCustomCode/", "owner_type": "Organization", "version_url": "/orgs/openmrs/sources/SOAPNoteCodes/concepts/ObjectiveFindingsCustomCode/2886606/", "previous_version_url": "/orgs/openmrs/sources/SOAPNoteCodes/concepts/ObjectiveFindingsCustomCode/2886603/", "parent_concept_urls": [], "child_concept_urls": []}, {"type": "Concept", "uuid": "2886605", "id": "SOAPAssessmentCustomCode", "external_id": null, "concept_class": "Question", "datatype": "Text", "display_name": "Assessment", "display_locale": "en", "names": [{"uuid": "4746483", "name": "Assessment", "external_id": "", "type": "ConceptName", "locale": "en", "locale_preferred": true, "name_type": "Fully-Specified"}, {"uuid": "4746484", "name": "Assessment Narrative", "external_id": "", "type": "ConceptName", "locale": "en", "locale_preferred": false, "name_type": "Short"}], "descriptions": [{"uuid": "320025", "description": "Assessment narrative, for a text-based SOAP note assessment section.", "external_id": "", "type": "ConceptDescription", "locale": "en", "locale_preferred": false, "description_type": "Definition"}], "extras": {}, "retired": false, "source": "SOAPNoteCodes", "source_url": "/orgs/openmrs/sources/SOAPNoteCodes/", "owner": "openmrs", "owner_name": "openmrs", "owner_url": "/orgs/openmrs/", "version": "2886605", "created_on": "2023-02-22T18:34:46.433805Z", "updated_on": "2023-02-22T18:34:46.440859Z", "version_created_on": "2023-02-22T18:34:46.433805Z", "version_created_by": "gpotma", "update_comment": null, "is_latest_version": true, "locale": null, "url": "/orgs/openmrs/sources/SOAPNoteCodes/concepts/SOAPAssessmentCustomCode/", "owner_type": "Organization", "version_url": "/orgs/openmrs/sources/SOAPNoteCodes/concepts/SOAPAssessmentCustomCode/2886605/", "previous_version_url": null, "parent_concept_urls": [], "child_concept_urls": []}, {"type": "Concept", "uuid": "2852971", "id": "162749", "external_id": "162749AAAAAAAAAAAAAAAAAAAAAAAAAAAAAA", "concept_class": "Question", "datatype": "Text", "display_name": "Clinical management plan comment", "display_locale": "en", "names": [{"uuid": "4598282", "name": "Clinical management plan comment", "external_id": "126604BBBBBBBBBBBBBBBBBBBBBBBBBBBBBB", "type": "ConceptName", "locale": "en", "locale_preferred": true, "name_type": "FULLY_SPECIFIED"}], "descriptions": [], "extras": {}, "retired": false, "source": "CIEL", "source_url": "/orgs/CIEL/sources/CIEL/", "owner": "CIEL", "owner_name": "CIEL", "owner_url": "/orgs/CIEL/", "version": "2852971", "created_on": "2023-01-27T14:26:23.356285Z", "updated_on": "2023-01-27T14:26:23.361619Z", "version_created_on": "2023-01-27T14:26:23.356285Z", "version_created_by": "ocladmin", "update_comment": null, "is_latest_version": true, "locale": null, "url": "/orgs/CIEL/sources/CIEL/concepts/162749/", "owner_type": "Organization", "version_url": "/orgs/CIEL/sources/CIEL/concepts/162749/2852971/", "previous_version_url": "/orgs/CIEL/sources/CIEL/concepts/162749/2754767/", "parent_concept_urls": [], "child_concept_urls": []}], "references": [{"expression": "/orgs/openmrs/sources/SOAPNoteCodes/concepts/SOAPAssessmentCustomCode/2886605/", "reference_type": "concepts", "id": 1738249, "last_resolved_at": "2023-02-23T09:10:13.090922Z", "uri": "/orgs/openmrs/collections/soapnotecodes/1/references/1738249/", "uuid": "1738249", "include": true, "type": "CollectionReference"}, {"expression": "/orgs/openmrs/sources/SOAPNoteCodes/concepts/ObjectiveFindingsCustomCode/2886606/", "reference_type": "concepts", "id": 1738248, "last_resolved_at": "2023-02-23T09:10:13.070310Z", "uri": "/orgs/openmrs/collections/soapnotecodes/1/references/1738248/", "uuid": "1738248", "include": true, "type": "CollectionReference"}, {"expression": "/orgs/openmrs/sources/SOAPNoteCodes/concepts/SubjectiveFindingsCustomCode/2886607/", "reference_type": "concepts", "id": 1738247, "last_resolved_at": "2023-02-23T09:10:13.048983Z", "uri": "/orgs/openmrs/collections/soapnotecodes/1/references/1738247/", "uuid": "1738247", "include": true, "type": "CollectionReference"}, {"expression": "/orgs/CIEL/sources/CIEL/mappings/1263200/4371277/", "reference_type": "mappings", "id": 1738246, "last_resolved_at": "2023-02-23T09:10:13.019501Z", "uri": "/orgs/openmrs/collections/soapnotecodes/1/references/1738246/", "uuid": "1738246", "include": true, "type": "CollectionReference"}, {"expression": "/orgs/CIEL/sources/CIEL/mappings/314316/4371274/", "reference_type": "mappings", "id": 1738245, "last_resolved_at": "2023-02-23T09:10:12.996229Z", "uri": "/orgs/openmrs/collections/soapnotecodes/1/references/1738245/", "uuid": "1738245", "include": true, "type": "CollectionReference"}, {"expression": "/orgs/CIEL/sources/CIEL/concepts/162749/2852971/", "reference_type": "concepts", "id": 1738244, "last_resolved_at": "2023-02-23T09:10:12.966288Z", "uri": "/orgs/openmrs/collections/soapnotecodes/1/references/1738244/", "uuid": "1738244", "include": true, "type": "CollectionReference"}], "mappings": [{"external_id": "9ba28f5e-ea86-37e0-8f74-272dcc732b5a", "retired": false, "map_type": "SAME-AS", "source": "CIEL", "owner": "CIEL", "owner_type": "Organization", "from_concept_code": "162749", "from_concept_name": null, "from_concept_url": "/orgs/CIEL/sources/CIEL/concepts/162749/", "to_concept_code": "162749", "to_concept_name": null, "to_concept_url": "/orgs/CIEL/sources/CIEL/concepts/162749/", "from_source_owner": "CIEL", "from_source_owner_type": "Organization", "from_source_url": "/orgs/CIEL/sources/CIEL/", "from_source_name": "CIEL", "to_source_owner": "CIEL", "to_source_owner_type": "Organization", "to_source_url": "/orgs/CIEL/sources/CIEL/", "to_source_name": "CIEL", "url": "/orgs/CIEL/sources/CIEL/mappings/1263200/", "version": "4371277", "id": "1263200", "versioned_object_id": 1263200, "versioned_object_url": "/orgs/CIEL/sources/CIEL/mappings/1263200/", "is_latest_version": true, "update_comment": null, "version_url": "/orgs/CIEL/sources/CIEL/mappings/1263200/4371277/", "uuid": "4371277", "version_created_on": "2023-01-27T21:17:38.337621Z", "from_source_version": null, "to_source_version": null, "from_concept_name_resolved": "Clinical management plan comment", "to_concept_name_resolved": "Clinical management plan comment", "extras": {}, "type": "Mapping", "sort_weight": null, "created_on": "2023-01-27T21:17:38.337621Z", "updated_on": "2023-01-27T21:17:38.340388Z", "created_by": "ocladmin", "updated_by": "ocladmin", "public_can_view": true}, {"external_id": "278186ABBBBBBBBBBBBBBBBBBBBBBBBBBBBB", "retired": false, "map_type": "NARROWER-THAN", "source": "CIEL", "owner": "CIEL", "owner_type": "Organization", "from_concept_code": "162749", "from_concept_name": null, "from_concept_url": "/orgs/CIEL/sources/CIEL/concepts/162749/", "to_concept_code": "412774003", "to_concept_name": null, "to_concept_url": null, "from_source_owner": "CIEL", "from_source_owner_type": "Organization", "from_source_url": "/orgs/CIEL/sources/CIEL/", "from_source_name": "CIEL", "to_source_owner": "IHTSDO", "to_source_owner_type": "Organization", "to_source_url": "/orgs/IHTSDO/sources/SNOMED-CT/", "to_source_name": "SNOMED-CT", "url": "/orgs/CIEL/sources/CIEL/mappings/314316/", "version": "4371274", "id": "314316", "versioned_object_id": 314316, "versioned_object_url": "/orgs/CIEL/sources/CIEL/mappings/314316/", "is_latest_version": true, "update_comment": null, "version_url": "/orgs/CIEL/sources/CIEL/mappings/314316/4371274/", "uuid": "4371274", "version_created_on": "2023-01-27T21:17:38.190178Z", "from_source_version": null, "to_source_version": null, "from_concept_name_resolved": "Clinical management plan comment", "extras": {}, "type": "Mapping", "sort_weight": null, "created_on": "2023-01-27T21:17:38.190178Z", "updated_on": "2023-01-27T21:17:38.194849Z", "created_by": "ocladmin", "updated_by": "ocladmin", "public_can_view": true}]}