﻿checksums,id,public access,created at,updated at,created_by_id,updated_by_id,is active,extras,uri,version,released,retired,is latest version,external id,concept class,datatype,comment,parent_id,versioned_object_id,mnemonic, counted, index
"{'smart': 'e2a087113b9ad9efc0099c161c266144', 'standard': '3dd0a7775da10943cfb0ee55746d989e'}",1624016,View,2022-03-31T07:37:46.053738+00:00,2022-03-31T07:37:46.061331+00:00,837,837,True,{},/orgs/openmrs/sources/ExampleLabFilter/concepts/ExampleLabFilter_HematologySet/1624016/,1624016,False,False,True,ae485e65-2e3f-4297-b35e-c818bbefe894,ConvSet,N/A,,1155,1624012,ExampleLabFilter_HematologySet,True,True
"{'smart': '32c4650b2e4336887e2e1e26f25069a4', 'standard': '202f2e3dd8d896ab5285c603ede865f2'}",1624023,View,2022-03-31T07:50:52.125428+00:00,2022-03-31T07:50:52.135264+00:00,837,837,True,{},/orgs/openmrs/sources/ExampleLabFilter/concepts/ExampleLabFilter_Bloodwork/1624023/,1624023,False,False,True,8904fa2b-6a8f-437d-89ec-6fce3cd99093,ConvSet,N/A,,1155,1624010,ExampleLabFilter_Bloodwork,True,True
"{'smart': '1d064637dbe265d59b08dc6445da1d58', 'standard': 'f586ad881bac72c04a35cab97be42320'}",2670133,View,2022-10-27T01:06:42.347797+00:00,2022-10-27T01:06:42.422517+00:00,837,837,True,{},/orgs/openmrs/sources/ExampleLabFilter/concepts/ExampleLabFilter_Chemistry%20Set/2670133/,2670133,False,False,True,82b0871b-2368-4343-a9c8-54331241070d,ConvSet,N/A,Not sure why Chem was ever retired. Also mappings to this retired concept are causing an error message.,1155,1624014,ExampleLabFilter_Chemistry Set,True,True
"{'smart': 'ab92e7a666a3bbc1a0a8d368dcae8d9b', 'standard': '367a1f666dd70cbd71865728546346aa'}",2824380,View,2023-01-27T13:21:55.918125+00:00,2023-01-27T13:21:55.927036+00:00,1,1,True,"{'units': 'mmol/L', 'hi_normal': 5.17, 'low_absolute': 0, 'allow_decimal': True}",/orgs/CIEL/sources/CIEL/concepts/1006/2824380/,2824380,False,False,False,1006AAAAAAAAAAAAAAAAAAAAAAAAAAAAAAAA,Test,Numeric,,42,4008,1006,True,True
"{'smart': '08d9ce5462fd84a6603479e05f670608', 'standard': '4146639a0ceb54f1cf5abe05d846c3df'}",2824382,View,2023-01-27T13:21:56.326025+00:00,2023-01-27T13:21:56.333980+00:00,1,1,True,"{'units': 'mmol/L', 'low_normal': 0.91, 'low_absolute': 0, 'allow_decimal': True}",/orgs/CIEL/sources/CIEL/concepts/1007/2824382/,2824382,False,False,False,1007AAAAAAAAAAAAAAAAAAAAAAAAAAAAAAAA,Test,Numeric,,42,3824,1007,True,True
"{'smart': 'e346a6dd2256703c8ae574e7b7e40b84', 'standard': '9799491baab99f4030b3ca8935d2df86'}",2824385,View,2023-01-27T13:21:56.594311+00:00,2023-01-27T13:21:56.598391+00:00,1,1,True,"{'units': 'mmol/L', 'hi_normal': 2.59, 'low_absolute': 0, 'allow_decimal': True}",/orgs/CIEL/sources/CIEL/concepts/1008/2824385/,2824385,False,False,False,1008AAAAAAAAAAAAAAAAAAAAAAAAAAAAAAAA,Test,Numeric,,42,2520,1008,True,True
"{'smart': '455745842bacd317b06519345d017fc9', 'standard': '05d79c1847c671484a573361d0042edd'}",2824388,View,2023-01-27T13:21:56.899425+00:00,2023-01-27T13:21:56.907772+00:00,1,1,True,"{'units': 'mmol/L', 'hi_normal': 2.26, 'low_absolute': 0, 'allow_decimal': True}",/orgs/CIEL/sources/CIEL/concepts/1009/2824388/,2824388,False,False,False,1009AAAAAAAAAAAAAAAAAAAAAAAAAAAAAAAA,Test,Numeric,,42,4284,1009,True,True
"{'smart': '6a2f74c782b47ca39e8676cf6df0037c', 'standard': '4b041ecab541f3247f535d6673d9e01a'}",2824393,View,2023-01-27T13:21:57.475929+00:00,2023-01-27T13:21:57.479449+00:00,1,1,True,{'is_set': 1},/orgs/CIEL/sources/CIEL/concepts/1010/2824393/,2824393,False,False,False,1010AAAAAAAAAAAAAAAAAAAAAAAAAAAAAAAA,LabSet,N/A,,42,4229,1010,True,True
"{'smart': '3d9038ad347962b9ef14d559f9ce5ab7', 'standard': 'af3fad859175cacd4cf55cfab2245d76'}",2824395,View,2023-01-27T13:21:57.799339+00:00,2023-01-27T13:21:57.804023+00:00,1,1,True,"{'units': 'IU/L', 'hi_normal': 174, 'low_normal': 26, 'low_absolute': 0, 'allow_decimal': False}",/orgs/CIEL/sources/CIEL/concepts/1011/2824395/,2824395,False,False,False,1011AAAAAAAAAAAAAAAAAAAAAAAAAAAAAAAA,Test,Numeric,,42,3334,1011,True,True
"{'smart': '10a12c6a7fc231efd66fad8ef0761a6e', 'standard': '4ef2ef27e530440d091372f5f3eb47ca'}",2824404,View,2023-01-27T13:21:58.987364+00:00,2023-01-27T13:21:58.991148+00:00,1,1,True,"{'units': '%', 'hi_normal': 51.9, 'low_normal': 32.3, 'hi_absolute': 100, 'low_absolute': 0, 'low_critical': 21, 'allow_decimal': True}",/orgs/CIEL/sources/CIEL/concepts/1015/2824404/,2824404,False,False,False,1015AAAAAAAAAAAAAAAAAAAAAAAAAAAAAAAA,Test,Numeric,,42,3459,1015,True,True
"{'smart': '30b5cabd85caa4617220fbf75bb764a7', 'standard': 'e346f9218e20787514e8e622d58135ed'}",2824407,View,2023-01-27T13:21:59.285834+00:00,2023-01-27T13:21:59.288948+00:00,1,1,True,"{'units': '%', 'hi_normal': 20, 'low_normal': 10, 'low_absolute': 0, 'allow_decimal': True}",/orgs/CIEL/sources/CIEL/concepts/1016/2824407/,2824407,False,False,False,1016AAAAAAAAAAAAAAAAAAAAAAAAAAAAAAAA,Test,Numeric,,42,3435,1016,True,True
"{'smart': '91fb71c7d1dc6ee18d3917f0dfa4ce3c', 'standard': '56ba61c6e477026e02fd7d01ddd5d049'}",2824409,View,2023-01-27T13:21:59.545700+00:00,2023-01-27T13:21:59.554412+00:00,1,1,True,"{'units': 'g/dL', 'hi_normal': 37, 'low_normal': 33, 'low_absolute': 0, 'allow_decimal': True}",/orgs/CIEL/sources/CIEL/concepts/1017/2824409/,2824409,False,False,False,1017AAAAAAAAAAAAAAAAAAAAAAAAAAAAAAAA,Test,Numeric,,42,3804,1017,True,True
"{'smart': '69fedf443ba4745c7c3dd87fd66ef34f', 'standard': 'c9add40dc96100caef262a3fa721950e'}",2824411,View,2023-01-27T13:21:59.845040+00:00,2023-01-27T13:21:59.849504+00:00,1,1,True,"{'units': 'pg', 'hi_normal': 34, 'low_normal': 26, 'low_absolute': 0, 'allow_decimal': True}",/orgs/CIEL/sources/CIEL/concepts/1018/2824411/,2824411,False,False,False,1018AAAAAAAAAAAAAAAAAAAAAAAAAAAAAAAA,Test,Numeric,,42,4252,1018,True,True
"{'smart': '2d41d46563a684f11430089dc058c8e8', 'standard': 'acedbd7102cecdb37f788d730f05f88e'}",2824413,View,2023-01-27T13:22:00.255492+00:00,2023-01-27T13:22:00.262042+00:00,1,1,True,{'is_set': 1},/orgs/CIEL/sources/CIEL/concepts/1019/2824413/,2824413,False,False,False,1019AAAAAAAAAAAAAAAAAAAAAAAAAAAAAAAA,LabSet,N/A,,42,3479,1019,True,True
"{'smart': '482cd8768f87bf7b0c4105194beb1e35', 'standard': '48295c8fb7921835a3b0424edbfdc060'}",2824421,View,2023-01-27T13:22:01.104587+00:00,2023-01-27T13:22:01.107627+00:00,1,1,True,"{'units': '%', 'hi_absolute': 100, 'low_absolute': 0, 'allow_decimal': False}",/orgs/CIEL/sources/CIEL/concepts/1021/2824421/,2824421,False,False,False,1021AAAAAAAAAAAAAAAAAAAAAAAAAAAAAAAA,Test,Numeric,,42,3166,1021,True,True
"{'smart': 'ed0536399b263504aa55af03789f1550', 'standard': 'c8a12b7074e75ea9479526cf8aaa390e'}",2824423,View,2023-01-27T13:22:01.398311+00:00,2023-01-27T13:22:01.401441+00:00,1,1,True,"{'units': '%', 'hi_absolute': 100, 'low_absolute': 0, 'allow_decimal': False}",/orgs/CIEL/sources/CIEL/concepts/1022/2824423/,2824423,False,False,False,1022AAAAAAAAAAAAAAAAAAAAAAAAAAAAAAAA,Test,Numeric,,42,3162,1022,True,True
"{'smart': 'f72cd1fc678079de73055bb045b3b6d5', 'standard': '2e2c1a89139bf4cfca64580037b0949b'}",2824425,View,2023-01-27T13:22:01.710391+00:00,2023-01-27T13:22:01.722201+00:00,1,1,True,"{'units': '%', 'hi_absolute': 100, 'low_absolute': 0, 'allow_decimal': False}",/orgs/CIEL/sources/CIEL/concepts/1023/2824425/,2824425,False,False,False,1023AAAAAAAAAAAAAAAAAAAAAAAAAAAAAAAA,Test,Numeric,,42,2432,1023,True,True
"{'smart': '396f5516f8efa24fb8aacbc86c640bb2', 'standard': 'a0d3da9ff9c18faf29f499a4e83352e0'}",2824427,View,2023-01-27T13:22:02.043340+00:00,2023-01-27T13:22:02.050107+00:00,1,1,True,"{'units': '%', 'hi_absolute': 100, 'low_absolute': 0, 'allow_decimal': False}",/orgs/CIEL/sources/CIEL/concepts/1024/2824427/,2824427,False,False,False,1024AAAAAAAAAAAAAAAAAAAAAAAAAAAAAAAA,Test,Numeric,,42,2870,1024,True,True
"{'smart': '9e3314f8db606a432a3628aa813824a2', 'standard': '7e48c19d03d4ef4770388b466fef7ebb'}",2824429,View,2023-01-27T13:22:02.346973+00:00,2023-01-27T13:22:02.354096+00:00,1,1,True,"{'units': '%', 'hi_absolute': 100, 'low_absolute': 0, 'allow_decimal': False}",/orgs/CIEL/sources/CIEL/concepts/1025/2824429/,2824429,False,False,False,1025AAAAAAAAAAAAAAAAAAAAAAAAAAAAAAAA,Test,Numeric,,42,3464,1025,True,True
"{'smart': '43dbfb22764bcd697f76b5b08c10096c', 'standard': 'e5ca03e7f354f61d1d0aaa6a2c4be753'}",2824750,View,2023-01-27T13:22:48.599514+00:00,2023-01-27T13:22:48.602945+00:00,1,1,True,"{'units': 'copies/ml', 'low_absolute': 0, 'allow_decimal': False}",/orgs/CIEL/sources/CIEL/concepts/1033/2824750/,2824750,False,False,False,1033AAAAAAAAAAAAAAAAAAAAAAAAAAAAAAAA,Test,Numeric,,42,3795,1033,True,True
"{'smart': '117178e029ed6cd826cd2db22c7eb827', 'standard': '1b35e7660e335ded59a5147757959347'}",2824856,View,2023-01-27T13:23:04.709885+00:00,2023-01-27T13:23:04.712778+00:00,1,1,True,{},/orgs/CIEL/sources/CIEL/concepts/1034/2824856/,2824856,False,False,False,1034AAAAAAAAAAAAAAAAAAAAAAAAAAAAAAAA,Test,Coded,,42,3533,1034,True,True
"{'smart': '371e302bc0eae16f741bd6de90bdefca', 'standard': '07e3f5b5eceb27b6586ba3b9146dde7f'}",2825067,View,2023-01-27T13:23:34.428961+00:00,2023-01-27T13:23:34.433876+00:00,1,1,True,{},/orgs/CIEL/sources/CIEL/concepts/1036/2825067/,2825067,False,False,False,1036AAAAAAAAAAAAAAAAAAAAAAAAAAAAAAAA,Test,Coded,,42,4088,1036,True,True
"{'smart': '526817d993699fb9d80270714228ce9e', 'standard': 'd958bb3558d9c50608929bf4908428fc'}",2825314,View,2023-01-27T13:24:08.154318+00:00,2023-01-27T13:24:08.157414+00:00,1,1,True,"{'units': 'mmol/L', 'allow_decimal': True}",/orgs/CIEL/sources/CIEL/concepts/1458/2825314/,2825314,False,False,False,1458AAAAAAAAAAAAAAAAAAAAAAAAAAAAAAAA,Test,Numeric,,42,3024,1458,True,True
"{'smart': 'd1604b2d105eeaaf2faf5bb6a9db846a', 'standard': 'b9d9c0c4935e5ba4d0b957911e11cf60'}",2825478,View,2023-01-27T13:24:29.568323+00:00,2023-01-27T13:24:29.570840+00:00,1,1,True,{},/orgs/CIEL/sources/CIEL/concepts/1038/2825478/,2825478,False,False,False,1038AAAAAAAAAAAAAAAAAAAAAAAAAAAAAAAA,Test,Coded,,42,2561,1038,True,True
"{'smart': '506d1fee04c87f764b598a438bbb55eb', 'standard': '4761655d77e4a35c12d5a377ec82f75e'}",2828509,View,2023-01-27T13:31:25.122756+00:00,2023-01-27T13:31:25.131237+00:00,1,1,True,{},/orgs/CIEL/sources/CIEL/concepts/1067/2828509/,2828509,False,False,False,1067AAAAAAAAAAAAAAAAAAAAAAAAAAAAAAAA,Misc,N/A,,42,3973,1067,True,True
"{'smart': 'ef18082bb3c6a4d97eecf6a841ad7c80', 'standard': '4c9021de586cd6ec7b522a8797d1ae90'}",2828532,View,2023-01-27T13:31:27.471984+00:00,2023-01-27T13:31:27.475229+00:00,1,1,True,{},/orgs/CIEL/sources/CIEL/concepts/1077/2828532/,2828532,False,False,False,1077AAAAAAAAAAAAAAAAAAAAAAAAAAAAAAAA,Misc,N/A,,42,3992,1077,True,True
"{'smart': '1e6b6706949c4b0adf668c19646e3d72', 'standard': '440c5e2c2cf4fecd4e0da096946a613f'}",2829197,View,2023-01-27T13:32:56.727852+00:00,2023-01-27T13:32:56.731400+00:00,1,1,True,{},/orgs/CIEL/sources/CIEL/concepts/1107/2829197/,2829197,False,False,False,1107AAAAAAAAAAAAAAAAAAAAAAAAAAAAAAAA,Misc,N/A,,42,4041,1107,True,True
"{'smart': 'b1d5ddb09925e1fee5d86e4270eae243', 'standard': 'd11e76885ec7c1c00544b09d8f5d878e'}",2829899,View,2023-01-27T13:34:34.124057+00:00,2023-01-27T13:34:34.126786+00:00,1,1,True,{},/orgs/CIEL/sources/CIEL/concepts/1115/2829899/,2829899,False,False,False,1115AAAAAAAAAAAAAAAAAAAAAAAAAAAAAAAA,Misc,N/A,,42,3742,1115,True,True
"{'smart': '1293658f7668207f91c1d0941ff6da72', 'standard': '2e1aad0c23a2cf67409065ad807a5505'}",2829977,View,2023-01-27T13:34:44.457571+00:00,2023-01-27T13:34:44.460653+00:00,1,1,True,{},/orgs/CIEL/sources/CIEL/concepts/1116/2829977/,2829977,False,False,False,1116AAAAAAAAAAAAAAAAAAAAAAAAAAAAAAAA,Misc,N/A,,42,3730,1116,True,True
"{'smart': '89249a56b7f4762e5396e0b4cb455956', 'standard': '71314e6b7a7e2244c0c0fe5b2ec68075'}",2830145,View,2023-01-27T13:35:07.963916+00:00,2023-01-27T13:35:07.974470+00:00,1,1,True,{},/orgs/CIEL/sources/CIEL/concepts/1118/2830145/,2830145,False,False,False,1118AAAAAAAAAAAAAAAAAAAAAAAAAAAAAAAA,Misc,N/A,,42,3360,1118,True,True
"{'smart': '46b22335e3678230ad7ff240c260b386', 'standard': 'bc00217c79d956a16857ca0294ab889f'}",2830473,View,2023-01-27T13:35:53.568736+00:00,2023-01-27T13:35:53.573035+00:00,1,1,True,{},/orgs/CIEL/sources/CIEL/concepts/148882/2830473/,2830473,False,False,False,148882AAAAAAAAAAAAAAAAAAAAAAAAAAAAAA,Diagnosis,N/A,,42,81112,148882,True,True
"{'smart': '86dd3fb4f752b41b346a7cb8cc605423', 'standard': '86ac95ab628a724509439cf932542af9'}",2831595,View,2023-01-27T13:38:39.670277+00:00,2023-01-27T13:38:39.674290+00:00,1,1,True,"{'units': 'mmol/L', 'hi_normal': 151, 'low_normal': 142, 'hi_critical': 156, 'low_absolute': 0, 'low_critical': 123, 'allow_decimal': False}",/orgs/CIEL/sources/CIEL/concepts/1132/2831595/,2831595,False,False,False,1132AAAAAAAAAAAAAAAAAAAAAAAAAAAAAAAA,Test,Numeric,,42,2802,1132,True,True
"{'smart': '301a183805a7851608d5192beb29a8b6', 'standard': 'dc40e09ab0ba1e7b97cb015fe44714bb'}",2831730,View,2023-01-27T13:38:58.767553+00:00,2023-01-27T13:38:58.772059+00:00,1,1,True,"{'units': 'mmol/L', 'hi_normal': 5.6, 'low_normal': 3.5, 'hi_critical': 6.6, 'low_absolute': 0, 'low_critical': 2.4, 'allow_decimal': True}",/orgs/CIEL/sources/CIEL/concepts/1133/2831730/,2831730,False,False,False,1133AAAAAAAAAAAAAAAAAAAAAAAAAAAAAAAA,Test,Numeric,,42,3651,1133,True,True
"{'smart': '55a699e130f0f6cd46239ad059198c9d', 'standard': '999df66eaafead763991cbe552defcf2'}",2831850,View,2023-01-27T13:39:15.841921+00:00,2023-01-27T13:39:15.847320+00:00,1,1,True,"{'units': 'mmol/L', 'hi_normal': 107, 'low_normal': 96, 'low_absolute': 0, 'allow_decimal': False}",/orgs/CIEL/sources/CIEL/concepts/1134/2831850/,2831850,False,False,False,1134AAAAAAAAAAAAAAAAAAAAAAAAAAAAAAAA,Test,Numeric,,42,3895,1134,True,True
"{'smart': 'cd9fe7ddbe98ae64f000444daa727cd6', 'standard': '2f8c086f932aa0ed599464d6cdb4ec05'}",2831945,View,2023-01-27T13:39:29.052631+00:00,2023-01-27T13:39:29.056406+00:00,1,1,True,"{'units': 'mmol/L', 'hi_normal': 27, 'low_normal': 22, 'low_absolute': 0, 'allow_decimal': False}",/orgs/CIEL/sources/CIEL/concepts/1135/2831945/,2831945,False,False,False,1135AAAAAAAAAAAAAAAAAAAAAAAAAAAAAAAA,Test,Numeric,,42,3704,1135,True,True
"{'smart': 'e1ba7f933a4b4ef1969fd4e9362bd364', 'standard': '8edc1f7043712546d0ae78d35397702b'}",2832251,View,2023-01-27T13:40:10.444902+00:00,2023-01-27T13:40:10.448523+00:00,1,1,True,{},/orgs/CIEL/sources/CIEL/concepts/1138/2832251/,2832251,False,False,False,1138AAAAAAAAAAAAAAAAAAAAAAAAAAAAAAAA,Misc,N/A,,42,4500,1138,True,True
"{'smart': '19d9aeaedfc32a6ca96eff3b2693f04b', 'standard': '20ba713f2999096f1b93eacf8cd70491'}",2832319,View,2023-01-27T13:40:20.071827+00:00,2023-01-27T13:40:20.074628+00:00,1,1,True,{},/orgs/CIEL/sources/CIEL/concepts/1499/2832319/,2832319,False,False,False,1499AAAAAAAAAAAAAAAAAAAAAAAAAAAAAAAA,Finding,N/A,,42,4477,1499,True,True
"{'smart': 'cdef529e8c3c87d8b62a68ad7faef6af', 'standard': 'def9cdeafe19746cc25aa1ba379a9376'}",2834443,View,2023-01-27T13:45:14.923259+00:00,2023-01-27T13:45:14.927532+00:00,1,1,True,{},/orgs/CIEL/sources/CIEL/concepts/1160/2834443/,2834443,False,False,False,1160AAAAAAAAAAAAAAAAAAAAAAAAAAAAAAAA,Misc,N/A,,42,4540,1160,True,True
"{'smart': 'ee7a46d75c89b9e6e09e86614ca3bcb8', 'standard': '0e37dff90464d9f0e182076ef109c70f'}",2840230,View,2023-01-27T13:58:15.586335+00:00,2023-01-27T13:58:15.591761+00:00,1,1,True,{},/orgs/CIEL/sources/CIEL/concepts/120759/2840230/,2840230,False,False,False,120759AAAAAAAAAAAAAAAAAAAAAAAAAAAAAA,Diagnosis,N/A,,42,26981,120759,True,True
"{'smart': 'c898e2aa955bf56eea5ebd67cae1e583', 'standard': 'dfe254fef1a6a5fb13dbd41e7cc087ca'}",2842378,View,2023-01-27T14:02:59.187706+00:00,2023-01-27T14:02:59.190467+00:00,1,1,True,{},/orgs/CIEL/sources/CIEL/concepts/1228/2842378/,2842378,False,False,False,1228AAAAAAAAAAAAAAAAAAAAAAAAAAAAAAAA,Misc,N/A,,42,4699,1228,True,True
"{'smart': 'e7d3abfad208c1fb7fe31e08475577f3', 'standard': '9226789fa3860a9d95c8012ff9cb03d6'}",2842576,View,2023-01-27T14:03:24.555481+00:00,2023-01-27T14:03:24.558445+00:00,1,1,True,{},/orgs/CIEL/sources/CIEL/concepts/1229/2842576/,2842576,False,False,False,1229AAAAAAAAAAAAAAAAAAAAAAAAAAAAAAAA,Misc,N/A,,42,3971,1229,True,True
"{'smart': '21eaf9059833fe90f210c3b2e7008757', 'standard': 'fd852314d933e0e177fcc7884c836c25'}",2842756,View,2023-01-27T14:03:47.786937+00:00,2023-01-27T14:03:47.789595+00:00,1,1,True,{},/orgs/CIEL/sources/CIEL/concepts/1230/2842756/,2842756,False,False,False,1230AAAAAAAAAAAAAAAAAAAAAAAAAAAAAAAA,Misc,N/A,,42,3970,1230,True,True
"{'smart': '55d58950ec56f862e22e0581302193c2', 'standard': '868448fca956f52270325ada5e3f518b'}",2842964,View,2023-01-27T14:04:14.854674+00:00,2023-01-27T14:04:14.857457+00:00,1,1,True,{},/orgs/CIEL/sources/CIEL/concepts/1231/2842964/,2842964,False,False,False,1231AAAAAAAAAAAAAAAAAAAAAAAAAAAAAAAA,Misc,N/A,,42,3734,1231,True,True
"{'smart': '39040d624136744887e6620f43230a1f', 'standard': '9fbb6d7e817f270998929a258e886a0e'}",2843711,View,2023-01-27T14:05:53.380947+00:00,2023-01-27T14:05:53.383959+00:00,1,1,True,{},/orgs/CIEL/sources/CIEL/concepts/123501/2843711/,2843711,False,False,False,123501AAAAAAAAAAAAAAAAAAAAAAAAAAAAAA,Diagnosis,N/A,,42,36018,123501,True,True
"{'smart': 'd69bbc4dcb48ba7fedf7b5edd4eab25a', 'standard': '804aa4aad15106453a2d3155d255fbe4'}",2843719,View,2023-01-27T14:05:54.464223+00:00,2023-01-27T14:05:54.466963+00:00,1,1,True,{},/orgs/CIEL/sources/CIEL/concepts/123505/2843719/,2843719,False,False,False,123505AAAAAAAAAAAAAAAAAAAAAAAAAAAAAA,Diagnosis,N/A,,42,32803,123505,True,True
"{'smart': 'bd1f96dbeabc0d25d378ff70f095236f', 'standard': '1d9bfc8ebea84ee408c9210fb6d13834'}",2846478,View,2023-01-27T14:12:02.113204+00:00,2023-01-27T14:12:02.116662+00:00,1,1,True,{},/orgs/CIEL/sources/CIEL/concepts/159362/2846478/,2846478,False,False,False,159362AAAAAAAAAAAAAAAAAAAAAAAAAAAAAA,Test,Coded,,42,72568,159362,True,True
"{'smart': 'bb80b8f199664e457943743aa8c9ba32', 'standard': 'b73b42c50aee0878b8dd981010890e86'}",2846580,View,2023-01-27T14:12:16.771551+00:00,2023-01-27T14:12:16.775442+00:00,1,1,True,{},/orgs/CIEL/sources/CIEL/concepts/159416/2846580/,2846580,False,False,False,159416AAAAAAAAAAAAAAAAAAAAAAAAAAAAAA,Misc,N/A,,42,82823,159416,True,True
"{'smart': '8d25143fd6e7a0901a53497d360ee2ec', 'standard': 'db6733c9a5180ff3e538f6f428b152b0'}",2846606,View,2023-01-27T14:12:21.330935+00:00,2023-01-27T14:12:21.339938+00:00,1,1,True,{},/orgs/CIEL/sources/CIEL/concepts/159430/2846606/,2846606,False,False,False,159430AAAAAAAAAAAAAAAAAAAAAAAAAAAAAA,Test,Coded,,42,70657,159430,True,True
"{'smart': '61d506b83e825b0da90152ebc6f637a8', 'standard': '6b4dc96d5f0e4e8a9ce740d929eeff25'}",2846731,View,2023-01-27T14:12:39.152556+00:00,2023-01-27T14:12:39.156482+00:00,1,1,True,"{'units': 'mg/dL', 'allow_decimal': True}",/orgs/CIEL/sources/CIEL/concepts/159497/2846731/,2846731,False,False,False,159497AAAAAAAAAAAAAAAAAAAAAAAAAAAAAA,Test,Numeric,,42,100002,159497,True,True
"{'smart': '0c5ba70340b363f28395601088c02a17', 'standard': '5c3cf33d04ccf60be26d350344882a0a'}",2847000,View,2023-01-27T14:13:16.910523+00:00,2023-01-27T14:13:16.913877+00:00,1,1,True,"{'units': '%', 'low_absolute': 0, 'allow_decimal': True}",/orgs/CIEL/sources/CIEL/concepts/159644/2847000/,2847000,False,False,False,159644AAAAAAAAAAAAAAAAAAAAAAAAAAAAAA,Test,Numeric,,42,74326,159644,True,True
"{'smart': '414140c9cffafed00c9db38d55e29cc5', 'standard': 'edcc5f275fcff0d11521f8e71e730ba6'}",2847008,View,2023-01-27T14:13:17.843179+00:00,2023-01-27T14:13:17.848285+00:00,1,1,True,{},/orgs/CIEL/sources/CIEL/concepts/159648/2847008/,2847008,False,False,False,159648AAAAAAAAAAAAAAAAAAAAAAAAAAAAAA,Test,Text,,42,102477,159648,True,True
"{'smart': '97137d8284548ec7d83fb77190a30063', 'standard': '5bb4ad41de82d0752d5f1ae8cb0071db'}",2847035,View,2023-01-27T14:13:21.895667+00:00,2023-01-27T14:13:21.898735+00:00,1,1,True,{},/orgs/CIEL/sources/CIEL/concepts/159663/2847035/,2847035,False,False,False,159663AAAAAAAAAAAAAAAAAAAAAAAAAAAAAA,Misc,N/A,,42,92406,159663,True,True
"{'smart': '3e55ae9ab3f71060136ae10668e24216', 'standard': '0579e979dfece74e5cb6a80a7ebd8461'}",2847037,View,2023-01-27T14:13:22.156837+00:00,2023-01-27T14:13:22.161795+00:00,1,1,True,{},/orgs/CIEL/sources/CIEL/concepts/159664/2847037/,2847037,False,False,False,159664AAAAAAAAAAAAAAAAAAAAAAAAAAAAAA,Misc,N/A,,42,104281,159664,True,True
"{'smart': '91fc6bd4a20371063f976e638f842dbd', 'standard': '5e6b7e4adf30f702ffc41fe0dd23385c'}",2847356,View,2023-01-27T14:14:03.502139+00:00,2023-01-27T14:14:03.507699+00:00,1,1,True,"{'units': 'mg/dL', 'hi_normal': 8.3, 'low_normal': 3.6, 'allow_decimal': True}",/orgs/CIEL/sources/CIEL/concepts/159825/2847356/,2847356,False,False,False,159825AAAAAAAAAAAAAAAAAAAAAAAAAAAAAA,Test,Numeric,,42,101689,159825,True,True
"{'smart': '9bc302597ca7eec70480a6d6db1e8df4', 'standard': 'a1bf266d6c112ee06d5166c636e1190f'}",2848136,View,2023-01-27T14:15:46.912897+00:00,2023-01-27T14:15:46.916914+00:00,1,1,True,{},/orgs/CIEL/sources/CIEL/concepts/160225/2848136/,2848136,False,False,False,160225AAAAAAAAAAAAAAAAAAAAAAAAAAAAAA,Test,Coded,,42,93518,160225,True,True
"{'smart': 'd9e777deb8987dc71b4d7c11b05ba2a8', 'standard': 'b74341ffe823bb383b46883f90bfd604'}",2849124,View,2023-01-27T14:17:54.130826+00:00,2023-01-27T14:17:54.134312+00:00,1,1,True,{},/orgs/CIEL/sources/CIEL/concepts/160735/2849124/,2849124,False,False,False,160735AAAAAAAAAAAAAAAAAAAAAAAAAAAAAA,Test,Coded,,42,103625,160735,True,True
"{'smart': '56e026d436bccee11871871e9be45bbc', 'standard': '2185b3b5d51fe0c0b2cbad9921fb49d9'}",2849434,View,2023-01-27T14:18:34.859161+00:00,2023-01-27T14:18:34.861970+00:00,1,1,True,{},/orgs/CIEL/sources/CIEL/concepts/160909/2849434/,2849434,False,False,False,160909AAAAAAAAAAAAAAAAAAAAAAAAAAAAAA,Misc,N/A,,42,101861,160909,True,True
"{'smart': '9545677a525bb6a87755b08a8a0d51ef', 'standard': '158d084046f921292753e00f4cc04cdd'}",2849436,View,2023-01-27T14:18:35.189576+00:00,2023-01-27T14:18:35.193086+00:00,1,1,True,{},/orgs/CIEL/sources/CIEL/concepts/160910/2849436/,2849436,False,False,False,160910AAAAAAAAAAAAAAAAAAAAAAAAAAAAAA,Misc,N/A,,42,101975,160910,True,True
"{'smart': '7cc070746f48ea4e3853fa8ac2d40a1d', 'standard': '51a2c8b6d1d2d8bbd93d1a44fb782273'}",2849440,View,2023-01-27T14:18:35.749445+00:00,2023-01-27T14:18:35.751997+00:00,1,1,True,"{'units': 'mg/dL', 'low_absolute': 0, 'allow_decimal': True}",/orgs/CIEL/sources/CIEL/concepts/160912/2849440/,2849440,False,False,False,160912AAAAAAAAAAAAAAAAAAAAAAAAAAAAAA,Test,Numeric,,42,103343,160912,True,True
"{'smart': '7f711b44171d9a6f8702e226ab0d90fd', 'standard': '94a3b729d827e1aa1e4069f9d8ed6bff'}",2849442,View,2023-01-27T14:18:36.023532+00:00,2023-01-27T14:18:36.026874+00:00,1,1,True,"{'units': 'ng/mL', 'low_absolute': 0, 'allow_decimal': True}",/orgs/CIEL/sources/CIEL/concepts/160913/2849442/,2849442,False,False,False,160913AAAAAAAAAAAAAAAAAAAAAAAAAAAAAA,Test,Numeric,,42,91324,160913,True,True
"{'smart': '81f3a96b0f104add5ac5598929748215', 'standard': 'b7fbd7d08d1b369bd3fb80d9b8bc7c02'}",2849444,View,2023-01-27T14:18:36.311863+00:00,2023-01-27T14:18:36.314223+00:00,1,1,True,"{'units': 'mg/dL', 'low_absolute': 0, 'allow_decimal': True}",/orgs/CIEL/sources/CIEL/concepts/160914/2849444/,2849444,False,False,False,160914AAAAAAAAAAAAAAAAAAAAAAAAAAAAAA,Test,Numeric,,42,102287,160914,True,True
"{'smart': '2812cc0331c9a768ae02d702735b76dd', 'standard': '2b82147222f312a739b0a77658e0f8b0'}",2849865,View,2023-01-27T14:19:31.085012+00:00,2023-01-27T14:19:31.088500+00:00,1,1,True,"{'units': 'ml/min/1.73m2', 'low_absolute': 0, 'allow_decimal': True}",/orgs/CIEL/sources/CIEL/concepts/161132/2849865/,2849865,False,False,False,161132AAAAAAAAAAAAAAAAAAAAAAAAAAAAAA,Test,Numeric,,42,73031,161132,True,True
"{'smart': 'aa82a7dc29905e834e34b043a3ac715b', 'standard': '911db06c72da469db969e7cbcfeb9ab9'}",2849900,View,2023-01-27T14:19:35.916792+00:00,2023-01-27T14:19:35.918914+00:00,1,1,True,{'is_set': 1},/orgs/CIEL/sources/CIEL/concepts/161152/2849900/,2849900,False,False,False,161152AAAAAAAAAAAAAAAAAAAAAAAAAAAAAA,LabSet,N/A,,42,103652,161152,True,True
"{'smart': 'b1dadabaebbe22cc5b1b9fbfc4db20a9', 'standard': 'ea7dfcf8f95646031b8a346bdd6ecdc0'}",2849906,View,2023-01-27T14:19:36.650454+00:00,2023-01-27T14:19:36.654459+00:00,1,1,True,{},/orgs/CIEL/sources/CIEL/concepts/161155/2849906/,2849906,False,False,False,161155AAAAAAAAAAAAAAAAAAAAAAAAAAAAAA,Test,Text,,42,104838,161155,True,True
"{'smart': '735f77682a261eb753edbeaf9da226d2', 'standard': '69d4bf44eb594d024c32da9fadb5b675'}",2849908,View,2023-01-27T14:19:37.003556+00:00,2023-01-27T14:19:37.016137+00:00,1,1,True,{},/orgs/CIEL/sources/CIEL/concepts/161156/2849908/,2849908,False,False,False,161156AAAAAAAAAAAAAAAAAAAAAAAAAAAAAA,Test,Text,,42,106339,161156,True,True
"{'smart': '6154fd6a01638ac2ac69cc7338268665', 'standard': '3261298a3b23ccedf424bfb902a042a2'}",2850403,View,2023-01-27T14:20:45.128300+00:00,2023-01-27T14:20:45.130894+00:00,1,1,True,{'is_set': 1},/orgs/CIEL/sources/CIEL/concepts/161431/2850403/,2850403,False,False,False,161431AAAAAAAAAAAAAAAAAAAAAAAAAAAAAA,LabSet,N/A,,42,105237,161431,True,True
"{'smart': 'b3f9d9bb98b7cfebe339041260f6abf9', 'standard': '9db75aa2c6dc502d8fc3d8d88615ad9b'}",2850429,View,2023-01-27T14:20:48.214511+00:00,2023-01-27T14:20:48.226016+00:00,1,1,True,{},/orgs/CIEL/sources/CIEL/concepts/161445/2850429/,2850429,False,False,False,161445AAAAAAAAAAAAAAAAAAAAAAAAAAAAAA,Test,Text,,42,75907,161445,True,True
"{'smart': '099426e25a8ab1b3315b3fdb74069275', 'standard': 'e296318a585c5eb8c73453d9d731663b'}",2850433,View,2023-01-27T14:20:48.867816+00:00,2023-01-27T14:20:48.871264+00:00,1,1,True,{},/orgs/CIEL/sources/CIEL/concepts/161447/2850433/,2850433,False,False,False,161447AAAAAAAAAAAAAAAAAAAAAAAAAAAAAA,Test,Text,,42,106869,161447,True,True
"{'smart': '4083dc1b0e3ca52f1b18fcb738360b04', 'standard': 'ad61668002c52d7697bf6ebb7ea79aff'}",2850435,View,2023-01-27T14:20:49.266110+00:00,2023-01-27T14:20:49.270130+00:00,1,1,True,{},/orgs/CIEL/sources/CIEL/concepts/161448/2850435/,2850435,False,False,False,161448AAAAAAAAAAAAAAAAAAAAAAAAAAAAAA,Test,Text,,42,96418,161448,True,True
"{'smart': 'cdff3630ab5219d5b9605555f710889d', 'standard': '63412c6ee5e2ec3a29d4035b39ff1bf1'}",2850437,View,2023-01-27T14:20:49.662343+00:00,2023-01-27T14:20:49.664905+00:00,1,1,True,{},/orgs/CIEL/sources/CIEL/concepts/161449/2850437/,2850437,False,False,False,161449AAAAAAAAAAAAAAAAAAAAAAAAAAAAAA,Test,Coded,,42,108979,161449,True,True
"{'smart': '6a75f224a22206cc9ead02d703aa8494', 'standard': '811963b90c15299fb706ad04d9a26876'}",2850439,View,2023-01-27T14:20:49.995378+00:00,2023-01-27T14:20:49.999282+00:00,1,1,True,{},/orgs/CIEL/sources/CIEL/concepts/161450/2850439/,2850439,False,False,False,161450AAAAAAAAAAAAAAAAAAAAAAAAAAAAAA,Test,Coded,,42,108324,161450,True,True
"{'smart': 'fc0a0360dd51a6e7d3615fd949827b92', 'standard': 'a9624a93f38c3dc341a22e32b67bfd13'}",2850440,View,2023-01-27T14:20:50.317515+00:00,2023-01-27T14:20:50.321713+00:00,1,1,True,{'is_set': 1},/orgs/CIEL/sources/CIEL/concepts/161451/2850440/,2850440,False,False,False,161451AAAAAAAAAAAAAAAAAAAAAAAAAAAAAA,LabSet,N/A,,42,99998,161451,True,True
"{'smart': '538a56adc4d1a4dea0a76734d08345d6', 'standard': '828105410061836f0182d27ef71d544d'}",2850498,View,2023-01-27T14:20:58.946929+00:00,2023-01-27T14:20:58.954766+00:00,1,1,True,"{'units': 'Minute', 'low_absolute': 0, 'allow_decimal': True}",/orgs/CIEL/sources/CIEL/concepts/161481/2850498/,2850498,False,False,False,161481AAAAAAAAAAAAAAAAAAAAAAAAAAAAAA,Test,Numeric,,42,100053,161481,True,True
"{'smart': '18b3c2fc91a4443170cc8038288457dd', 'standard': 'aebb596713a5cce2bc4f111d5bcbca51'}",2850500,View,2023-01-27T14:20:59.359920+00:00,2023-01-27T14:20:59.366344+00:00,1,1,True,"{'units': '', 'hi_normal': 1.2, 'low_normal': 0.8, 'hi_critical': 4, 'low_absolute': 0, 'allow_decimal': True}",/orgs/CIEL/sources/CIEL/concepts/161482/2850500/,2850500,False,False,False,161482AAAAAAAAAAAAAAAAAAAAAAAAAAAAAA,Test,Numeric,,42,99238,161482,True,True
"{'smart': '536bd83db933eb1bd0c2df54079a399c', 'standard': '6beb0ad12ff913ebce942b7010e0752e'}",2850502,View,2023-01-27T14:20:59.644717+00:00,2023-01-27T14:20:59.647299+00:00,1,1,True,{'is_set': 1},/orgs/CIEL/sources/CIEL/concepts/161483/2850502/,2850502,False,False,False,161483AAAAAAAAAAAAAAAAAAAAAAAAAAAAAA,LabSet,N/A,,42,73595,161483,True,True
"{'smart': '09a8b8a3aa63e8e213799248b24e1643', 'standard': 'dd006228ea3ff722601932f6a2154e47'}",2850504,View,2023-01-27T14:20:59.784561+00:00,2023-01-27T14:20:59.787604+00:00,1,1,True,{},/orgs/CIEL/sources/CIEL/concepts/161484/2850504/,2850504,False,False,False,161484AAAAAAAAAAAAAAAAAAAAAAAAAAAAAA,Test,Text,,42,100106,161484,True,True
"{'smart': 'ed4809a190afac878ec5dfc7205f74c9', 'standard': '78daa9382a4b104ec58db842b869b5f8'}",2850506,View,2023-01-27T14:20:59.948725+00:00,2023-01-27T14:20:59.950837+00:00,1,1,True,{},/orgs/CIEL/sources/CIEL/concepts/161485/2850506/,2850506,False,False,False,161485AAAAAAAAAAAAAAAAAAAAAAAAAAAAAA,Test,Text,,42,102919,161485,True,True
"{'smart': '9f3216a19ad3c3e2cf0cfc9d647661ea', 'standard': 'aa713236b59fba662fa1b38bb5376654'}",2850508,View,2023-01-27T14:21:00.432799+00:00,2023-01-27T14:21:00.435201+00:00,1,1,True,{'is_set': 1},/orgs/CIEL/sources/CIEL/concepts/161486/2850508/,2850508,False,False,False,161486AAAAAAAAAAAAAAAAAAAAAAAAAAAAAA,LabSet,N/A,,42,102839,161486,True,True
"{'smart': '055de97a0c36252c5b4bda914aeeb9d3', 'standard': 'abd5f81094acade62446bbce387a4394'}",2850512,View,2023-01-27T14:21:00.966207+00:00,2023-01-27T14:21:00.968690+00:00,1,1,True,{'is_set': 1},/orgs/CIEL/sources/CIEL/concepts/161488/2850512/,2850512,False,False,False,161488AAAAAAAAAAAAAAAAAAAAAAAAAAAAAA,LabSet,N/A,,42,104135,161488,True,True
"{'smart': '4e3538315ba84965357b2595d3e006d1', 'standard': '9a7def68eb98c7f4205d43c647becc68'}",2850547,View,2023-01-27T14:21:06.106939+00:00,2023-01-27T14:21:06.114828+00:00,1,1,True,"{'units': 'mcg/L', 'low_absolute': 0, 'allow_decimal': True}",/orgs/CIEL/sources/CIEL/concepts/161505/2850547/,2850547,False,False,False,161505AAAAAAAAAAAAAAAAAAAAAAAAAAAAAA,Test,Numeric,,42,75979,161505,True,True
"{'smart': '45b97c0688cf02f93586167f13d16f83', 'standard': '5fd2f7293f31de2d7aff54aad90eab85'}",2850558,View,2023-01-27T14:21:08.000932+00:00,2023-01-27T14:21:08.005611+00:00,1,1,True,"{'units': 'ng/ml', 'low_absolute': 0, 'allow_decimal': True}",/orgs/CIEL/sources/CIEL/concepts/161511/2850558/,2850558,False,False,False,161511AAAAAAAAAAAAAAAAAAAAAAAAAAAAAA,Test,Numeric,,42,100104,161511,True,True
"{'smart': '13ecdcdab07639272e3ea1875369f943', 'standard': 'eea3420b284e9d0c3d59befd56a8b11f'}",2850564,View,2023-01-27T14:21:08.961764+00:00,2023-01-27T14:21:08.965723+00:00,1,1,True,{},/orgs/CIEL/sources/CIEL/concepts/127133/2850564/,2850564,False,False,False,127133AAAAAAAAAAAAAAAAAAAAAAAAAAAAAA,Diagnosis,N/A,,42,33248,127133,True,True
"{'smart': '74a57c4cc2f918f8e73444e0e88b9565', 'standard': '80305d6ba53301371a8892227ce22ca7'}",2850575,View,2023-01-27T14:21:10.932489+00:00,2023-01-27T14:21:10.936054+00:00,1,1,True,{'is_set': 1},/orgs/CIEL/sources/CIEL/concepts/161520/2850575/,2850575,False,False,False,161520AAAAAAAAAAAAAAAAAAAAAAAAAAAAAA,LabSet,N/A,,42,103123,161520,True,True
"{'smart': '8d7f6552a6bec317b4899756b893390d', 'standard': '178ce017746c615764dbc6be9637835b'}",2851642,View,2023-01-27T14:23:30.398142+00:00,2023-01-27T14:23:30.400719+00:00,1,1,True,{},/orgs/CIEL/sources/CIEL/concepts/162065/2851642/,2851642,False,False,False,162065AAAAAAAAAAAAAAAAAAAAAAAAAAAAAA,Misc,N/A,,42,106034,162065,True,True
"{'smart': 'fc171217f4ccba6233fd772b6c51045a', 'standard': '70b49cfbf228cf95051148cd5fe8af62'}",2851711,View,2023-01-27T14:23:39.077777+00:00,2023-01-27T14:23:39.079776+00:00,1,1,True,{},/orgs/CIEL/sources/CIEL/concepts/162100/2851711/,2851711,False,False,False,162100AAAAAAAAAAAAAAAAAAAAAAAAAAAAAA,Misc,N/A,,42,105581,162100,True,True
"{'smart': 'c728ef195012f8734c0111e20fd890b4', 'standard': '8eb29f58f8ad3de8f98304a6f0923bc8'}",2851713,View,2023-01-27T14:23:39.325961+00:00,2023-01-27T14:23:39.329832+00:00,1,1,True,{},/orgs/CIEL/sources/CIEL/concepts/162101/2851713/,2851713,False,False,False,162101AAAAAAAAAAAAAAAAAAAAAAAAAAAAAA,Finding,Coded,,42,97032,162101,True,True
"{'smart': 'f9523388777bafba531ff14e7f9c80e8', 'standard': '28ee5ceb94b69f86f887a7814c8236ad'}",2851716,View,2023-01-27T14:23:39.612253+00:00,2023-01-27T14:23:39.615194+00:00,1,1,True,{},/orgs/CIEL/sources/CIEL/concepts/162102/2851716/,2851716,False,False,False,162102AAAAAAAAAAAAAAAAAAAAAAAAAAAAAA,Finding,N/A,,42,74509,162102,True,True
"{'smart': '5e79d47420ada31d2f090973d5ec7eab', 'standard': 'f45b8e467eea55fe4630e3c501641fe4'}",2851717,View,2023-01-27T14:23:39.808423+00:00,2023-01-27T14:23:39.811191+00:00,1,1,True,{},/orgs/CIEL/sources/CIEL/concepts/162103/2851717/,2851717,False,False,False,162103AAAAAAAAAAAAAAAAAAAAAAAAAAAAAA,Finding,N/A,,42,88876,162103,True,True
"{'smart': '9de47d68b5bf273505a2c82251b4ad9f', 'standard': '7d3589a9dfdb814e0e30eb7626e96239'}",2851719,View,2023-01-27T14:23:40.072200+00:00,2023-01-27T14:23:40.077642+00:00,1,1,True,{},/orgs/CIEL/sources/CIEL/concepts/162104/2851719/,2851719,False,False,False,162104AAAAAAAAAAAAAAAAAAAAAAAAAAAAAA,Finding,N/A,,42,100614,162104,True,True
"{'smart': 'be9527fb1df26d7b8af7e6852970bf8b', 'standard': '00d327c61cd6015f093469b8157d1229'}",2852737,View,2023-01-27T14:25:53.922354+00:00,2023-01-27T14:25:53.925041+00:00,1,1,True,{'is_set': 1},/orgs/CIEL/sources/CIEL/concepts/162630/2852737/,2852737,False,False,False,162630AAAAAAAAAAAAAAAAAAAAAAAAAAAAAA,LabSet,N/A,,42,104403,162630,True,True
"{'smart': '52fd103a8199c8a5df46f53a2281828e', 'standard': '96f75961c25fcd2adbf1edeb41d285f9'}",2854284,View,2023-01-27T14:29:20.961305+00:00,2023-01-27T14:29:20.964386+00:00,1,1,True,"{'units': '%', 'hi_normal': 10, 'low_normal': 1, 'hi_absolute': 50, 'low_absolute': 0, 'allow_decimal': False}",/orgs/CIEL/sources/CIEL/concepts/163426/2854284/,2854284,False,False,False,163426AAAAAAAAAAAAAAAAAAAAAAAAAAAAAA,Test,Numeric,,42,106147,163426,True,True
"{'smart': 'edd9a88f3ce133dcab503903390fee88', 'standard': '6b594ff9bcda74fc34a474052e5f75c7'}",2854616,View,2023-01-27T14:30:08.651237+00:00,2023-01-27T14:30:08.659275+00:00,1,1,True,"{'units': 'mg/dl', 'hi_normal': 120, 'low_normal': 70, 'hi_absolute': 450, 'low_absolute': 20, 'allow_decimal': False}",/orgs/CIEL/sources/CIEL/concepts/163594/2854616/,2854616,False,False,False,163594AAAAAAAAAAAAAAAAAAAAAAAAAAAAAA,Test,Numeric,,42,106726,163594,True,True
"{'smart': '3b72ef3d0447e65d8a96e1f448d00e10', 'standard': '587f3bf07a4fa5e4dd592231cbc50a84'}",2854637,View,2023-01-27T14:30:11.514411+00:00,2023-01-27T14:30:11.521122+00:00,1,1,True,{},/orgs/CIEL/sources/CIEL/concepts/163603/2854637/,2854637,False,False,False,163603AAAAAAAAAAAAAAAAAAAAAAAAAAAAAA,Test,Text,,42,99649,163603,True,True
"{'smart': '1e99a61c6a900b3122750c3d5ef3a669', 'standard': '7b7653b66ab96e321a7097881e6d3456'}",2854711,View,2023-01-27T14:30:22.399600+00:00,2023-01-27T14:30:22.403759+00:00,1,1,True,{},/orgs/CIEL/sources/CIEL/concepts/163640/2854711/,2854711,False,False,False,163640AAAAAAAAAAAAAAAAAAAAAAAAAAAAAA,Finding,Coded,,42,94777,163640,True,True
"{'smart': '118f2d139de680206419cbda84c928eb', 'standard': '438f0fadffc172d69da3bfd86e1b6742'}",2854713,View,2023-01-27T14:30:22.657630+00:00,2023-01-27T14:30:22.660601+00:00,1,1,True,{},/orgs/CIEL/sources/CIEL/concepts/163641/2854713/,2854713,False,False,False,163641AAAAAAAAAAAAAAAAAAAAAAAAAAAAAA,Finding,Coded,,42,83648,163641,True,True
"{'smart': 'f1e4e3f6bf5dddf00551ad6c39f1b543', 'standard': '0527df70f14d11d6cefc3ff693cb8ea9'}",2854715,View,2023-01-27T14:30:22.915114+00:00,2023-01-27T14:30:22.921646+00:00,1,1,True,{},/orgs/CIEL/sources/CIEL/concepts/163642/2854715/,2854715,False,False,False,163642AAAAAAAAAAAAAAAAAAAAAAAAAAAAAA,Finding,N/A,,42,99260,163642,True,True
"{'smart': '6b638412ed247618ab84f04e09c6d36e', 'standard': 'c6a79f7763f1da049e40be7100905f4d'}",2854717,View,2023-01-27T14:30:23.274122+00:00,2023-01-27T14:30:23.278910+00:00,1,1,True,{},/orgs/CIEL/sources/CIEL/concepts/163643/2854717/,2854717,False,False,False,163643AAAAAAAAAAAAAAAAAAAAAAAAAAAAAA,Finding,N/A,,42,109037,163643,True,True
"{'smart': 'ddf486ed95c809ab62f33306893b24b2', 'standard': '2f5df2f0916e8becd431179d38286f22'}",2854719,View,2023-01-27T14:30:23.670066+00:00,2023-01-27T14:30:23.680687+00:00,1,1,True,{},/orgs/CIEL/sources/CIEL/concepts/163644/2854719/,2854719,False,False,False,163644AAAAAAAAAAAAAAAAAAAAAAAAAAAAAA,Finding,N/A,,42,100886,163644,True,True
"{'smart': '72b040c69c9975002cffa55475d9ed3b', 'standard': '86ddbe77a0d2c37c903a6c6456897796'}",2854727,View,2023-01-27T14:30:25.234517+00:00,2023-01-27T14:30:25.237213+00:00,1,1,True,{},/orgs/CIEL/sources/CIEL/concepts/163648/2854727/,2854727,False,False,False,163648AAAAAAAAAAAAAAAAAAAAAAAAAAAAAA,Test,Coded,,42,103052,163648,True,True
"{'smart': '7fc9c0509aa9141934920185c9c14a0a', 'standard': 'da97cbbe9b85789a89d861e42be1338b'}",2854799,View,2023-01-27T14:30:34.898232+00:00,2023-01-27T14:30:34.903770+00:00,1,1,True,{},/orgs/CIEL/sources/CIEL/concepts/163683/2854799/,2854799,False,False,False,163683AAAAAAAAAAAAAAAAAAAAAAAAAAAAAA,Test,Coded,,42,86250,163683,True,True
"{'smart': '5284174f99a1fbf4eae3239235086e2a', 'standard': '6012c33ad50de7d9f20ce3234cdc67c4'}",2854801,View,2023-01-27T14:30:35.223133+00:00,2023-01-27T14:30:35.230181+00:00,1,1,True,{},/orgs/CIEL/sources/CIEL/concepts/163684/2854801/,2854801,False,False,False,163684AAAAAAAAAAAAAAAAAAAAAAAAAAAAAA,Test,Coded,,42,106827,163684,True,True
"{'smart': '8ed00394b348dcce04e33dbcd21c1f3c', 'standard': '8a005708a54dc419da474948dc48fcea'}",2854804,View,2023-01-27T14:30:35.626451+00:00,2023-01-27T14:30:35.631354+00:00,1,1,True,{},/orgs/CIEL/sources/CIEL/concepts/163686/2854804/,2854804,False,False,False,163686AAAAAAAAAAAAAAAAAAAAAAAAAAAAAA,Test,Coded,,42,105959,163686,True,True
"{'smart': '2d12eb91bb2385edeff651407946dc68', 'standard': '5a3a419578e6780a59468d875f9141db'}",2854806,View,2023-01-27T14:30:35.970052+00:00,2023-01-27T14:30:35.981139+00:00,1,1,True,{},/orgs/CIEL/sources/CIEL/concepts/163687/2854806/,2854806,False,False,False,163687AAAAAAAAAAAAAAAAAAAAAAAAAAAAAA,Test,Coded,,42,108068,163687,True,True
"{'smart': '31919d24d62f25e2f8bd32c6447415ad', 'standard': '867928a6c9d6d804692305121d06abbb'}",2854808,View,2023-01-27T14:30:36.315874+00:00,2023-01-27T14:30:36.320797+00:00,1,1,True,{},/orgs/CIEL/sources/CIEL/concepts/163688/2854808/,2854808,False,False,False,163688AAAAAAAAAAAAAAAAAAAAAAAAAAAAAA,Test,Coded,,42,108482,163688,True,True
"{'smart': '717656ff8f439398fb39592ca6d6660b', 'standard': '530ee68da67dbad6c75ebcb8999dd6c1'}",2854811,View,2023-01-27T14:30:36.621503+00:00,2023-01-27T14:30:36.624853+00:00,1,1,True,{},/orgs/CIEL/sources/CIEL/concepts/163689/2854811/,2854811,False,False,False,163689AAAAAAAAAAAAAAAAAAAAAAAAAAAAAA,Test,Coded,,42,105040,163689,True,True
"{'smart': '941df104a2410a9ae70f8c4fdaa94076', 'standard': 'd7e72da4a6c5e30c23b061b271a681a7'}",2854813,View,2023-01-27T14:30:36.928790+00:00,2023-01-27T14:30:36.938832+00:00,1,1,True,{},/orgs/CIEL/sources/CIEL/concepts/163690/2854813/,2854813,False,False,False,163690AAAAAAAAAAAAAAAAAAAAAAAAAAAAAA,Test,Coded,,42,107055,163690,True,True
"{'smart': '161db9f79b79327503247e22e338783f', 'standard': '3d979d6114ac50bc50056421c3fa7d63'}",2854815,View,2023-01-27T14:30:37.174053+00:00,2023-01-27T14:30:37.178348+00:00,1,1,True,{},/orgs/CIEL/sources/CIEL/concepts/163691/2854815/,2854815,False,False,False,163691AAAAAAAAAAAAAAAAAAAAAAAAAAAAAA,Test,Coded,,42,107736,163691,True,True
"{'smart': '9142b7ab0225d4169c064dbb7eef19c5', 'standard': '10504550fdef400d5dedc7278b571ff4'}",2854816,View,2023-01-27T14:30:37.366965+00:00,2023-01-27T14:30:37.373410+00:00,1,1,True,{},/orgs/CIEL/sources/CIEL/concepts/163692/2854816/,2854816,False,False,False,163692AAAAAAAAAAAAAAAAAAAAAAAAAAAAAA,Test,Coded,,42,107188,163692,True,True
"{'smart': 'dd467540b7692162b7bc272d032ff4a1', 'standard': 'de720526cccac718a4b37b26e4157192'}",2854818,View,2023-01-27T14:30:37.568882+00:00,2023-01-27T14:30:37.575498+00:00,1,1,True,{},/orgs/CIEL/sources/CIEL/concepts/163693/2854818/,2854818,False,False,False,163693AAAAAAAAAAAAAAAAAAAAAAAAAAAAAA,Test,Coded,,42,99865,163693,True,True
"{'smart': 'd9dc2334b7d601a63a16224056c0426a', 'standard': '885424e7c438d5a7818a39bfd9ddaa73'}",2854820,View,2023-01-27T14:30:37.778928+00:00,2023-01-27T14:30:37.785673+00:00,1,1,True,{},/orgs/CIEL/sources/CIEL/concepts/163694/2854820/,2854820,False,False,False,163694AAAAAAAAAAAAAAAAAAAAAAAAAAAAAA,Test,Coded,,42,78254,163694,True,True
"{'smart': '2ed7800d898d95da5be429b3766f8f1c', 'standard': '6fbc3383d4040385ad9d9f4c3d5d3f74'}",2854822,View,2023-01-27T14:30:38.211181+00:00,2023-01-27T14:30:38.215938+00:00,1,1,True,{},/orgs/CIEL/sources/CIEL/concepts/163695/2854822/,2854822,False,False,False,163695AAAAAAAAAAAAAAAAAAAAAAAAAAAAAA,Test,Coded,,42,92430,163695,True,True
"{'smart': '3b035d3026706f745fcb066cc30f9f02', 'standard': '92ccf0201a25b563c9529736156a9006'}",2854824,View,2023-01-27T14:30:38.505843+00:00,2023-01-27T14:30:38.509431+00:00,1,1,True,{},/orgs/CIEL/sources/CIEL/concepts/163696/2854824/,2854824,False,False,False,163696AAAAAAAAAAAAAAAAAAAAAAAAAAAAAA,Test,Coded,,42,102513,163696,True,True
"{'smart': '85a64a6b35293d38c5e217a4b705dce4', 'standard': '751268d9044308d34cad1caa4222106d'}",2854826,View,2023-01-27T14:30:38.865290+00:00,2023-01-27T14:30:38.868809+00:00,1,1,True,{'is_set': 1},/orgs/CIEL/sources/CIEL/concepts/163697/2854826/,2854826,False,False,False,163697AAAAAAAAAAAAAAAAAAAAAAAAAAAAAA,LabSet,N/A,,42,103207,163697,True,True
"{'smart': '23433fda00cc4a62d632db978f0191c7', 'standard': 'ded575effcf9c0e9abb48ff3bb5adaad'}",2854830,View,2023-01-27T14:30:39.768924+00:00,2023-01-27T14:30:39.776599+00:00,1,1,True,"{'units': 'mg/dl', 'hi_normal': 40, 'low_normal': 20, 'hi_absolute': 200, 'low_absolute': 10, 'allow_decimal': False}",/orgs/CIEL/sources/CIEL/concepts/163699/2854830/,2854830,False,False,False,163699AAAAAAAAAAAAAAAAAAAAAAAAAAAAAA,Test,Numeric,,42,100411,163699,True,True
"{'smart': '42b8e9cafdf59b529bafec98595511f7', 'standard': '1ab298fca1100b145bf26ad5f056d451'}",2854840,View,2023-01-27T14:30:42.196008+00:00,2023-01-27T14:30:42.216682+00:00,1,1,True,"{'units': 'mg/dL', 'hi_normal': 120, 'low_normal': 70, 'hi_absolute': 450, 'low_absolute': 20, 'allow_decimal': False}",/orgs/CIEL/sources/CIEL/concepts/163703/2854840/,2854840,False,False,False,163703AAAAAAAAAAAAAAAAAAAAAAAAAAAAAA,Test,Numeric,,42,109067,163703,True,True
"{'smart': '2ec8fc40833364963de96a287fa08b1d', 'standard': '88827ed4610d8a855b8abd9c83e43b03'}",2854842,View,2023-01-27T14:30:42.417887+00:00,2023-01-27T14:30:42.423119+00:00,1,1,True,"{'units': 'mg/dL', 'hi_normal': 120, 'low_normal': 70, 'hi_absolute': 450, 'low_absolute': 20, 'allow_decimal': False}",/orgs/CIEL/sources/CIEL/concepts/163704/2854842/,2854842,False,False,False,163704AAAAAAAAAAAAAAAAAAAAAAAAAAAAAA,Test,Numeric,,42,101013,163704,True,True
"{'smart': 'eb041c8ebe293f9e89453c792216798f', 'standard': '89ec9e4bc92765884d90d67d3a3125fd'}",2854844,View,2023-01-27T14:30:42.626096+00:00,2023-01-27T14:30:42.629657+00:00,1,1,True,"{'units': 'mg/dL', 'hi_normal': 120, 'low_normal': 70, 'hi_absolute': 450, 'low_absolute': 20, 'allow_decimal': False}",/orgs/CIEL/sources/CIEL/concepts/163705/2854844/,2854844,False,False,False,163705AAAAAAAAAAAAAAAAAAAAAAAAAAAAAA,Test,Numeric,,42,109743,163705,True,True
"{'smart': '6c279755c6b0762a2a5585ca7b55fdc5', 'standard': 'be257d71da6ec1c183d5ebf233d719ae'}",2854846,View,2023-01-27T14:30:42.837288+00:00,2023-01-27T14:30:42.842761+00:00,1,1,True,"{'units': 'mg/dL', 'hi_normal': 120, 'low_normal': 70, 'hi_absolute': 450, 'low_absolute': 20, 'allow_decimal': False}",/orgs/CIEL/sources/CIEL/concepts/163706/2854846/,2854846,False,False,False,163706AAAAAAAAAAAAAAAAAAAAAAAAAAAAAA,Test,Numeric,,42,109558,163706,True,True
"{'smart': '23f70c43a4c6b547cef5b2f7755091ec', 'standard': '9dd32f60206c5a4b71daf3a471986d68'}",2854848,View,2023-01-27T14:30:43.060209+00:00,2023-01-27T14:30:43.064336+00:00,1,1,True,"{'units': 'mg/dL', 'hi_normal': 120, 'low_normal': 70, 'hi_absolute': 450, 'low_absolute': 20, 'allow_decimal': False}",/orgs/CIEL/sources/CIEL/concepts/163707/2854848/,2854848,False,False,False,163707AAAAAAAAAAAAAAAAAAAAAAAAAAAAAA,Test,Numeric,,42,103399,163707,True,True
"{'smart': '29288efd3b04ea008f87aa06f08a8c37', 'standard': '1628fb0d381b3374f6e080533cd6000b'}",2854850,View,2023-01-27T14:30:43.413641+00:00,2023-01-27T14:30:43.421699+00:00,1,1,True,{'is_set': 1},/orgs/CIEL/sources/CIEL/concepts/163708/2854850/,2854850,False,False,False,163708AAAAAAAAAAAAAAAAAAAAAAAAAAAAAA,LabSet,N/A,,42,103164,163708,True,True
"{'smart': 'bef2312ca34f5074589108243a3cfd88', 'standard': '8b69e77cae2f0adc3697f66b3b9df8de'}",2854926,View,2023-01-27T14:30:54.739568+00:00,2023-01-27T14:30:54.742746+00:00,1,1,True,{},/orgs/CIEL/sources/CIEL/concepts/163747/2854926/,2854926,False,False,False,163747AAAAAAAAAAAAAAAAAAAAAAAAAAAAAA,Misc,N/A,,42,108138,163747,True,True
"{'smart': 'a07bb09ea9aca8c49c878a4b3c643f19', 'standard': '225e7370193508d4a272850c7ce2a1c6'}",2854928,View,2023-01-27T14:30:54.911842+00:00,2023-01-27T14:30:54.914348+00:00,1,1,True,{},/orgs/CIEL/sources/CIEL/concepts/163748/2854928/,2854928,False,False,False,163748AAAAAAAAAAAAAAAAAAAAAAAAAAAAAA,Misc,N/A,,42,108517,163748,True,True
"{'smart': '6de6bf32cd6714fd1d68ce3a5a32b905', 'standard': 'b0e0642be913485b5bfc3da6d28648dd'}",2855135,View,2023-01-27T14:31:24.113822+00:00,2023-01-27T14:31:24.118144+00:00,1,1,True,"{'units': 'mmol/L', 'low_absolute': 0, 'allow_decimal': False}",/orgs/CIEL/sources/CIEL/concepts/1298/2855135/,2855135,False,False,False,1298AAAAAAAAAAAAAAAAAAAAAAAAAAAAAAAA,Test,Numeric,,42,3713,1298,True,True
"{'smart': 'e7193616c0ca1feda0195f425b871fcc', 'standard': 'f194c1deaf63a7065f365943cf4f1ddf'}",2855348,View,2023-01-27T14:31:51.498527+00:00,2023-01-27T14:31:51.502012+00:00,1,1,True,"{'units': 'IU/L', 'hi_normal': 200, 'low_normal': 28, 'low_absolute': 0, 'allow_decimal': False}",/orgs/CIEL/sources/CIEL/concepts/1299/2855348/,2855348,False,False,False,1299AAAAAAAAAAAAAAAAAAAAAAAAAAAAAAAA,Test,Numeric,,42,3888,1299,True,True
"{'smart': '59579ca9a2b2e1c9dd986f21ea012bde', 'standard': 'cd6278a0f1e3a39ce0486f22eeb6c292'}",2855571,View,2023-01-27T14:32:21.555063+00:00,2023-01-27T14:32:21.561657+00:00,1,1,True,{},/orgs/CIEL/sources/CIEL/concepts/1300/2855571/,2855571,False,False,False,1300AAAAAAAAAAAAAAAAAAAAAAAAAAAAAAAA,Misc,N/A,,42,2955,1300,True,True
"{'smart': '96313d7bf02349e00f09f9512789287b', 'standard': '88be781899298bdd71f9aae033699b64'}",2856451,View,2023-01-27T14:34:21.662394+00:00,2023-01-27T14:34:21.665792+00:00,1,1,True,{},/orgs/CIEL/sources/CIEL/concepts/1304/2856451/,2856451,False,False,False,1304AAAAAAAAAAAAAAAAAAAAAAAAAAAAAAAA,Misc,N/A,,42,4225,1304,True,True
"{'smart': '17670cc6903499bd82a05c4835e1c9bd', 'standard': '614c052322fd35fed4425536f2cb41f6'}",2857170,View,2023-01-27T14:35:53.028979+00:00,2023-01-27T14:35:53.032024+00:00,1,1,True,"{'units': '', 'low_absolute': 0, 'allow_decimal': True}",/orgs/CIEL/sources/CIEL/concepts/164948/2857170/,2857170,False,False,False,164948AAAAAAAAAAAAAAAAAAAAAAAAAAAAAA,Test,Numeric,,42,109004,164948,True,True
"{'smart': 'd716fefaf3a3f4ba74beee5689947dc5', 'standard': '33dd93413fadab0ca0694bab62e830f1'}",2859553,View,2023-01-27T14:41:01.054056+00:00,2023-01-27T14:41:01.057117+00:00,1,1,True,{},/orgs/CIEL/sources/CIEL/concepts/1325/2859553/,2859553,False,False,False,1325AAAAAAAAAAAAAAAAAAAAAAAAAAAAAAAA,Test,Coded,,42,4338,1325,True,True
"{'smart': '19f7648276ee68331d2b1bea11ce89ed', 'standard': 'a226e0acd9229b4c6fdb39391607b45d'}",2859907,View,2023-01-27T14:41:47.440934+00:00,2023-01-27T14:41:47.445183+00:00,1,1,True,"{'units': '%', 'hi_absolute': 100, 'low_absolute': 0, 'allow_decimal': False}",/orgs/CIEL/sources/CIEL/concepts/1327/2859907/,2859907,False,False,False,1327AAAAAAAAAAAAAAAAAAAAAAAAAAAAAAAA,Test,Numeric,,42,3767,1327,True,True
"{'smart': '35e807a19b59500fe2b8f8dc562275c3', 'standard': 'd3f5349381468301c3a9903c2f7f59c9'}",2859927,View,2023-01-27T14:41:49.458302+00:00,2023-01-27T14:41:49.461251+00:00,1,1,True,{'is_set': 1},/orgs/CIEL/sources/CIEL/concepts/166374/2859927/,2859927,False,False,False,166374AAAAAAAAAAAAAAAAAAAAAAAAAAAAAA,LabSet,N/A,,42,109836,166374,True,True
"{'smart': '446996fb02db1c2a2de7b6fa5bdf6085', 'standard': 'ca66b3905594fa76b4c3a5b909d15a90'}",2861415,View,2023-01-27T14:45:05.628537+00:00,2023-01-27T14:45:05.631897+00:00,1,1,True,"{'units': '%', 'hi_absolute': 100, 'low_absolute': 0, 'allow_decimal': False}",/orgs/CIEL/sources/CIEL/concepts/1336/2861415/,2861415,False,False,False,1336AAAAAAAAAAAAAAAAAAAAAAAAAAAAAAAA,Test,Numeric,,42,4729,1336,True,True
"{'smart': '31eb543310efabffcd1357919a7bdbce', 'standard': '244b1f38a5a689ccfd09307a751ec646'}",2861754,View,2023-01-27T14:45:48.283940+00:00,2023-01-27T14:45:48.287676+00:00,1,1,True,{},/orgs/CIEL/sources/CIEL/concepts/133792/2861754/,2861754,False,False,False,133792AAAAAAAAAAAAAAAAAAAAAAAAAAAAAA,Diagnosis,N/A,,42,54466,133792,True,True
"{'smart': '81688fc89dd9ae9714686da5f7c416e1', 'standard': '9daa975073c1a6aa62e332fdc947b58d'}",2861768,View,2023-01-27T14:45:49.586575+00:00,2023-01-27T14:45:49.592004+00:00,1,1,True,"{'units': '%', 'hi_absolute': 100, 'low_absolute': 0, 'allow_decimal': False}",/orgs/CIEL/sources/CIEL/concepts/1338/2861768/,2861768,False,False,False,1338AAAAAAAAAAAAAAAAAAAAAAAAAAAAAAAA,Test,Numeric,,42,2876,1338,True,True
"{'smart': '873f1b4d05788db7965c5327720a0af1', 'standard': '21a8a657c219bc2ec324f395ad47e762'}",2863333,View,2023-01-27T14:49:15.102669+00:00,2023-01-27T14:49:15.110059+00:00,1,1,True,{},/orgs/CIEL/sources/CIEL/concepts/1874/2863333/,2863333,False,False,False,1874AAAAAAAAAAAAAAAAAAAAAAAAAAAAAAAA,Misc,N/A,,42,5609,1874,True,True
"{'smart': '0cca5e76a91e40b394caf9b2fe408a89', 'standard': '0334b00fbafa1044d98a04fbecafa063'}",2863335,View,2023-01-27T14:49:15.685777+00:00,2023-01-27T14:49:15.694073+00:00,1,1,True,{},/orgs/CIEL/sources/CIEL/concepts/1875/2863335/,2863335,False,False,False,1875AAAAAAAAAAAAAAAAAAAAAAAAAAAAAAAA,Test,Coded,,42,5655,1875,True,True
"{'smart': '0aea0722647369afe4b891742e5ed1b8', 'standard': '2c3372829489c77d8d65ef9aca66cae3'}",2863521,View,2023-01-27T14:49:40.850687+00:00,2023-01-27T14:49:40.854755+00:00,1,1,True,"{'units': 'g/dL', 'hi_normal': 17.8, 'low_normal': 10.4, 'low_absolute': 0, 'low_critical': 7, 'allow_decimal': True}",/orgs/CIEL/sources/CIEL/concepts/21/2863521/,2863521,False,False,False,21AAAAAAAAAAAAAAAAAAAAAAAAAAAAAAAAAA,Test,Numeric,,42,1400,21,True,True
"{'smart': 'eeb21306856a1c91babe17d6d9af2df4', 'standard': 'd72bd2b7c3d0addcccef619c585b7237'}",2863700,View,2023-01-27T14:50:05.086617+00:00,2023-01-27T14:50:05.093854+00:00,1,1,True,{},/orgs/CIEL/sources/CIEL/concepts/300/2863700/,2863700,False,False,False,300AAAAAAAAAAAAAAAAAAAAAAAAAAAAAAAAA,Test,Coded,,42,2152,300,True,True
"{'smart': 'f5201ec21c1266930b0a100bc84d4376', 'standard': '4641100437d2a73aca5383a3c4a643a5'}",2863704,View,2023-01-27T14:50:05.732999+00:00,2023-01-27T14:50:05.737878+00:00,1,1,True,{},/orgs/CIEL/sources/CIEL/concepts/302/2863704/,2863704,False,False,False,302AAAAAAAAAAAAAAAAAAAAAAAAAAAAAAAAA,Test,Coded,,42,1553,302,True,True
"{'smart': '0e74d83f425e3a9a0217153b9fe03296', 'standard': 'c3e448ccb8c9e0cfd7291f196825f254'}",2863708,View,2023-01-27T14:50:06.207800+00:00,2023-01-27T14:50:06.212923+00:00,1,1,True,{},/orgs/CIEL/sources/CIEL/concepts/304/2863708/,2863708,False,False,False,304AAAAAAAAAAAAAAAAAAAAAAAAAAAAAAAAA,Test,Coded,,42,1582,304,True,True
"{'smart': 'cbf8fc8770ca21f6b80f2cd6521e7020', 'standard': '4c3d0823945df03077cfc4de6310c3bf'}",2863712,View,2023-01-27T14:50:06.741689+00:00,2023-01-27T14:50:06.747794+00:00,1,1,True,{},/orgs/CIEL/sources/CIEL/concepts/306/2863712/,2863712,False,False,False,306AAAAAAAAAAAAAAAAAAAAAAAAAAAAAAAAA,Test,Coded,,42,1658,306,True,True
"{'smart': '8c8099b2a155ee8459ced9d1df2b045f', 'standard': 'ed1a54bce307eeb9c3c3fae1a30321d2'}",2863997,View,2023-01-27T14:50:39.700796+00:00,2023-01-27T14:50:39.706086+00:00,1,1,True,{},/orgs/CIEL/sources/CIEL/concepts/45/2863997/,2863997,False,False,False,45AAAAAAAAAAAAAAAAAAAAAAAAAAAAAAAAAA,Test,Coded,,42,1461,45,True,True
"{'smart': '232bbe8f26d6ceef0d942337eeadd9eb', 'standard': '438261909ee566d4aee34be4d103d957'}",2865337,View,2023-01-27T14:53:36.685996+00:00,2023-01-27T14:53:36.688483+00:00,1,1,True,{},/orgs/CIEL/sources/CIEL/concepts/5622/2865337/,2865337,False,False,False,5622AAAAAAAAAAAAAAAAAAAAAAAAAAAAAAAA,Misc,N/A,,42,4462,5622,True,True
"{'smart': '9d426b6e98b9b410dc365496ae8caa04', 'standard': '010430600b39383feaa376cf3a9909f7'}",2866090,View,2023-01-27T14:55:14.357299+00:00,2023-01-27T14:55:14.362776+00:00,1,1,True,{},/orgs/CIEL/sources/CIEL/concepts/1362/2866090/,2866090,False,False,False,1362AAAAAAAAAAAAAAAAAAAAAAAAAAAAAAAA,Finding,Boolean,,42,3812,1362,True,True
"{'smart': '739cd3827bcb791069db38ada3c9195c', 'standard': '7da520d8f1e3b1a01829849894fc94e5'}",2866315,View,2023-01-27T14:55:46.310535+00:00,2023-01-27T14:55:46.315306+00:00,1,1,True,{},/orgs/CIEL/sources/CIEL/concepts/1363/2866315/,2866315,False,False,False,1363AAAAAAAAAAAAAAAAAAAAAAAAAAAAAAAA,Finding,Boolean,,42,4506,1363,True,True
"{'smart': 'ae48e15c8d42917057cacc753107009e', 'standard': '68120d7d7a52bf22093329f1ba2c209e'}",2866322,View,2023-01-27T14:55:47.183974+00:00,2023-01-27T14:55:47.189795+00:00,1,1,True,"{'units': 'IU/L', 'hi_normal': 45, 'low_normal': 25, 'low_absolute': 0, 'allow_decimal': False}",/orgs/CIEL/sources/CIEL/concepts/653/2866322/,2866322,False,False,False,653AAAAAAAAAAAAAAAAAAAAAAAAAAAAAAAAA,Test,Numeric,,42,2618,653,True,True
"{'smart': '449b1fa3b361f253181a08ede77e481d', 'standard': 'ca721948a6aafb5f5c80131f70ba29e4'}",2866324,View,2023-01-27T14:55:47.392494+00:00,2023-01-27T14:55:47.396376+00:00,1,1,True,"{'units': 'IU/L', 'hi_normal': 35, 'low_normal': 0, 'low_absolute': 0, 'allow_decimal': True}",/orgs/CIEL/sources/CIEL/concepts/654/2866324/,2866324,False,False,False,654AAAAAAAAAAAAAAAAAAAAAAAAAAAAAAAAA,Test,Numeric,,42,2968,654,True,True
"{'smart': '74880ded44697500d2824d5bf22504bd', 'standard': 'fe1975cd32cfbc425a45cd46a00931a8'}",2866326,View,2023-01-27T14:55:47.603850+00:00,2023-01-27T14:55:47.608352+00:00,1,1,True,"{'units': 'umol/L', 'low_absolute': 0, 'allow_decimal': True}",/orgs/CIEL/sources/CIEL/concepts/655/2866326/,2866326,False,False,False,655AAAAAAAAAAAAAAAAAAAAAAAAAAAAAAAAA,Test,Numeric,,42,2717,655,True,True
"{'smart': '69f109bb19e4a07ea4e8c140d7866c32', 'standard': '41e1357a359153ae3c4689dc2acef5cb'}",2866343,View,2023-01-27T14:55:49.567608+00:00,2023-01-27T14:55:49.571256+00:00,1,1,True,{},/orgs/CIEL/sources/CIEL/concepts/664/2866343/,2866343,False,False,False,664AAAAAAAAAAAAAAAAAAAAAAAAAAAAAAAAA,Misc,N/A,,42,2136,664,True,True
"{'smart': 'ab45bcb524348fcc7a3175dee4759390', 'standard': '096970f136aed70a89ef2cda8a70305e'}",2866369,View,2023-01-27T14:55:52.634003+00:00,2023-01-27T14:55:52.639371+00:00,1,1,True,"{'units': '10^3/uL', 'hi_normal': 11, 'low_normal': 4, 'low_absolute': 0, 'low_critical': 1.4, 'allow_decimal': True}",/orgs/CIEL/sources/CIEL/concepts/678/2866369/,2866369,False,False,False,678AAAAAAAAAAAAAAAAAAAAAAAAAAAAAAAAA,Test,Numeric,,42,2113,678,True,True
"{'smart': '5555321479e845e2fdd152552034a396', 'standard': 'c33080316cd2b733127b555ca62e5d8f'}",2866371,View,2023-01-27T14:55:52.863791+00:00,2023-01-27T14:55:52.870041+00:00,1,1,True,"{'units': '10^6/uL', 'hi_normal': 6.1, 'low_normal': 4, 'low_absolute': 0, 'low_critical': 2.3, 'allow_decimal': True}",/orgs/CIEL/sources/CIEL/concepts/679/2866371/,2866371,False,False,False,679AAAAAAAAAAAAAAAAAAAAAAAAAAAAAAAAA,Test,Numeric,,42,3525,679,True,True
"{'smart': 'b899245e1f95fb2337cef894c179fe91', 'standard': '45ec6aca1879df0e26f4022081b5627f'}",2866394,View,2023-01-27T14:55:55.786148+00:00,2023-01-27T14:55:55.790015+00:00,1,1,True,{},/orgs/CIEL/sources/CIEL/concepts/690/2866394/,2866394,False,False,False,690AAAAAAAAAAAAAAAAAAAAAAAAAAAAAAAAA,Finding,N/A,,42,2865,690,True,True
"{'smart': '23aabe12456059eaa722313edf78c6d6', 'standard': 'b3dae4e15ea7bbed8f9e289c20edcf83'}",2866398,View,2023-01-27T14:55:56.589498+00:00,2023-01-27T14:55:56.594831+00:00,1,1,True,{},/orgs/CIEL/sources/CIEL/concepts/692/2866398/,2866398,False,False,False,692AAAAAAAAAAAAAAAAAAAAAAAAAAAAAAAAA,Finding,N/A,,42,2327,692,True,True
"{'smart': '02612bcf2c2c25c7d8e07fe7c953302e', 'standard': '702e359a89198af23c72066a7bac5821'}",2866402,View,2023-01-27T14:55:57.194286+00:00,2023-01-27T14:55:57.199174+00:00,1,1,True,{},/orgs/CIEL/sources/CIEL/concepts/694/2866402/,2866402,False,False,False,694AAAAAAAAAAAAAAAAAAAAAAAAAAAAAAAAA,Finding,N/A,,42,2200,694,True,True
"{'smart': 'a730e2c9a5afd3e569e5bca48d79060d', 'standard': '5a2754e8f0d5936028d1a94963f125f8'}",2866405,View,2023-01-27T14:55:57.541552+00:00,2023-01-27T14:55:57.546905+00:00,1,1,True,{},/orgs/CIEL/sources/CIEL/concepts/696/2866405/,2866405,False,False,False,696AAAAAAAAAAAAAAAAAAAAAAAAAAAAAAAAA,Finding,N/A,,42,2688,696,True,True
"{'smart': 'f264e9fe1f48c380ad59adfe341750a2', 'standard': '7ce862210ce66afc2d310bca0817a5c7'}",2866411,View,2023-01-27T14:55:58.062614+00:00,2023-01-27T14:55:58.065810+00:00,1,1,True,{},/orgs/CIEL/sources/CIEL/concepts/699/2866411/,2866411,False,False,False,699AAAAAAAAAAAAAAAAAAAAAAAAAAAAAAAAA,Finding,N/A,,42,2606,699,True,True
"{'smart': '8bf282d1ddd9a36f8f740382ba5a590a', 'standard': '782e4f0a77ea63387fe4f0368cb19045'}",2866497,View,2023-01-27T14:56:14.196913+00:00,2023-01-27T14:56:14.199606+00:00,1,1,True,{},/orgs/CIEL/sources/CIEL/concepts/701/2866497/,2866497,False,False,False,701AAAAAAAAAAAAAAAAAAAAAAAAAAAAAAAAA,Finding,N/A,,42,3031,701,True,True
"{'smart': '93120961458057e67a9bdf299d56dcc8', 'standard': '3b2cca2c6a3793754e0feacd283c60d7'}",2866527,View,2023-01-27T14:56:17.998469+00:00,2023-01-27T14:56:18.002432+00:00,1,1,True,{},/orgs/CIEL/sources/CIEL/concepts/1364/2866527/,2866527,False,False,False,1364AAAAAAAAAAAAAAAAAAAAAAAAAAAAAAAA,Finding,Boolean,,42,4371,1364,True,True
"{'smart': '59d96f565e1985ccb62dfa2b1889c869', 'standard': '4b7d0bc310bb4e4bea45224d74073115'}",2866629,View,2023-01-27T14:56:32.596402+00:00,2023-01-27T14:56:32.602270+00:00,1,1,True,{},/orgs/CIEL/sources/CIEL/concepts/703/2866629/,2866629,False,False,False,703AAAAAAAAAAAAAAAAAAAAAAAAAAAAAAAAA,Misc,N/A,,42,3025,703,True,True
"{'smart': 'e2e694ca4f18301c7e1eeb8d37fa68ad', 'standard': 'e385211d9bb71dce754e95a6bfc8486b'}",2866653,View,2023-01-27T14:56:36.018874+00:00,2023-01-27T14:56:36.023703+00:00,1,1,True,{},/orgs/CIEL/sources/CIEL/concepts/70445/2866653/,2866653,False,False,False,70445AAAAAAAAAAAAAAAAAAAAAAAAAAAAAAA,Drug,N/A,,42,9235,70445,True,True
"{'smart': 'b3b3980d909e9196ded4f020a8d55445', 'standard': '0dfb5b2b3b821fd0701aea3e4e2b6dcb'}",2866710,View,2023-01-27T14:56:44.907880+00:00,2023-01-27T14:56:44.910409+00:00,1,1,True,{},/orgs/CIEL/sources/CIEL/concepts/1365/2866710/,2866710,False,False,False,1365AAAAAAAAAAAAAAAAAAAAAAAAAAAAAAAA,Finding,Boolean,,42,4412,1365,True,True
"{'smart': 'b5904b678ab656fd1b8f1017d887750e', 'standard': 'fe46a2a54ab1b6bdec709adaa1490ce7'}",2867515,View,2023-01-27T14:58:47.939197+00:00,2023-01-27T14:58:47.944111+00:00,1,1,True,{},/orgs/CIEL/sources/CIEL/concepts/1369/2867515/,2867515,False,False,False,1369AAAAAAAAAAAAAAAAAAAAAAAAAAAAAAAA,Test,Coded,,42,5077,1369,True,True
"{'smart': '84e9ea07d7f47a01a7a7cee41fc2f448', 'standard': '4fc33febcea7e4ad523a8d6658d35d15'}",2867624,View,2023-01-27T14:59:03.686109+00:00,2023-01-27T14:59:03.694201+00:00,1,1,True,{},/orgs/CIEL/sources/CIEL/concepts/71589/2867624/,2867624,False,False,False,71589AAAAAAAAAAAAAAAAAAAAAAAAAAAAAAA,Drug,N/A,,42,9725,71589,True,True
"{'smart': 'e5ba4738dcd761dbff5ea94b95d6035d', 'standard': 'aae32f0dabcfddc06bf17bb68792de4c'}",2867677,View,2023-01-27T14:59:10.709949+00:00,2023-01-27T14:59:10.713975+00:00,1,1,True,"{'units': 'g/dL', 'low_absolute': 0, 'allow_decimal': False}",/orgs/CIEL/sources/CIEL/concepts/717/2867677/,2867677,False,False,False,717AAAAAAAAAAAAAAAAAAAAAAAAAAAAAAAAA,Test,Numeric,,42,3117,717,True,True
"{'smart': 'dfa77b952e69733c61b4b7ace094fa05', 'standard': '1c97f31b6fcde73031f97f86861f26b9'}",2867980,View,2023-01-27T14:59:52.272180+00:00,2023-01-27T14:59:52.275926+00:00,1,1,True,{},/orgs/CIEL/sources/CIEL/concepts/722/2867980/,2867980,False,False,False,722AAAAAAAAAAAAAAAAAAAAAAAAAAAAAAAAA,Finding,N/A,,42,2399,722,True,True
"{'smart': '1205ba34430ee4b9623700fa6a653fa1', 'standard': 'a07070efbe5f1cb9083cb3a4fa755aff'}",2868178,View,2023-01-27T15:00:21.882006+00:00,2023-01-27T15:00:21.886137+00:00,1,1,True,{},/orgs/CIEL/sources/CIEL/concepts/725/2868178/,2868178,False,False,False,725AAAAAAAAAAAAAAAAAAAAAAAAAAAAAAAAA,Finding,N/A,,42,2711,725,True,True
"{'smart': 'f32e29656abe4225635cc145434f5ba0', 'standard': 'fc83524c0b166130418c17ef290ba4e8'}",2868364,View,2023-01-27T15:00:50.235709+00:00,2023-01-27T15:00:50.238839+00:00,1,1,True,{},/orgs/CIEL/sources/CIEL/concepts/72695/2868364/,2868364,False,False,False,72695AAAAAAAAAAAAAAAAAAAAAAAAAAAAAAA,Drug,N/A,,42,11189,72695,True,True
"{'smart': '79568bdc4c869e5b27c3553e984e86b7', 'standard': '9a91b3a3490b7638c4dd88262d5796fb'}",2868379,View,2023-01-27T15:00:53.993296+00:00,2023-01-27T15:00:53.999453+00:00,1,1,True,{},/orgs/CIEL/sources/CIEL/concepts/72703/2868379/,2868379,False,False,False,72703AAAAAAAAAAAAAAAAAAAAAAAAAAAAAAA,Drug,N/A,,42,9017,72703,True,True
"{'smart': '8cdb1c4ba3053b19488669cbb82cf9fc', 'standard': '5000f2c6da557178f7079c815c2eb751'}",2868387,View,2023-01-27T15:00:56.236787+00:00,2023-01-27T15:00:56.248253+00:00,1,1,True,{},/orgs/CIEL/sources/CIEL/concepts/137329/2868387/,2868387,False,False,False,137329AAAAAAAAAAAAAAAAAAAAAAAAAAAAAA,Diagnosis,N/A,,42,60265,137329,True,True
"{'smart': 'baf265e8a03e9bfb8c6f7aea0ada6a1e', 'standard': '909bdd75113dd17f7ea4ec9ce598c971'}",2868512,View,2023-01-27T15:01:18.143574+00:00,2023-01-27T15:01:18.155704+00:00,1,1,True,"{'units': '10^3/mL', 'hi_normal': 419, 'low_normal': 134, 'low_absolute': 0, 'low_critical': 49, 'allow_decimal': False}",/orgs/CIEL/sources/CIEL/concepts/729/2868512/,2868512,False,False,False,729AAAAAAAAAAAAAAAAAAAAAAAAAAAAAAAAA,Test,Numeric,,42,2687,729,True,True
"{'smart': '9922bc4020c2838e1a56ddd6b50c77aa', 'standard': '6db8d901434e028daf87706d0a9420cf'}",2868766,View,2023-01-27T15:01:54.126170+00:00,2023-01-27T15:01:54.130744+00:00,1,1,True,{},/orgs/CIEL/sources/CIEL/concepts/137504/2868766/,2868766,False,False,False,137504AAAAAAAAAAAAAAAAAAAAAAAAAAAAAA,Diagnosis,N/A,,42,54314,137504,True,True
"{'smart': 'd7e7f9eba6fe5266b22f1f48259c00f7', 'standard': '14bc72dd2c5f63dc8bc5162816127e94'}",2869311,View,2023-01-27T15:03:06.160787+00:00,2023-01-27T15:03:06.164117+00:00,1,1,True,{},/orgs/CIEL/sources/CIEL/concepts/74023/2869311/,2869311,False,False,False,74023AAAAAAAAAAAAAAAAAAAAAAAAAAAAAAA,Drug,N/A,,42,12067,74023,True,True
"{'smart': '3885ce00e0fa40c7414c83843322c3ad', 'standard': '77603f950aeab422dd4366d9babe8442'}",2869425,View,2023-01-27T15:03:20.728052+00:00,2023-01-27T15:03:20.730739+00:00,1,1,True,{},/orgs/CIEL/sources/CIEL/concepts/74167/2869425/,2869425,False,False,False,74167AAAAAAAAAAAAAAAAAAAAAAAAAAAAAAA,Drug,N/A,,42,7489,74167,True,True
"{'smart': 'e05b8078d5fd78743b8bccfed35ddebb', 'standard': 'bd2df84b083698e8185437116f36fa0d'}",2871993,View,2023-01-27T15:09:37.124680+00:00,2023-01-27T15:09:37.150548+00:00,1,1,True,"{'units': 'U/L', 'hi_normal': 270, 'low_normal': 0, 'hi_critical': 541, 'allow_decimal': False}",/orgs/CIEL/sources/CIEL/concepts/785/2871993/,2871993,False,False,False,785AAAAAAAAAAAAAAAAAAAAAAAAAAAAAAAAA,Test,Numeric,,42,2835,785,True,True
"{'smart': 'e8d57fd2cf998496fab7047ef8bdad47', 'standard': 'c46d06084345eabe13ad652ebf6af510'}",2872235,View,2023-01-27T15:10:13.362119+00:00,2023-01-27T15:10:13.370151+00:00,1,1,True,"{'units': 'umol/L', 'low_absolute': 0, 'allow_decimal': True}",/orgs/CIEL/sources/CIEL/concepts/790/2872235/,2872235,False,False,False,790AAAAAAAAAAAAAAAAAAAAAAAAAAAAAAAAA,Test,Numeric,,42,2367,790,True,True
"{'smart': 'a371884eb5b6a583e4873a8c95911a54', 'standard': 'c810921ba4eea955e0039f23ab7af748'}",2872369,View,2023-01-27T15:10:30.525463+00:00,2023-01-27T15:10:30.527596+00:00,1,1,True,{},/orgs/CIEL/sources/CIEL/concepts/79241/2872369/,2872369,False,False,False,79241AAAAAAAAAAAAAAAAAAAAAAAAAAAAAAA,Drug,N/A,,42,9128,79241,True,True
"{'smart': '46cbdeb9c071d866f152a83873e5a2e3', 'standard': '3428c8cd0e65c656b821a686bec3028c'}",2875445,View,2023-01-27T15:17:52.860135+00:00,2023-01-27T15:17:52.863098+00:00,1,1,True,{},/orgs/CIEL/sources/CIEL/concepts/1408/2875445/,2875445,False,False,False,1408AAAAAAAAAAAAAAAAAAAAAAAAAAAAAAAA,Finding,Boolean,,42,5027,1408,True,True
"{'smart': 'f351be6c2fef55ec426c8f3cbf9bbdd4', 'standard': '0a1eeeeb5ce791c14ce7fe3e5fa8a871'}",2875659,View,2023-01-27T15:18:20.504970+00:00,2023-01-27T15:18:20.508728+00:00,1,1,True,"{'units': 'g/dL', 'hi_normal': 5.4, 'low_normal': 2.8, 'low_absolute': 0, 'allow_decimal': True}",/orgs/CIEL/sources/CIEL/concepts/848/2875659/,2875659,False,False,False,848AAAAAAAAAAAAAAAAAAAAAAAAAAAAAAAAA,Test,Numeric,,42,2848,848,True,True
"{'smart': 'be27b398c0c9801146844ed360398cdf', 'standard': '1e3dd4c34644dcf502a299003365ad90'}",2875914,View,2023-01-27T15:18:53.889018+00:00,2023-01-27T15:18:53.901165+00:00,1,1,True,"{'units': 'fL', 'hi_normal': 100, 'low_normal': 80, 'low_absolute': 0, 'allow_decimal': False}",/orgs/CIEL/sources/CIEL/concepts/851/2875914/,2875914,False,False,False,851AAAAAAAAAAAAAAAAAAAAAAAAAAAAAAAAA,Test,Numeric,,42,3361,851,True,True
"{'smart': '64391a2b338ddae13a6e72f03998b4f7', 'standard': 'ea6c3a92696bb6288157da3ccae4b351'}",2876222,View,2023-01-27T15:19:34.585854+00:00,2023-01-27T15:19:34.590414+00:00,1,1,True,"{'units': 'mm/hr', 'hi_normal': 30, 'low_normal': 0, 'low_absolute': 0, 'allow_decimal': False}",/orgs/CIEL/sources/CIEL/concepts/855/2876222/,2876222,False,False,False,855AAAAAAAAAAAAAAAAAAAAAAAAAAAAAAAAA,Test,Numeric,,42,3181,855,True,True
"{'smart': '659e8c1b0eed2433aab730d4b957d97c', 'standard': '15031519138e688eddc09ae93275966b'}",2876320,View,2023-01-27T15:19:47.634357+00:00,2023-01-27T15:19:47.639417+00:00,1,1,True,"{'units': 'mmol/L', 'low_absolute': 0, 'allow_decimal': True}",/orgs/CIEL/sources/CIEL/concepts/857/2876320/,2876320,False,False,False,857AAAAAAAAAAAAAAAAAAAAAAAAAAAAAAAAA,Test,Numeric,,42,3476,857,True,True
"{'smart': '66a4053e324a611bf0ed8422f920a5fc', 'standard': 'a9f811c35da4c5b23b1efcf2d0f9375e'}",2876746,View,2023-01-27T15:20:52.856595+00:00,2023-01-27T15:20:52.861213+00:00,1,1,True,"{'units': 'mg/dl', 'low_absolute': 0, 'allow_decimal': False}",/orgs/CIEL/sources/CIEL/concepts/887/2876746/,2876746,False,False,False,887AAAAAAAAAAAAAAAAAAAAAAAAAAAAAAAAA,Test,Numeric,,42,3554,887,True,True
"{'smart': '860fb3ec080994411fc4ad43ae9bacbe', 'standard': 'd7289c754d4da76093070cd46d05e973'}",2876874,View,2023-01-27T15:21:09.387182+00:00,2023-01-27T15:21:09.392968+00:00,1,1,True,{'is_set': 1},/orgs/CIEL/sources/CIEL/concepts/953/2876874/,2876874,False,False,False,953AAAAAAAAAAAAAAAAAAAAAAAAAAAAAAAAA,LabSet,N/A,,42,3178,953,True,True
"{'smart': 'bc2f658addd8781261526586513f61ac', 'standard': 'd8cf30dbbdd82955551eee249d3f2528'}",3054690,View,2023-04-05T02:17:41.740752+00:00,2023-04-05T02:17:41.746953+00:00,1,1,True,"{'units': 'copies/ml', 'low_absolute': 0, 'allow_decimal': False}",/orgs/CIEL/sources/CIEL/concepts/856/3054690/,3054690,False,False,False,856AAAAAAAAAAAAAAAAAAAAAAAAAAAAAAAAA,Test,Numeric,,42,3599,856,True,True
"{'smart': '46a3ab4ce292572c9fabd60554965370', 'standard': 'f6cc6bfa8961e09cc224a06370c887fc'}",5194794,View,2023-11-28T20:34:49.621009+00:00,2023-11-28T20:34:49.625418+00:00,837,837,True,{},/orgs/openmrs/sources/OrderConvSets/concepts/TestsOrderability_v1/5194794/,5194794,False,False,True,1748a953-d12e-4be1-914c-f6b096c6cdef,ConvSet,Coded,No update,4874,5194792,TestsOrderability_v1,True,True
"{'smart': '5ed4956ec3ec9051c8eccfc2a80f4161', 'standard': '93b350126136aeba09d553bbac5f8746'}",5647117,View,2024-06-27T18:54:40.301791+00:00,2024-06-27T18:54:40.304312+00:00,1,1,True,{},/orgs/CIEL/sources/CIEL/concepts/160352/5647117/,5647117,False,False,False,160352AAAAAAAAAAAAAAAAAAAAAAAAAAAAAA,Question,Boolean,,42,89244,160352,True,True
"{'smart': '320b81f7af3a3cf259951a6de68536fa', 'standard': 'e09b5ed2a74a7c5ebaeab355281fe68c'}",5647228,View,2024-06-27T18:54:53.649246+00:00,2024-06-27T18:54:53.651854+00:00,1,1,True,{},/orgs/CIEL/sources/CIEL/concepts/160414/5647228/,5647228,False,False,False,160414AAAAAAAAAAAAAAAAAAAAAAAAAAAAAA,Misc,N/A,,42,89333,160414,True,True
"{'smart': '69918f6fe317d2feaf8cf4746d290942', 'standard': '8d12b322f30a3e40fb5b552605d269f9'}",5648758,View,2024-06-27T18:58:02.767193+00:00,2024-06-27T18:58:02.770319+00:00,1,1,True,{},/orgs/CIEL/sources/CIEL/concepts/161246/5648758/,5648758,False,False,False,161246AAAAAAAAAAAAAAAAAAAAAAAAAAAAAA,Misc,N/A,,42,106428,161246,True,True
"{'smart': '5baf7782754a52e4f4d6b83829dbe692', 'standard': '01da1cfbf6e7c2c4896d2e4f2817c622'}",5648760,View,2024-06-27T18:58:02.936542+00:00,2024-06-27T18:58:02.939423+00:00,1,1,True,{},/orgs/CIEL/sources/CIEL/concepts/161247/5648760/,5648760,False,False,False,161247AAAAAAAAAAAAAAAAAAAAAAAAAAAAAA,Misc,N/A,,42,100891,161247,True,True
"{'smart': '0119b10d80da11e88d781714dc983539', 'standard': '80a43517232921a353f3f16a4459dafe'}",5648761,View,2024-06-27T18:58:03.124768+00:00,2024-06-27T18:58:03.129467+00:00,1,1,True,{},/orgs/CIEL/sources/CIEL/concepts/161248/5648761/,5648761,False,False,False,161248AAAAAAAAAAAAAAAAAAAAAAAAAAAAAA,Misc,N/A,,42,104144,161248,True,True
"{'smart': '0d3f3ee12181d9596428795e832db97e', 'standard': '1ca8d7ceaf3f379a64c39df093d017ff'}",5653177,View,2024-06-27T19:07:26.257060+00:00,2024-06-27T19:07:26.259913+00:00,1,1,True,{},/orgs/CIEL/sources/CIEL/concepts/163613/5653177/,5653177,False,False,False,163613AAAAAAAAAAAAAAAAAAAAAAAAAAAAAA,Test,Text,,42,109022,163613,True,True
"{'smart': 'a94db38e4560e71cf387ce287d748a95', 'standard': '503b1fd9e8135143f1e4cc9016a72327'}",5654453,View,2024-06-27T19:10:11.425039+00:00,2024-06-27T19:10:11.428901+00:00,1,1,True,{},/orgs/CIEL/sources/CIEL/concepts/1643/5654453/,5654453,False,False,False,1643AAAAAAAAAAAAAAAAAAAAAAAAAAAAAAAA,Test,Coded,,42,4682,1643,True,True
"{'smart': 'f027cfe3f6f1f766d3abb36b37b1cc3b', 'standard': 'f74997c20818417a28e7335f97b94771'}",5658402,View,2024-06-27T19:18:27.170406+00:00,2024-06-27T19:18:27.172712+00:00,1,1,True,{},/orgs/CIEL/sources/CIEL/concepts/166451/5658402/,5658402,False,False,False,166451AAAAAAAAAAAAAAAAAAAAAAAAAAAAAA,Medical supply,N/A,,42,300510,166451,True,True
"{'smart': '9a66f71b7129336fbc6afbd921827c74', 'standard': 'b615b052317616477976c0db72bbb51f'}",5658403,View,2024-06-27T19:18:27.333813+00:00,2024-06-27T19:18:27.336107+00:00,1,1,True,{},/orgs/CIEL/sources/CIEL/concepts/166452/5658403/,5658403,False,False,False,166452AAAAAAAAAAAAAAAAAAAAAAAAAAAAAA,Medical supply,N/A,,42,313786,166452,True,True
"{'smart': '890065d7ae96daa86206ce576e56af52', 'standard': '0d92976c91c32da97d455ba87d5186c1'}",5660219,View,2024-06-27T19:22:08.729183+00:00,2024-06-27T19:22:08.733626+00:00,1,1,True,{},/orgs/CIEL/sources/CIEL/concepts/167441/5660219/,5660219,False,False,False,167441AAAAAAAAAAAAAAAAAAAAAAAAAAAAAA,Test,Coded,,42,2614635,167441,True,True
"{'smart': '325646f23ce8e6aa97645658c4f3ed70', 'standard': '1288e7b66891850cde7accb369536207'}",5660250,View,2024-06-27T19:22:12.332631+00:00,2024-06-27T19:22:12.335249+00:00,1,1,True,{},/orgs/CIEL/sources/CIEL/concepts/167459/5660250/,5660250,False,False,False,167459AAAAAAAAAAAAAAAAAAAAAAAAAAAAAA,Test,Coded,,42,2614691,167459,True,True
"{'smart': '13791126f0125aa0369efc3b2d179f8c', 'standard': 'aa79661898dc193545c176d37a5ae593'}",5663270,View,2024-06-27T19:28:03.824327+00:00,2024-06-27T19:28:03.826768+00:00,1,1,True,{},/orgs/CIEL/sources/CIEL/concepts/169126/5663270/,5663270,False,False,False,3de9db8a-32a2-4518-8887-c8f25208dade,Medical supply,N/A,,42,5597768,169126,True,True
"{'smart': '9ee8846ae247098269660f03eab45a3a', 'standard': '2bbc3e3c95c0f2740b39bb19e480f066'}",5663271,View,2024-06-27T19:28:03.979499+00:00,2024-06-27T19:28:03.982027+00:00,1,1,True,{},/orgs/CIEL/sources/CIEL/concepts/169127/5663271/,5663271,False,False,False,9c4011c2-2579-49cf-ab53-93d009f03e7b,Medical supply,N/A,,42,5597771,169127,True,True
"{'smart': '837d45b81256d659368627b1bd576619', 'standard': '05a7ad9fe7f8c915a7aac23b0cd2a838'}",5663276,View,2024-06-27T19:28:04.420168+00:00,2024-06-27T19:28:04.422627+00:00,1,1,True,{'is_set': 1},/orgs/CIEL/sources/CIEL/concepts/169130/5663276/,5663276,False,False,False,d04b5070-a39c-4601-a9a2-7b443cc2ee95,ConvSet,N/A,,42,5597778,169130,True,True
"{'smart': '128873d9a972233634b8475a42197dbf', 'standard': '7bb8d0b36f6b7e20ffc5e3bc2769148c'}",5665498,View,2024-06-27T19:32:23.728634+00:00,2024-06-27T19:32:23.733883+00:00,1,1,True,"{'units': 'cells/uL', 'hi_normal': 1497.0, 'low_normal': 445.0, 'low_absolute': 0.0, 'low_critical': 99.0, 'allow_decimal': False}",/orgs/CIEL/sources/CIEL/concepts/5497/5665498/,5665498,False,False,False,5497AAAAAAAAAAAAAAAAAAAAAAAAAAAAAAAA,Test,Numeric,,42,6717,5497,True,True
"{'smart': 'ac23ea8aaa066507d8d5d6d083b6fc05', 'standard': 'cb4bce1a4f1c3d19f9385903125db245'}",5666696,View,2024-06-27T19:34:35.793520+00:00,2024-06-27T19:34:35.797620+00:00,1,1,True,{'is_set': 1},/orgs/CIEL/sources/CIEL/concepts/657/5666696/,5666696,False,False,False,657AAAAAAAAAAAAAAAAAAAAAAAAAAAAAAAAA,LabSet,N/A,,42,2979,657,True,True
"{'smart': '59c6284c19eb1bf1ce6daceec1d80d0f', 'standard': 'bfb35f559c39fe5174e333565a47bc2e'}",5668986,View,2024-06-27T19:40:28.362681+00:00,2024-06-27T19:40:28.366612+00:00,1,1,True,"{'units': '%', 'hi_normal': 60.0, 'low_normal': 30.0, 'hi_absolute': 100.0, 'low_absolute': 0.0, 'allow_decimal': False}",/orgs/CIEL/sources/CIEL/concepts/730/5668986/,5668986,False,False,False,730AAAAAAAAAAAAAAAAAAAAAAAAAAAAAAAAA,Test,Numeric,,42,2294,730,True,True
"{'smart': '2eaa070fe979634423fa799a6d1f3955', 'standard': '64eedf93904ada947de673b7eef004b0'}",5676616,View,2024-06-27T19:57:18.898441+00:00,2024-06-27T19:57:18.902114+00:00,1,1,True,"{'units': '', 'low_absolute': 0.0, 'allow_decimal': False}",/orgs/CIEL/sources/CIEL/concepts/854/5676616/,5676616,False,False,False,854AAAAAAAAAAAAAAAAAAAAAAAAAAAAAAAAA,Test,Numeric,,42,2998,854,True,True
"{'smart': 'ecdf18cf8b14decbc8685315237e12c3', 'standard': 'd5083c1a60c7cceb3bff5cbca6c70a98'}",5717448,View,2024-07-27T05:47:38.897713+00:00,2024-07-27T05:47:38.901265+00:00,1,1,True,{},/orgs/CIEL/sources/CIEL/concepts/161472/5717448/,5717448,False,False,False,161472AAAAAAAAAAAAAAAAAAAAAAAAAAAAAA,Test,Coded,,42,103632,161472,True,True
"{'smart': 'a14d93c6999626be93f8401c7074a2bf', 'standard': 'db43a68d3d28fde852b41302779d0a9f'}",5717455,View,2024-07-27T05:47:39.587212+00:00,2024-07-27T05:47:39.590680+00:00,1,1,True,{'is_set': 1},/orgs/CIEL/sources/CIEL/concepts/161475/5717455/,5717455,False,False,False,161475AAAAAAAAAAAAAAAAAAAAAAAAAAAAAA,LabSet,N/A,,42,75938,161475,True,True
"{'smart': 'b8762d7abc14b1a749a59300d4182d4d', 'standard': '9794dbf72300709f40ad0cf1ad64d57a'}",5725997,View,2024-07-27T06:03:41.267405+00:00,2024-07-27T06:03:41.270828+00:00,1,1,True,{},/orgs/CIEL/sources/CIEL/concepts/165301/5725997/,5725997,False,False,False,165301AAAAAAAAAAAAAAAAAAAAAAAAAAAAAA,Test,Coded,,42,108090,165301,True,True
"{'smart': '26cbd0615acb608de4e4f9f12de21a98', 'standard': 'efb283511886d9ce248811b4d8d277c9'}",5735402,View,2024-07-27T06:20:41.602988+00:00,2024-07-27T06:20:41.606967+00:00,1,1,True,{},/orgs/CIEL/sources/CIEL/concepts/299/5735402/,5735402,False,False,False,299AAAAAAAAAAAAAAAAAAAAAAAAAAAAAAAAA,Test,Coded,,42,2039,299,True,True
"{'smart': 'f073952e447105c2f1e037891bf70908', 'standard': '10f019de9510ee98733c0cbec88a6bda'}",5845264,View,2024-10-04T18:29:12.968059+00:00,2024-10-04T18:29:12.970126+00:00,1,1,True,"{'units': 'mg/L', 'low_absolute': 0.0, 'allow_decimal': True}",/orgs/CIEL/sources/CIEL/concepts/161500/5845264/,5845264,False,False,True,161500AAAAAAAAAAAAAAAAAAAAAAAAAAAAAA,Test,Numeric,,42,99987,161500,True,True
"{'smart': '6e2465f92574ac18350f683ccdf40955', 'standard': '2bd2360a5db062fefe3e70c3b838f5ca'}",5845265,View,2024-10-04T18:29:13.168666+00:00,2024-10-04T18:29:13.171347+00:00,1,1,True,{'is_set': 1},/orgs/CIEL/sources/CIEL/concepts/161501/5845265/,5845265,False,False,True,161501AAAAAAAAAAAAAAAAAAAAAAAAAAAAAA,LabSet,N/A,,42,99450,161501,True,True
"{'smart': '1c3f691e2a23314b2ae117ebcf300561', 'standard': 'e25608c03739aa738324e54daae54139'}",5845298,View,2024-10-04T18:29:17.112284+00:00,2024-10-04T18:29:17.114792+00:00,1,1,True,{},/orgs/CIEL/sources/CIEL/concepts/161522/5845298/,5845298,False,False,True,161522AAAAAAAAAAAAAAAAAAAAAAAAAAAAAA,Test,Coded,,42,106687,161522,True,True
"{'smart': '39c43eba03802244ae3996e30c475eae', 'standard': 'c5801ce89ab391b4618e7c78306c6d10'}",5845300,View,2024-10-04T18:29:17.364689+00:00,2024-10-04T18:29:17.373418+00:00,1,1,True,{},/orgs/CIEL/sources/CIEL/concepts/161523/5845300/,5845300,False,False,True,161523AAAAAAAAAAAAAAAAAAAAAAAAAAAAAA,Test,Coded,,42,101341,161523,True,True
"{'smart': '14278b628099f770f65739d20d91fdfb', 'standard': '90fc574110869c098bb7d86eb77f4828'}",5846398,View,2024-10-04T18:31:59.597125+00:00,2024-10-04T18:31:59.599444+00:00,1,1,True,{},/orgs/CIEL/sources/CIEL/concepts/162202/5846398/,5846398,False,False,True,162202AAAAAAAAAAAAAAAAAAAAAAAAAAAAAA,Test,Coded,,42,98181,162202,True,True
"{'smart': 'ea9bebad134f4d8ed907960128b62828', 'standard': 'd1b39a13c41b72a778a988b156dd832c'}",5846399,View,2024-10-04T18:31:59.762877+00:00,2024-10-04T18:31:59.765606+00:00,1,1,True,{},/orgs/CIEL/sources/CIEL/concepts/162203/5846399/,5846399,False,False,True,162203AAAAAAAAAAAAAAAAAAAAAAAAAAAAAA,Misc,N/A,,42,109324,162203,True,True
"{'smart': '9f1b9f4847838210028b20468c65f268', 'standard': 'b5616d4400ac9213b8a9039570984dec'}",5846401,View,2024-10-04T18:31:59.938242+00:00,2024-10-04T18:31:59.941613+00:00,1,1,True,{},/orgs/CIEL/sources/CIEL/concepts/162204/5846401/,5846401,False,False,True,162204AAAAAAAAAAAAAAAAAAAAAAAAAAAAAA,Misc,N/A,,42,108909,162204,True,True
"{'smart': '9f093234c03ccaeb839a5643712513b8', 'standard': '9f83561b7acd0b2f0a686f619ebc3ee5'}",5848623,View,2024-10-04T18:36:50.747386+00:00,2024-10-04T18:36:50.749539+00:00,1,1,True,{},/orgs/CIEL/sources/CIEL/concepts/163611/5848623/,5848623,False,False,True,163611AAAAAAAAAAAAAAAAAAAAAAAAAAAAAA,Misc,N/A,,42,83568,163611,True,True
"{'smart': '10f1ed9ec76a1f17b3a08bdd473e5e52', 'standard': '712144933197bab77d913165a0e96578'}",5848646,View,2024-10-04T18:36:53.698723+00:00,2024-10-04T18:36:53.701297+00:00,1,1,True,{'is_set': 1},/orgs/CIEL/sources/CIEL/concepts/163625/5848646/,5848646,False,False,True,163625AAAAAAAAAAAAAAAAAAAAAAAAAAAAAA,LabSet,N/A,,42,96414,163625,True,True
"{'smart': '6e52910d3ccee7b53b60522209203e6d', 'standard': 'c31dd0af324f5fb735275b02b2c425af'}",5849411,View,2024-10-04T18:38:29.313948+00:00,2024-10-04T18:38:29.316796+00:00,1,1,True,{},/orgs/CIEL/sources/CIEL/concepts/164104/5849411/,5849411,False,False,True,164104AAAAAAAAAAAAAAAAAAAAAAAAAAAAAA,Misc,N/A,,42,107178,164104,True,True
"{'smart': '176e427f2402d8ff350f6e5660cf0745', 'standard': '1436232ec2664767b40740e205595cab'}",5850681,View,2024-10-04T18:41:07.791100+00:00,2024-10-04T18:41:07.793965+00:00,1,1,True,{},/orgs/CIEL/sources/CIEL/concepts/164937/5850681/,5850681,False,False,True,164937AAAAAAAAAAAAAAAAAAAAAAAAAAAAAA,Question,Coded,,42,105062,164937,True,True
"{'smart': '44b60575e4b3b127ebc176018e1225b8', 'standard': '3c54bc900694ddc759bc59baaccca1ec'}",5850689,View,2024-10-04T18:41:08.743336+00:00,2024-10-04T18:41:08.748349+00:00,1,1,True,{},/orgs/CIEL/sources/CIEL/concepts/164942/5850689/,5850689,False,False,True,164942AAAAAAAAAAAAAAAAAAAAAAAAAAAAAA,Question,Coded,,42,106998,164942,True,True
"{'smart': 'c8994205f66ba5f9a071dabc35a76ff0', 'standard': 'b343e88a0374ed6cc4d372f5d40ea195'}",5850691,View,2024-10-04T18:41:08.963319+00:00,2024-10-04T18:41:08.966512+00:00,1,1,True,{},/orgs/CIEL/sources/CIEL/concepts/164943/5850691/,5850691,False,False,True,164943AAAAAAAAAAAAAAAAAAAAAAAAAAAAAA,Misc,N/A,,42,88841,164943,True,True
"{'smart': 'c44d989aa30b492f16bc851f19ebe732', 'standard': 'a41a71f84f17fe238d55da3324e83ca1'}",5850692,View,2024-10-04T18:41:09.251639+00:00,2024-10-04T18:41:09.253959+00:00,1,1,True,{},/orgs/CIEL/sources/CIEL/concepts/164944/5850692/,5850692,False,False,True,164944AAAAAAAAAAAAAAAAAAAAAAAAAAAAAA,Misc,N/A,,42,107790,164944,True,True
"{'smart': '257b4eec8b644ae20ebb8569a88012ca', 'standard': '79c41b3646efa1ad48ee9695d085d28d'}",5850694,View,2024-10-04T18:41:09.520020+00:00,2024-10-04T18:41:09.523155+00:00,1,1,True,{'is_set': 1},/orgs/CIEL/sources/CIEL/concepts/164945/5850694/,5850694,False,False,True,164945AAAAAAAAAAAAAAAAAAAAAAAAAAAAAA,LabSet,N/A,,42,98347,164945,True,True
"{'smart': '6f6f102fe390bd5e8f6deeeb432ae21c', 'standard': 'a4de839023b8627173f78f269f9129ba'}",5857267,View,2024-10-04T18:54:56.025031+00:00,2024-10-04T18:54:56.027439+00:00,1,1,True,{},/orgs/CIEL/sources/CIEL/concepts/169216/5857267/,5857267,False,False,True,3726102f-b161-409d-a71d-a8ced7909380,Test,Coded,,42,5734496,169216,True,True
"{'smart': '8b7b065cdb4f95444374786241b30547', 'standard': '870c324d4f33b27be8f0506dda048e5c'}",5859311,View,2024-10-04T18:58:48.629072+00:00,2024-10-04T18:58:48.631695+00:00,1,1,True,{'is_set': 1},/orgs/CIEL/sources/CIEL/concepts/5473/5859311/,5859311,False,False,True,5473AAAAAAAAAAAAAAAAAAAAAAAAAAAAAAAA,LabSet,N/A,,42,7464,5473,True,True
"{'smart': 'd6b2f632eeb95e44d92d30773108765d', 'standard': '35ac1bc2a7a08d65656422b480d425c7'}",5868317,View,2024-10-04T19:17:01.470958+00:00,2024-10-04T19:17:01.477737+00:00,1,1,True,{},/orgs/CIEL/sources/CIEL/concepts/1301/5868317/,5868317,False,False,True,1301AAAAAAAAAAAAAAAAAAAAAAAAAAAAAAAA,Misc,N/A,,42,4446,1301,True,True
"{'smart': '7255d9049b72a0961126f1eb7707e4f4', 'standard': '5b50abc0318acdf56e3a7284c028d4d8'}",5868586,View,2024-10-04T19:17:35.668186+00:00,2024-10-04T19:17:35.673763+00:00,1,1,True,{},/orgs/CIEL/sources/CIEL/concepts/1302/5868586/,5868586,False,False,True,1302AAAAAAAAAAAAAAAAAAAAAAAAAAAAAAAA,Misc,N/A,,42,3710,1302,True,True
"{'smart': '1be4d13fe2949c91d3f1d6808e810de4', 'standard': '155a74640f6ea60cafc186a43db14898'}",5869401,View,2024-10-04T19:19:13.461098+00:00,2024-10-04T19:19:13.467381+00:00,1,1,True,{},/orgs/CIEL/sources/CIEL/concepts/1305/5869401/,5869401,False,False,True,1305AAAAAAAAAAAAAAAAAAAAAAAAAAAAAAAA,Test,Coded,,42,4303,1305,True,True
"{'smart': 'b2ce5f60d28af6b89c0486360102d9bb', 'standard': 'e8212cfe96bf86fd54b30ed034916a83'}",5869581,View,2024-10-04T19:19:48.046440+00:00,2024-10-04T19:19:48.053273+00:00,1,1,True,{},/orgs/CIEL/sources/CIEL/concepts/1306/5869581/,5869581,False,False,True,1306AAAAAAAAAAAAAAAAAAAAAAAAAAAAAAAA,Misc,N/A,,42,4683,1306,True,True
"{'smart': '8c5efb46308866afd2b5e1279a8a2bb7', 'standard': '50c9de19a165f0c07940af85de573e1e'}",5877972,View,2024-10-04T20:09:57.752622+00:00,2024-10-04T20:09:57.759331+00:00,1,1,True,{},/orgs/CIEL/sources/CIEL/concepts/1407/5877972/,5877972,False,False,True,1407AAAAAAAAAAAAAAAAAAAAAAAAAAAAAAAA,Finding,Boolean,,42,4915,1407,True,True
