{"type": "Collection Version", "uuid": "44446", "id": "1.0.1", "short_code": "Programs", "name": "Programs", "full_name": "SIH SALUS Programs", "description": "1.0.1", "collection_type": "Dictionary", "custom_validation_schema": "OpenMRS", "public_access": "View", "default_locale": "es", "supported_locales": ["es"], "website": null, "url": "/orgs/PeruHCE/collections/Programs/", "owner": "PeruHCE", "owner_type": "Organization", "owner_url": "/orgs/PeruHCE/", "version_url": "/orgs/PeruHCE/collections/Programs/1.0.1/", "previous_version_url": "/orgs/PeruHCE/collections/Programs/1.0.0/", "created_on": "2025-02-18T20:35:59.028783Z", "updated_on": "2025-02-18T20:35:59.703758Z", "created_by": "duvet05", "updated_by": "duvet05", "extras": {}, "external_id": null, "version": "1.0.1", "concepts_url": "/orgs/PeruHCE/collections/Programs/1.0.1/concepts/", "mappings_url": "/orgs/PeruHCE/collections/Programs/1.0.1/mappings/", "expansions_url": "/orgs/PeruHCE/collections/Programs/1.0.1/expansions/", "is_processing": true, "released": true, "retired": false, "canonical_url": null, "identifier": {}, "publisher": null, "contact": {}, "jurisdiction": {}, "purpose": null, "copyright": null, "meta": null, "immutable": null, "revision_date": null, "text": null, "experimental": null, "locked_date": null, "autoexpand": true, "expansion_url": "/orgs/PeruHCE/collections/Programs/1.0.1/expansions/autoexpand-1.0.1/", "checksums": {"smart": "38a9f40b06d1dcb9109e807a7e5bc4bf", "standard": "483cdbdb616602e571b9b4d4ad4c6d45"}, "collection": {"id": "Programs", "url": "/orgs/PeruHCE/collections/Programs/", "meta": null, "name": "Programs", "text": null, "type": "Collection", "uuid": "44444", "owner": "PeruHCE", "extras": {}, "contact": {}, "purpose": null, "version": "HEAD", "website": null, "logo_url": null, "checksums": {"smart": "be13fcd29fc16e36d37f230152d1f907", "standard": "483cdbdb616602e571b9b4d4ad4c6d45"}, "copyright": null, "full_name": "SIH SALUS Programs", "immutable": null, "owner_url": "/orgs/PeruHCE/", "publisher": null, "created_by": "duvet05", "created_on": "2025-02-18T17:14:53.334854Z", "identifier": {}, "owner_type": "Organization", "short_code": "Programs", "updated_by": "duvet05", "updated_on": "2025-02-18T20:09:57.159957Z", "description": "SIH SALUS Programs", "external_id": null, "locked_date": null, "concepts_url": "/orgs/PeruHCE/collections/Programs/concepts/", "experimental": null, "jurisdiction": {}, "mappings_url": "/orgs/PeruHCE/collections/Programs/mappings/", "versions_url": "/orgs/PeruHCE/collections/Programs/versions/", "canonical_url": null, "expansion_url": "/orgs/PeruHCE/collections/Programs/HEAD/expansions/autoexpand-HEAD/", "public_access": "View", "revision_date": null, "default_locale": "es", "expansions_url": "/orgs/PeruHCE/collections/Programs/expansions/", "autoexpand_head": true, "collection_type": "Dictionary", "preferred_source": "", "supported_locales": ["es"], "custom_validation_schema": "OpenMRS", "custom_resources_linked_source": ""}, "concepts": [{"type": "Concept", "uuid": "7278407", "id": "2426", "external_id": "5981d853-c39d-4634-9e61-92acf1e6099f", "concept_class": "Program", "datatype": "None", "display_name": "Control de Crecimiento y Desarrollo", "display_locale": "es", "names": [{"uuid": "23267712", "name": "Control de Crecimiento y Desarrollo", "external_id": "cb0ba159-b38b-4bcc-9f0a-03db2454b04e", "type": "ConceptName", "locale": "es", "locale_preferred": true, "name_type": "Fully-Specified", "checksum": "52f010869b18b722f2a35edde3bb3112"}, {"uuid": "23267713", "name": "CRED", "external_id": "85b0d9b6-29ca-4535-9283-24bf0adec4e0", "type": "ConceptName", "locale": "es", "locale_preferred": false, "name_type": "Index-Term", "checksum": "7c98b31558ed145ed94cb470e8bbda7f"}], "descriptions": [], "extras": {}, "retired": false, "source": "sihsalus", "source_url": "/orgs/PeruHCE/sources/sihsalus/", "owner": "PeruHCE", "owner_name": "PeruHCE", "owner_url": "/orgs/PeruHCE/", "version": "7278407", "created_on": "2025-02-18T20:05:05.559401Z", "updated_on": "2025-02-18T20:05:05.564688Z", "version_created_on": "2025-02-18T20:05:05.559401Z", "version_created_by": "duvet05", "update_comment": null, "is_latest_version": true, "locale": null, "url": "/orgs/PeruHCE/sources/sihsalus/concepts/2426/", "owner_type": "Organization", "version_url": "/orgs/PeruHCE/sources/sihsalus/concepts/2426/7278407/", "previous_version_url": null, "parent_concept_urls": [], "child_concept_urls": [], "version_updated_on": "2025-02-18T20:05:05.564688Z", "version_updated_by": "duvet05", "checksums": {"smart": "476d4bfb59c959de3741b72bf17a2a85", "standard": "ece3cbedbfaa32d67480176c004b3ad8"}}, {"type": "Concept", "uuid": "7278405", "id": "2425", "external_id": "fea0d381-f9a7-48ae-9cfe-e07cadc4de2a", "concept_class": "Program", "datatype": "None", "display_name": "Madre Gestante", "display_locale": "es", "names": [{"uuid": "23267709", "name": "Madre Gestante", "external_id": "e523db80-666c-4124-bf49-156a1a9f2532", "type": "ConceptName", "locale": "es", "locale_preferred": true, "name_type": "Fully-Specified", "checksum": "3a9b1c9b18cf43d9aba8654b9ab1cee7"}], "descriptions": [], "extras": {}, "retired": false, "source": "sihsalus", "source_url": "/orgs/PeruHCE/sources/sihsalus/", "owner": "PeruHCE", "owner_name": "PeruHCE", "owner_url": "/orgs/PeruHCE/", "version": "7278405", "created_on": "2025-02-18T20:02:01.579178Z", "updated_on": "2025-02-18T20:02:01.585301Z", "version_created_on": "2025-02-18T20:02:01.579178Z", "version_created_by": "duvet05", "update_comment": null, "is_latest_version": true, "locale": null, "url": "/orgs/PeruHCE/sources/sihsalus/concepts/2425/", "owner_type": "Organization", "version_url": "/orgs/PeruHCE/sources/sihsalus/concepts/2425/7278405/", "previous_version_url": null, "parent_concept_urls": [], "child_concept_urls": [], "version_updated_on": "2025-02-18T20:02:01.585301Z", "version_updated_by": "duvet05", "checksums": {"smart": "78f68af23c8619423d0ea38d734a4573", "standard": "e81bea20426261a5447241c5e8fe0251"}}, {"type": "Concept", "uuid": "7121067", "id": "282", "external_id": "a6d46efb-672f-4ba2-a0b9-b20082222290", "concept_class": "Program", "datatype": "None", "display_name": "Esquema de Vacunaci\u00f3n para Embarazadas", "display_locale": "es", "names": [{"uuid": "22467189", "name": "Esquema de Vacunaci\u00f3n para Embarazadas", "external_id": "cb72e2d8-78bb-4d66-b5a6-74abaeb65337", "type": "ConceptName", "locale": "es", "locale_preferred": true, "name_type": "Fully-Specified", "checksum": "87004f251063a78931e7cfb1fee9fd35"}], "descriptions": [], "extras": {}, "retired": false, "source": "sihsalus", "source_url": "/orgs/PeruHCE/sources/sihsalus/", "owner": "PeruHCE", "owner_name": "PeruHCE", "owner_url": "/orgs/PeruHCE/", "version": "7121067", "created_on": "2025-01-21T03:58:25.684046Z", "updated_on": "2025-01-21T03:58:25.687476Z", "version_created_on": "2025-01-21T03:58:25.684046Z", "version_created_by": "duvet05", "update_comment": "tropicalizado", "is_latest_version": true, "locale": null, "url": "/orgs/PeruHCE/sources/sihsalus/concepts/282/", "owner_type": "Organization", "version_url": "/orgs/PeruHCE/sources/sihsalus/concepts/282/7121067/", "previous_version_url": "/orgs/PeruHCE/sources/sihsalus/concepts/282/7121066/", "parent_concept_urls": [], "child_concept_urls": [], "version_updated_on": "2025-01-21T03:58:25.687476Z", "version_updated_by": "duvet05", "checksums": {"smart": "cc3f664bbb85d64d5244eabf17cfec3f", "standard": "219001252e550345b1b39b3641bf2370"}}, {"type": "Concept", "uuid": "6859419", "id": "24", "external_id": "90647b83-795a-44c1-a106-547a5dcab7cf", "concept_class": "Program", "datatype": "None", "display_name": "Esquema de Vacunaci\u00f3n para Adultos", "display_locale": "es", "names": [{"uuid": "22204985", "name": "Esquema de Vacunaci\u00f3n para Adultos", "external_id": "f3325007-cc7a-45dd-8cac-3fa9b99d6fc2", "type": "ConceptName", "locale": "es", "locale_preferred": true, "name_type": "Fully-Specified", "checksum": "bbe469e45df7969204f64435031120d2"}], "descriptions": [{"uuid": "2277602", "description": "Los adultos pueden requerir un esquema que permita monitorear las vacunas administradas en intervalos espec\u00edficos, como Influenza anual, COVID-19, etc.", "external_id": null, "type": "ConceptDescription", "locale": "es", "locale_preferred": false, "description_type": "Definition", "checksum": "ac6073e29996f2a2f62ffc60741ccd99"}], "extras": {}, "retired": false, "source": "sihsalus", "source_url": "/orgs/PeruHCE/sources/sihsalus/", "owner": "PeruHCE", "owner_name": "PeruHCE", "owner_url": "/orgs/PeruHCE/", "version": "6859419", "created_on": "2025-01-18T21:16:55.119339Z", "updated_on": "2025-01-18T21:16:55.125663Z", "version_created_on": "2025-01-18T21:16:55.119339Z", "version_created_by": "duvet05", "update_comment": null, "is_latest_version": true, "locale": null, "url": "/orgs/PeruHCE/sources/sihsalus/concepts/24/", "owner_type": "Organization", "version_url": "/orgs/PeruHCE/sources/sihsalus/concepts/24/6859419/", "previous_version_url": null, "parent_concept_urls": [], "child_concept_urls": [], "version_updated_on": "2025-01-18T21:16:55.125663Z", "version_updated_by": "duvet05", "checksums": {"smart": "de5ebe93664771528a548b1a3f88c054", "standard": "c3958e3aefccc351d4309013e98b664e"}}, {"type": "Concept", "uuid": "6859417", "id": "23", "external_id": "0efe6b71-21de-4c00-81eb-bd304c09b071", "concept_class": "Program", "datatype": "None", "display_name": "Esquema de Vacunaci\u00f3n para Viajeros", "display_locale": "es", "names": [{"uuid": "22204983", "name": "Esquema de Vacunaci\u00f3n para Viajeros", "external_id": "2030aca2-9541-40a3-9181-8e5edb7e5603", "type": "ConceptName", "locale": "es", "locale_preferred": true, "name_type": "Fully-Specified", "checksum": "abb55fd08c49b09c3ea01e0589061c79"}], "descriptions": [{"uuid": "2277600", "description": "Los esquemas de vacunaci\u00f3n para viajeros pueden variar seg\u00fan el destino y las vacunas requeridas, como Fiebre Amarilla o Tifoidea. Esto puede incluir Workflows para gestionar requisitos espec\u00edficos.", "external_id": null, "type": "ConceptDescription", "locale": "es", "locale_preferred": true, "description_type": "Definition", "checksum": "d07c4c5d13246e62b76edab6d741ed5e"}], "extras": {}, "retired": false, "source": "sihsalus", "source_url": "/orgs/PeruHCE/sources/sihsalus/", "owner": "PeruHCE", "owner_name": "PeruHCE", "owner_url": "/orgs/PeruHCE/", "version": "6859417", "created_on": "2025-01-18T21:16:52.012705Z", "updated_on": "2025-01-18T21:16:52.018658Z", "version_created_on": "2025-01-18T21:16:52.012705Z", "version_created_by": "duvet05", "update_comment": null, "is_latest_version": true, "locale": null, "url": "/orgs/PeruHCE/sources/sihsalus/concepts/23/", "owner_type": "Organization", "version_url": "/orgs/PeruHCE/sources/sihsalus/concepts/23/6859417/", "previous_version_url": null, "parent_concept_urls": [], "child_concept_urls": [], "version_updated_on": "2025-01-18T21:16:52.018658Z", "version_updated_by": "duvet05", "checksums": {"smart": "3bab4051ad347f240955958e6101fa3f", "standard": "8c61dc46ed5e374de15b652d19caaba0"}}, {"type": "Concept", "uuid": "6859415", "id": "22", "external_id": "2f495d3c-377b-417e-8d7b-53b5914415f6", "concept_class": "Program", "datatype": "None", "display_name": "Esquema de Vacunaci\u00f3n para Personas Mayores", "display_locale": "es", "names": [{"uuid": "22204981", "name": "Esquema de Vacunaci\u00f3n para Personas Mayores", "external_id": "a3effa5b-33bf-484a-96c2-60f76d0df8c9", "type": "ConceptName", "locale": "es", "locale_preferred": true, "name_type": "Fully-Specified", "checksum": "1a972566caa81c58bf0ca06162b1f4bd"}], "descriptions": [{"uuid": "2277598", "description": "Los esquemas para personas mayores (ej.: Neumococo, Herpes Z\u00f3ster) requieren rastrear vacunas espec\u00edficas y posibles refuerzos.", "external_id": null, "type": "ConceptDescription", "locale": "es", "locale_preferred": true, "description_type": "Definition", "checksum": "1a5234dddbfee076303111c448879ed6"}], "extras": {}, "retired": false, "source": "sihsalus", "source_url": "/orgs/PeruHCE/sources/sihsalus/", "owner": "PeruHCE", "owner_name": "PeruHCE", "owner_url": "/orgs/PeruHCE/", "version": "6859415", "created_on": "2025-01-18T21:16:51.594334Z", "updated_on": "2025-01-18T21:16:51.600645Z", "version_created_on": "2025-01-18T21:16:51.594334Z", "version_created_by": "duvet05", "update_comment": null, "is_latest_version": true, "locale": null, "url": "/orgs/PeruHCE/sources/sihsalus/concepts/22/", "owner_type": "Organization", "version_url": "/orgs/PeruHCE/sources/sihsalus/concepts/22/6859415/", "previous_version_url": null, "parent_concept_urls": [], "child_concept_urls": [], "version_updated_on": "2025-01-18T21:16:51.600645Z", "version_updated_by": "duvet05", "checksums": {"smart": "add33def29b56649a413b57062cfb85c", "standard": "254735e90403509cd07a358db3c611f3"}}, {"type": "Concept", "uuid": "6859413", "id": "21", "external_id": "4209b10d-1c16-4f5f-be04-444c9811e6cc", "concept_class": "Program", "datatype": "None", "display_name": "Esquema de Vacunaci\u00f3n Infantil", "display_locale": "es", "names": [{"uuid": "22204979", "name": "Esquema de Vacunaci\u00f3n Infantil", "external_id": "f6dc5e8e-8194-4ef6-9c46-663a70f3fda5", "type": "ConceptName", "locale": "es", "locale_preferred": true, "name_type": "Fully-Specified", "checksum": "fa77a5475b3dd2ac4896aa60f2da1b0c"}], "descriptions": [{"uuid": "2277596", "description": "Programa de vacunaci\u00f3n para ni\u00f1os desde el nacimiento hasta los 11 a\u00f1os, siguiendo el calendario nacional de inmunizaciones.", "external_id": null, "type": "ConceptDescription", "locale": "es", "locale_preferred": false, "description_type": "Definition", "checksum": "d70094fbd0ec20e3a5aae4e0a6b7d6f7"}], "extras": {}, "retired": false, "source": "sihsalus", "source_url": "/orgs/PeruHCE/sources/sihsalus/", "owner": "PeruHCE", "owner_name": "PeruHCE", "owner_url": "/orgs/PeruHCE/", "version": "6859413", "created_on": "2025-01-18T21:16:51.194621Z", "updated_on": "2025-01-18T21:16:51.200978Z", "version_created_on": "2025-01-18T21:16:51.194621Z", "version_created_by": "duvet05", "update_comment": null, "is_latest_version": true, "locale": null, "url": "/orgs/PeruHCE/sources/sihsalus/concepts/21/", "owner_type": "Organization", "version_url": "/orgs/PeruHCE/sources/sihsalus/concepts/21/6859413/", "previous_version_url": null, "parent_concept_urls": [], "child_concept_urls": [], "version_updated_on": "2025-01-18T21:16:51.200978Z", "version_updated_by": "duvet05", "checksums": {"smart": "cd2bb0ba0b906995a0c1d8d3547e9d8e", "standard": "e87291026a7949191ddb67ba4ac2edba"}}, {"type": "Concept", "uuid": "6859411", "id": "20", "external_id": "e1820162-4d4e-4fff-a155-367185754f44", "concept_class": "ConvSet", "datatype": "Coded", "display_name": "Esquema de Vacunaci\u00f3n", "display_locale": "es", "names": [{"uuid": "22204976", "name": "Vaccination Schedule", "external_id": "21b239c1-e3fd-43a8-bd90-deffbca8a84e", "type": "ConceptName", "locale": "en", "locale_preferred": true, "name_type": "Fully-Specified", "checksum": "20f1d11573e32ded23250c1c3cb9405c"}, {"uuid": "22204977", "name": "Esquema de Vacunaci\u00f3n", "external_id": "2e800c33-fdfb-4f31-aad1-61462d55a2b0", "type": "ConceptName", "locale": "es", "locale_preferred": false, "name_type": "Fully-Specified", "checksum": "b6d37564768e98a75849f58c95a4992c"}], "descriptions": [{"uuid": "2277593", "description": "A vaccination schedule is a series of vaccinations, including the timing of all doses, which may be either recommended or compulsory, depending on the country of residence.", "external_id": null, "type": "ConceptDescription", "locale": "en", "locale_preferred": true, "description_type": "Definition", "checksum": "de2ac9110c0cbec7388d016385b066f9"}, {"uuid": "2277594", "description": "Un esquema de vacunaci\u00f3n hace referencia al cuadro o cartilla en el que se registran las vacunas aplicadas.", "external_id": null, "type": "ConceptDescription", "locale": "es", "locale_preferred": false, "description_type": "Definition", "checksum": "93865f11047c8bc0a2df7df9338e1a27"}], "extras": {}, "retired": false, "source": "sihsalus", "source_url": "/orgs/PeruHCE/sources/sihsalus/", "owner": "PeruHCE", "owner_name": "PeruHCE", "owner_url": "/orgs/PeruHCE/", "version": "6859411", "created_on": "2025-01-18T21:16:50.728432Z", "updated_on": "2025-01-18T21:16:50.734225Z", "version_created_on": "2025-01-18T21:16:50.728432Z", "version_created_by": "duvet05", "update_comment": null, "is_latest_version": true, "locale": null, "url": "/orgs/PeruHCE/sources/sihsalus/concepts/20/", "owner_type": "Organization", "version_url": "/orgs/PeruHCE/sources/sihsalus/concepts/20/6859411/", "previous_version_url": null, "parent_concept_urls": [], "child_concept_urls": [], "version_updated_on": "2025-01-18T21:16:50.734225Z", "version_updated_by": "duvet05", "checksums": {"smart": "d7ce2a8125c876a84154531ae3208376", "standard": "f2739075ddac4728f7d238028aa98f95"}}], "references": [{"expression": "/orgs/PeruHCE/sources/sihsalus/concepts/2425/", "reference_type": "concepts", "id": 9685902, "last_resolved_at": "2025-02-18T20:35:59.625376Z", "uri": "/orgs/PeruHCE/collections/Programs/1.0.1/references/9685902/", "uuid": "9685902", "include": true, "type": "CollectionReference"}, {"expression": "/orgs/PeruHCE/sources/sihsalus/concepts/2426/", "reference_type": "concepts", "id": 9685901, "last_resolved_at": "2025-02-18T20:35:59.599094Z", "uri": "/orgs/PeruHCE/collections/Programs/1.0.1/references/9685901/", "uuid": "9685901", "include": true, "type": "CollectionReference"}, {"expression": "/orgs/PeruHCE/sources/sihsalus/concepts/282/", "reference_type": "concepts", "id": 9685900, "last_resolved_at": "2025-02-18T20:35:59.572410Z", "uri": "/orgs/PeruHCE/collections/Programs/1.0.1/references/9685900/", "uuid": "9685900", "include": true, "type": "CollectionReference"}, {"expression": "/orgs/PeruHCE/sources/sihsalus/mappings/c04bf1f3-85b6-4593-af67-969e362f816a/", "reference_type": "mappings", "id": 9685899, "last_resolved_at": "2025-02-18T20:35:59.545597Z", "uri": "/orgs/PeruHCE/collections/Programs/1.0.1/references/9685899/", "uuid": "9685899", "include": true, "type": "CollectionReference"}, {"expression": "/orgs/PeruHCE/sources/sihsalus/mappings/46f391ee-4698-4a09-aa17-9756e26c08fd/", "reference_type": "mappings", "id": 9685898, "last_resolved_at": "2025-02-18T20:35:59.518935Z", "uri": "/orgs/PeruHCE/collections/Programs/1.0.1/references/9685898/", "uuid": "9685898", "include": true, "type": "CollectionReference"}, {"expression": "/orgs/PeruHCE/sources/sihsalus/mappings/49f2d3e7-aa67-4d36-95dd-95d56af270e1/", "reference_type": "mappings", "id": 9685897, "last_resolved_at": "2025-02-18T20:35:59.492637Z", "uri": "/orgs/PeruHCE/collections/Programs/1.0.1/references/9685897/", "uuid": "9685897", "include": true, "type": "CollectionReference"}, {"expression": "/orgs/PeruHCE/sources/sihsalus/mappings/b4a6a09c-f9b3-4027-9060-e61592f4813a/", "reference_type": "mappings", "id": 9685896, "last_resolved_at": "2025-02-18T20:35:59.465183Z", "uri": "/orgs/PeruHCE/collections/Programs/1.0.1/references/9685896/", "uuid": "9685896", "include": true, "type": "CollectionReference"}, {"expression": "/orgs/PeruHCE/sources/sihsalus/mappings/e7616669-3468-4cf9-bb42-529712079768/", "reference_type": "mappings", "id": 9685895, "last_resolved_at": "2025-02-18T20:35:59.437606Z", "uri": "/orgs/PeruHCE/collections/Programs/1.0.1/references/9685895/", "uuid": "9685895", "include": true, "type": "CollectionReference"}, {"expression": "/orgs/PeruHCE/sources/sihsalus/mappings/0e148f52-0477-4d91-b467-dff2ef13f480/", "reference_type": "mappings", "id": 9685894, "last_resolved_at": "2025-02-18T20:35:59.410286Z", "uri": "/orgs/PeruHCE/collections/Programs/1.0.1/references/9685894/", "uuid": "9685894", "include": true, "type": "CollectionReference"}, {"expression": "/orgs/PeruHCE/sources/sihsalus/mappings/e4891b09-1a43-492f-9aa2-4fe6d9f9d4a3/", "reference_type": "mappings", "id": 9685893, "last_resolved_at": "2025-02-18T20:35:59.383077Z", "uri": "/orgs/PeruHCE/collections/Programs/1.0.1/references/9685893/", "uuid": "9685893", "include": true, "type": "CollectionReference"}, {"expression": "/orgs/PeruHCE/sources/sihsalus/mappings/9b24198a-7f37-445b-bcfd-c81135800e20/", "reference_type": "mappings", "id": 9685892, "last_resolved_at": "2025-02-18T20:35:59.355624Z", "uri": "/orgs/PeruHCE/collections/Programs/1.0.1/references/9685892/", "uuid": "9685892", "include": true, "type": "CollectionReference"}, {"expression": "/orgs/PeruHCE/sources/sihsalus/mappings/236573db-5a52-4f7d-b59b-1c70e843ebdf/", "reference_type": "mappings", "id": 9685891, "last_resolved_at": "2025-02-18T20:35:59.324400Z", "uri": "/orgs/PeruHCE/collections/Programs/1.0.1/references/9685891/", "uuid": "9685891", "include": true, "type": "CollectionReference"}, {"expression": "/orgs/PeruHCE/sources/sihsalus/mappings/fcce7222-fc5f-415a-822c-cbed1a64a360/", "reference_type": "mappings", "id": 9685890, "last_resolved_at": "2025-02-18T20:35:59.296621Z", "uri": "/orgs/PeruHCE/collections/Programs/1.0.1/references/9685890/", "uuid": "9685890", "include": true, "type": "CollectionReference"}, {"expression": "/orgs/PeruHCE/sources/sihsalus/mappings/51c60122-500f-48b3-9513-b0ee6fbd03e7/", "reference_type": "mappings", "id": 9685889, "last_resolved_at": "2025-02-18T20:35:59.269160Z", "uri": "/orgs/PeruHCE/collections/Programs/1.0.1/references/9685889/", "uuid": "9685889", "include": true, "type": "CollectionReference"}, {"expression": "/orgs/PeruHCE/sources/sihsalus/mappings/c0aed8f5-855b-4724-8df6-09ddf919b178/", "reference_type": "mappings", "id": 9685888, "last_resolved_at": "2025-02-18T20:35:59.237088Z", "uri": "/orgs/PeruHCE/collections/Programs/1.0.1/references/9685888/", "uuid": "9685888", "include": true, "type": "CollectionReference"}, {"expression": "/orgs/PeruHCE/sources/sihsalus/concepts/23/", "reference_type": "concepts", "id": 9685887, "last_resolved_at": "2025-02-18T20:35:59.210778Z", "uri": "/orgs/PeruHCE/collections/Programs/1.0.1/references/9685887/", "uuid": "9685887", "include": true, "type": "CollectionReference"}, {"expression": "/orgs/PeruHCE/sources/sihsalus/concepts/20/", "reference_type": "concepts", "id": 9685886, "last_resolved_at": "2025-02-18T20:35:59.183645Z", "uri": "/orgs/PeruHCE/collections/Programs/1.0.1/references/9685886/", "uuid": "9685886", "include": true, "type": "CollectionReference"}, {"expression": "/orgs/PeruHCE/sources/sihsalus/concepts/21/", "reference_type": "concepts", "id": 9685885, "last_resolved_at": "2025-02-18T20:35:59.156160Z", "uri": "/orgs/PeruHCE/collections/Programs/1.0.1/references/9685885/", "uuid": "9685885", "include": true, "type": "CollectionReference"}, {"expression": "/orgs/PeruHCE/sources/sihsalus/concepts/24/", "reference_type": "concepts", "id": 9685884, "last_resolved_at": "2025-02-18T20:35:59.128938Z", "uri": "/orgs/PeruHCE/collections/Programs/1.0.1/references/9685884/", "uuid": "9685884", "include": true, "type": "CollectionReference"}, {"expression": "/orgs/PeruHCE/sources/sihsalus/concepts/22/", "reference_type": "concepts", "id": 9685883, "last_resolved_at": "2025-02-18T20:35:59.098263Z", "uri": "/orgs/PeruHCE/collections/Programs/1.0.1/references/9685883/", "uuid": "9685883", "include": true, "type": "CollectionReference"}], "mappings": [{"extras": {}, "checksums": {"smart": "a0ada478f06db457408384872d31a14e", "standard": "163c36a5e10b43c313472b51a30c1c7e"}, "external_id": "e3e8fb9c-1340-4a91-83d8-5777c0c3807e", "retired": false, "map_type": "SAME-AS", "source": "sihsalus", "owner": "PeruHCE", "owner_type": "Organization", "from_concept_code": "24", "from_concept_name": null, "from_concept_url": "/orgs/PeruHCE/sources/sihsalus/concepts/24/", "to_concept_code": "24", "to_concept_name": null, "to_concept_url": "/orgs/PeruHCE/sources/sihsalus/concepts/24/", "from_source_owner": "PeruHCE", "from_source_owner_type": "Organization", "from_source_url": "/orgs/PeruHCE/sources/PERUHCE/", "from_source_name": "sihsalus", "to_source_owner": "PeruHCE", "to_source_owner_type": "Organization", "to_source_url": "/orgs/PeruHCE/sources/PERUHCE/", "to_source_name": "sihsalus", "url": "/orgs/PeruHCE/sources/sihsalus/mappings/c0aed8f5-855b-4724-8df6-09ddf919b178/", "version": "9716783", "id": "c0aed8f5-855b-4724-8df6-09ddf919b178", "versioned_object_id": 9716782, "versioned_object_url": "/orgs/PeruHCE/sources/sihsalus/mappings/c0aed8f5-855b-4724-8df6-09ddf919b178/", "is_latest_version": true, "update_comment": null, "version_url": "/orgs/PeruHCE/sources/sihsalus/mappings/c0aed8f5-855b-4724-8df6-09ddf919b178/9716783/", "uuid": "9716783", "version_created_on": "2025-01-18T21:16:55.805636Z", "from_source_version": null, "to_source_version": null, "from_concept_name_resolved": "Esquema de Vacunaci\u00f3n para Adultos", "to_concept_name_resolved": "Esquema de Vacunaci\u00f3n para Adultos", "type": "Mapping", "sort_weight": null, "version_updated_on": "2025-01-18T21:16:55.824982Z", "version_updated_by": "duvet05", "latest_source_version": "2025-02-18-04", "created_on": "2025-01-18T21:16:55.805636Z", "updated_on": "2025-01-18T21:16:55.824982Z", "created_by": "duvet05", "updated_by": "duvet05", "public_can_view": true}, {"extras": {}, "checksums": {"smart": "cbe88f9dafbb815cb5ad57ac5b193557", "standard": "41cc3ec4e3da492d64e1ae31feb5b387"}, "external_id": "77149963-0840-416f-9b31-6e38d36c57df", "retired": false, "map_type": "CONCEPT-SET", "source": "sihsalus", "owner": "PeruHCE", "owner_type": "Organization", "from_concept_code": "24", "from_concept_name": null, "from_concept_url": "/orgs/PeruHCE/sources/sihsalus/concepts/24/", "to_concept_code": "20", "to_concept_name": null, "to_concept_url": "/orgs/PeruHCE/sources/sihsalus/concepts/20/", "from_source_owner": "PeruHCE", "from_source_owner_type": "Organization", "from_source_url": "/orgs/PeruHCE/sources/PERUHCE/", "from_source_name": "sihsalus", "to_source_owner": "PeruHCE", "to_source_owner_type": "Organization", "to_source_url": "/orgs/PeruHCE/sources/PERUHCE/", "to_source_name": "sihsalus", "url": "/orgs/PeruHCE/sources/sihsalus/mappings/b4a6a09c-f9b3-4027-9060-e61592f4813a/", "version": "9716779", "id": "b4a6a09c-f9b3-4027-9060-e61592f4813a", "versioned_object_id": 9716778, "versioned_object_url": "/orgs/PeruHCE/sources/sihsalus/mappings/b4a6a09c-f9b3-4027-9060-e61592f4813a/", "is_latest_version": true, "update_comment": null, "version_url": "/orgs/PeruHCE/sources/sihsalus/mappings/b4a6a09c-f9b3-4027-9060-e61592f4813a/9716779/", "uuid": "9716779", "version_created_on": "2025-01-18T21:16:55.473082Z", "from_source_version": null, "to_source_version": null, "from_concept_name_resolved": "Esquema de Vacunaci\u00f3n para Adultos", "to_concept_name_resolved": "Esquema de Vacunaci\u00f3n", "type": "Mapping", "sort_weight": null, "version_updated_on": "2025-01-18T21:16:55.488177Z", "version_updated_by": "duvet05", "latest_source_version": "2025-02-18-04", "created_on": "2025-01-18T21:16:55.473082Z", "updated_on": "2025-01-18T21:16:55.488177Z", "created_by": "duvet05", "updated_by": "duvet05", "public_can_view": true}, {"extras": {}, "checksums": {"smart": "e788ec94133c74457f9a9c35cb13341a", "standard": "d64ac923cc3926054d3d84f2bb83733c"}, "external_id": "09e08049-29ff-45de-8d1d-d7334920375a", "retired": false, "map_type": "SAME-AS", "source": "sihsalus", "owner": "PeruHCE", "owner_type": "Organization", "from_concept_code": "23", "from_concept_name": null, "from_concept_url": "/orgs/PeruHCE/sources/sihsalus/concepts/23/", "to_concept_code": "23", "to_concept_name": null, "to_concept_url": "/orgs/PeruHCE/sources/sihsalus/concepts/23/", "from_source_owner": "PeruHCE", "from_source_owner_type": "Organization", "from_source_url": "/orgs/PeruHCE/sources/PERUHCE/", "from_source_name": "sihsalus", "to_source_owner": "PeruHCE", "to_source_owner_type": "Organization", "to_source_url": "/orgs/PeruHCE/sources/PERUHCE/", "to_source_name": "sihsalus", "url": "/orgs/PeruHCE/sources/sihsalus/mappings/49f2d3e7-aa67-4d36-95dd-95d56af270e1/", "version": "9716775", "id": "49f2d3e7-aa67-4d36-95dd-95d56af270e1", "versioned_object_id": 9716774, "versioned_object_url": "/orgs/PeruHCE/sources/sihsalus/mappings/49f2d3e7-aa67-4d36-95dd-95d56af270e1/", "is_latest_version": true, "update_comment": null, "version_url": "/orgs/PeruHCE/sources/sihsalus/mappings/49f2d3e7-aa67-4d36-95dd-95d56af270e1/9716775/", "uuid": "9716775", "version_created_on": "2025-01-18T21:16:54.413503Z", "from_source_version": null, "to_source_version": null, "from_concept_name_resolved": "Esquema de Vacunaci\u00f3n para Viajeros", "to_concept_name_resolved": "Esquema de Vacunaci\u00f3n para Viajeros", "type": "Mapping", "sort_weight": null, "version_updated_on": "2025-01-18T21:16:54.426451Z", "version_updated_by": "duvet05", "latest_source_version": "2025-02-18-04", "created_on": "2025-01-18T21:16:54.413503Z", "updated_on": "2025-01-18T21:16:54.426451Z", "created_by": "duvet05", "updated_by": "duvet05", "public_can_view": true}, {"extras": {}, "checksums": {"smart": "60ea597ed76d6b40806ef3a88463ca84", "standard": "a76ea491aa686261f0783e847cc91af0"}, "external_id": "63c92e0b-3d30-4dd9-9d68-8c6adcc7e4f3", "retired": false, "map_type": "CONCEPT-SET", "source": "sihsalus", "owner": "PeruHCE", "owner_type": "Organization", "from_concept_code": "23", "from_concept_name": null, "from_concept_url": "/orgs/PeruHCE/sources/sihsalus/concepts/23/", "to_concept_code": "20", "to_concept_name": null, "to_concept_url": "/orgs/PeruHCE/sources/sihsalus/concepts/20/", "from_source_owner": "PeruHCE", "from_source_owner_type": "Organization", "from_source_url": "/orgs/PeruHCE/sources/PERUHCE/", "from_source_name": "sihsalus", "to_source_owner": "PeruHCE", "to_source_owner_type": "Organization", "to_source_url": "/orgs/PeruHCE/sources/PERUHCE/", "to_source_name": "sihsalus", "url": "/orgs/PeruHCE/sources/sihsalus/mappings/fcce7222-fc5f-415a-822c-cbed1a64a360/", "version": "9716771", "id": "fcce7222-fc5f-415a-822c-cbed1a64a360", "versioned_object_id": 9716770, "versioned_object_url": "/orgs/PeruHCE/sources/sihsalus/mappings/fcce7222-fc5f-415a-822c-cbed1a64a360/", "is_latest_version": true, "update_comment": null, "version_url": "/orgs/PeruHCE/sources/sihsalus/mappings/fcce7222-fc5f-415a-822c-cbed1a64a360/9716771/", "uuid": "9716771", "version_created_on": "2025-01-18T21:16:54.120809Z", "from_source_version": null, "to_source_version": null, "from_concept_name_resolved": "Esquema de Vacunaci\u00f3n para Viajeros", "to_concept_name_resolved": "Esquema de Vacunaci\u00f3n", "type": "Mapping", "sort_weight": null, "version_updated_on": "2025-01-18T21:16:54.130294Z", "version_updated_by": "duvet05", "latest_source_version": "2025-02-18-04", "created_on": "2025-01-18T21:16:54.120809Z", "updated_on": "2025-01-18T21:16:54.130294Z", "created_by": "duvet05", "updated_by": "duvet05", "public_can_view": true}, {"extras": {}, "checksums": {"smart": "434dcbdc3ecada7d77c4a4adf3a7a7ae", "standard": "f2b776ce7671b86771bdbfafd3584c37"}, "external_id": "62a438ce-beea-49e3-8ae1-812373f69f96", "retired": false, "map_type": "SAME-AS", "source": "sihsalus", "owner": "PeruHCE", "owner_type": "Organization", "from_concept_code": "22", "from_concept_name": null, "from_concept_url": "/orgs/PeruHCE/sources/sihsalus/concepts/22/", "to_concept_code": "22", "to_concept_name": null, "to_concept_url": "/orgs/PeruHCE/sources/sihsalus/concepts/22/", "from_source_owner": "PeruHCE", "from_source_owner_type": "Organization", "from_source_url": "/orgs/PeruHCE/sources/PERUHCE/", "from_source_name": "sihsalus", "to_source_owner": "PeruHCE", "to_source_owner_type": "Organization", "to_source_url": "/orgs/PeruHCE/sources/PERUHCE/", "to_source_name": "sihsalus", "url": "/orgs/PeruHCE/sources/sihsalus/mappings/51c60122-500f-48b3-9513-b0ee6fbd03e7/", "version": "9716769", "id": "51c60122-500f-48b3-9513-b0ee6fbd03e7", "versioned_object_id": 9716768, "versioned_object_url": "/orgs/PeruHCE/sources/sihsalus/mappings/51c60122-500f-48b3-9513-b0ee6fbd03e7/", "is_latest_version": true, "update_comment": null, "version_url": "/orgs/PeruHCE/sources/sihsalus/mappings/51c60122-500f-48b3-9513-b0ee6fbd03e7/9716769/", "uuid": "9716769", "version_created_on": "2025-01-18T21:16:53.844821Z", "from_source_version": null, "to_source_version": null, "from_concept_name_resolved": "Esquema de Vacunaci\u00f3n para Personas Mayores", "to_concept_name_resolved": "Esquema de Vacunaci\u00f3n para Personas Mayores", "type": "Mapping", "sort_weight": null, "version_updated_on": "2025-01-18T21:16:53.859765Z", "version_updated_by": "duvet05", "latest_source_version": "2025-02-18-04", "created_on": "2025-01-18T21:16:53.844821Z", "updated_on": "2025-01-18T21:16:53.859765Z", "created_by": "duvet05", "updated_by": "duvet05", "public_can_view": true}, {"extras": {}, "checksums": {"smart": "e20ad0c9042d29b5cf207dcc4d860512", "standard": "6691214a8b314dee3fad98eee9648f48"}, "external_id": "bb9357f8-cd0a-49b4-bcd4-38f1678138d5", "retired": false, "map_type": "CONCEPT-SET", "source": "sihsalus", "owner": "PeruHCE", "owner_type": "Organization", "from_concept_code": "22", "from_concept_name": null, "from_concept_url": "/orgs/PeruHCE/sources/sihsalus/concepts/22/", "to_concept_code": "20", "to_concept_name": null, "to_concept_url": "/orgs/PeruHCE/sources/sihsalus/concepts/20/", "from_source_owner": "PeruHCE", "from_source_owner_type": "Organization", "from_source_url": "/orgs/PeruHCE/sources/PERUHCE/", "from_source_name": "sihsalus", "to_source_owner": "PeruHCE", "to_source_owner_type": "Organization", "to_source_url": "/orgs/PeruHCE/sources/PERUHCE/", "to_source_name": "sihsalus", "url": "/orgs/PeruHCE/sources/sihsalus/mappings/9b24198a-7f37-445b-bcfd-c81135800e20/", "version": "9716765", "id": "9b24198a-7f37-445b-bcfd-c81135800e20", "versioned_object_id": 9716764, "versioned_object_url": "/orgs/PeruHCE/sources/sihsalus/mappings/9b24198a-7f37-445b-bcfd-c81135800e20/", "is_latest_version": true, "update_comment": null, "version_url": "/orgs/PeruHCE/sources/sihsalus/mappings/9b24198a-7f37-445b-bcfd-c81135800e20/9716765/", "uuid": "9716765", "version_created_on": "2025-01-18T21:16:53.491131Z", "from_source_version": null, "to_source_version": null, "from_concept_name_resolved": "Esquema de Vacunaci\u00f3n para Personas Mayores", "to_concept_name_resolved": "Esquema de Vacunaci\u00f3n", "type": "Mapping", "sort_weight": null, "version_updated_on": "2025-01-18T21:16:53.498944Z", "version_updated_by": "duvet05", "latest_source_version": "2025-02-18-04", "created_on": "2025-01-18T21:16:53.491131Z", "updated_on": "2025-01-18T21:16:53.498944Z", "created_by": "duvet05", "updated_by": "duvet05", "public_can_view": true}, {"extras": {}, "checksums": {"smart": "9447bd8c844ee8ce9a5835bfa0819025", "standard": "0a47fb79cb3c1da1e183e0377bdb1154"}, "external_id": "8b711bc6-f93e-4952-a78e-74e91757bb58", "retired": false, "map_type": "SAME-AS", "source": "sihsalus", "owner": "PeruHCE", "owner_type": "Organization", "from_concept_code": "21", "from_concept_name": null, "from_concept_url": "/orgs/PeruHCE/sources/sihsalus/concepts/21/", "to_concept_code": "21", "to_concept_name": null, "to_concept_url": "/orgs/PeruHCE/sources/sihsalus/concepts/21/", "from_source_owner": "PeruHCE", "from_source_owner_type": "Organization", "from_source_url": "/orgs/PeruHCE/sources/PERUHCE/", "from_source_name": "sihsalus", "to_source_owner": "PeruHCE", "to_source_owner_type": "Organization", "to_source_url": "/orgs/PeruHCE/sources/PERUHCE/", "to_source_name": "sihsalus", "url": "/orgs/PeruHCE/sources/sihsalus/mappings/e7616669-3468-4cf9-bb42-529712079768/", "version": "9716763", "id": "e7616669-3468-4cf9-bb42-529712079768", "versioned_object_id": 9716762, "versioned_object_url": "/orgs/PeruHCE/sources/sihsalus/mappings/e7616669-3468-4cf9-bb42-529712079768/", "is_latest_version": true, "update_comment": null, "version_url": "/orgs/PeruHCE/sources/sihsalus/mappings/e7616669-3468-4cf9-bb42-529712079768/9716763/", "uuid": "9716763", "version_created_on": "2025-01-18T21:16:53.293181Z", "from_source_version": null, "to_source_version": null, "from_concept_name_resolved": "Esquema de Vacunaci\u00f3n Infantil", "to_concept_name_resolved": "Esquema de Vacunaci\u00f3n Infantil", "type": "Mapping", "sort_weight": null, "version_updated_on": "2025-01-18T21:16:53.303572Z", "version_updated_by": "duvet05", "latest_source_version": "2025-02-18-04", "created_on": "2025-01-18T21:16:53.293181Z", "updated_on": "2025-01-18T21:16:53.303572Z", "created_by": "duvet05", "updated_by": "duvet05", "public_can_view": true}, {"extras": {}, "checksums": {"smart": "b07e772c24264b144d53cbdabd6de97f", "standard": "51b13a8efaf34ccd2e85e0377631d85d"}, "external_id": "462e7af5-ac04-4927-af40-5b2098ef515f", "retired": false, "map_type": "CONCEPT-SET", "source": "sihsalus", "owner": "PeruHCE", "owner_type": "Organization", "from_concept_code": "21", "from_concept_name": null, "from_concept_url": "/orgs/PeruHCE/sources/sihsalus/concepts/21/", "to_concept_code": "20", "to_concept_name": null, "to_concept_url": "/orgs/PeruHCE/sources/sihsalus/concepts/20/", "from_source_owner": "PeruHCE", "from_source_owner_type": "Organization", "from_source_url": "/orgs/PeruHCE/sources/PERUHCE/", "from_source_name": "sihsalus", "to_source_owner": "PeruHCE", "to_source_owner_type": "Organization", "to_source_url": "/orgs/PeruHCE/sources/PERUHCE/", "to_source_name": "sihsalus", "url": "/orgs/PeruHCE/sources/sihsalus/mappings/236573db-5a52-4f7d-b59b-1c70e843ebdf/", "version": "9716761", "id": "236573db-5a52-4f7d-b59b-1c70e843ebdf", "versioned_object_id": 9716760, "versioned_object_url": "/orgs/PeruHCE/sources/sihsalus/mappings/236573db-5a52-4f7d-b59b-1c70e843ebdf/", "is_latest_version": true, "update_comment": null, "version_url": "/orgs/PeruHCE/sources/sihsalus/mappings/236573db-5a52-4f7d-b59b-1c70e843ebdf/9716761/", "uuid": "9716761", "version_created_on": "2025-01-18T21:16:53.087937Z", "from_source_version": null, "to_source_version": null, "from_concept_name_resolved": "Esquema de Vacunaci\u00f3n Infantil", "to_concept_name_resolved": "Esquema de Vacunaci\u00f3n", "type": "Mapping", "sort_weight": null, "version_updated_on": "2025-01-18T21:16:53.096129Z", "version_updated_by": "duvet05", "latest_source_version": "2025-02-18-04", "created_on": "2025-01-18T21:16:53.087937Z", "updated_on": "2025-01-18T21:16:53.096129Z", "created_by": "duvet05", "updated_by": "duvet05", "public_can_view": true}, {"extras": {}, "checksums": {"smart": "17cfa5c85e803104791821e64208dd3f", "standard": "959bbebe9b28431194893942eb0f5cbe"}, "external_id": "dd92d739-1729-4a44-9b69-f2143be3a7a3", "retired": false, "map_type": "SAME-AS", "source": "sihsalus", "owner": "PeruHCE", "owner_type": "Organization", "from_concept_code": "20", "from_concept_name": null, "from_concept_url": "/orgs/PeruHCE/sources/sihsalus/concepts/20/", "to_concept_code": "20", "to_concept_name": null, "to_concept_url": "/orgs/PeruHCE/sources/sihsalus/concepts/20/", "from_source_owner": "PeruHCE", "from_source_owner_type": "Organization", "from_source_url": "/orgs/PeruHCE/sources/PERUHCE/", "from_source_name": "sihsalus", "to_source_owner": "PeruHCE", "to_source_owner_type": "Organization", "to_source_url": "/orgs/PeruHCE/sources/PERUHCE/", "to_source_name": "sihsalus", "url": "/orgs/PeruHCE/sources/sihsalus/mappings/e4891b09-1a43-492f-9aa2-4fe6d9f9d4a3/", "version": "9716759", "id": "e4891b09-1a43-492f-9aa2-4fe6d9f9d4a3", "versioned_object_id": 9716758, "versioned_object_url": "/orgs/PeruHCE/sources/sihsalus/mappings/e4891b09-1a43-492f-9aa2-4fe6d9f9d4a3/", "is_latest_version": true, "update_comment": null, "version_url": "/orgs/PeruHCE/sources/sihsalus/mappings/e4891b09-1a43-492f-9aa2-4fe6d9f9d4a3/9716759/", "uuid": "9716759", "version_created_on": "2025-01-18T21:16:52.887223Z", "from_source_version": null, "to_source_version": null, "from_concept_name_resolved": "Esquema de Vacunaci\u00f3n", "to_concept_name_resolved": "Esquema de Vacunaci\u00f3n", "type": "Mapping", "sort_weight": null, "version_updated_on": "2025-01-18T21:16:52.896004Z", "version_updated_by": "duvet05", "latest_source_version": "2025-02-18-04", "created_on": "2025-01-18T21:16:52.887223Z", "updated_on": "2025-01-18T21:16:52.896004Z", "created_by": "duvet05", "updated_by": "duvet05", "public_can_view": true}, {"extras": {}, "checksums": {"smart": "68cfe5887aedbb4906894a3ae4ec5289", "standard": "1ff66fb78669d398367308072b63fc3a"}, "external_id": "7c279431-cf7b-4d50-b2b5-636417fc8b1a", "retired": false, "map_type": "Q-AND-A", "source": "sihsalus", "owner": "PeruHCE", "owner_type": "Organization", "from_concept_code": "20", "from_concept_name": null, "from_concept_url": "/orgs/PeruHCE/sources/sihsalus/concepts/20/", "to_concept_code": "23", "to_concept_name": null, "to_concept_url": "/orgs/PeruHCE/sources/sihsalus/concepts/23/", "from_source_owner": "PeruHCE", "from_source_owner_type": "Organization", "from_source_url": "/orgs/PeruHCE/sources/PERUHCE/", "from_source_name": "sihsalus", "to_source_owner": "PeruHCE", "to_source_owner_type": "Organization", "to_source_url": "/orgs/PeruHCE/sources/PERUHCE/", "to_source_name": "sihsalus", "url": "/orgs/PeruHCE/sources/sihsalus/mappings/0e148f52-0477-4d91-b467-dff2ef13f480/", "version": "9716757", "id": "0e148f52-0477-4d91-b467-dff2ef13f480", "versioned_object_id": 9716756, "versioned_object_url": "/orgs/PeruHCE/sources/sihsalus/mappings/0e148f52-0477-4d91-b467-dff2ef13f480/", "is_latest_version": true, "update_comment": null, "version_url": "/orgs/PeruHCE/sources/sihsalus/mappings/0e148f52-0477-4d91-b467-dff2ef13f480/9716757/", "uuid": "9716757", "version_created_on": "2025-01-18T21:16:52.713561Z", "from_source_version": null, "to_source_version": null, "from_concept_name_resolved": "Esquema de Vacunaci\u00f3n", "to_concept_name_resolved": "Esquema de Vacunaci\u00f3n para Viajeros", "type": "Mapping", "sort_weight": null, "version_updated_on": "2025-01-18T21:16:52.722147Z", "version_updated_by": "duvet05", "latest_source_version": "2025-02-18-04", "created_on": "2025-01-18T21:16:52.713561Z", "updated_on": "2025-01-18T21:16:52.722147Z", "created_by": "duvet05", "updated_by": "duvet05", "public_can_view": true}, {"extras": {}, "checksums": {"smart": "de4310f98f8efe053305a49a652225f6", "standard": "cd3a00be9caf9e3bfae91a1801f5764e"}, "external_id": "4d243a69-4add-477c-93b8-1123b24264f1", "retired": false, "map_type": "Q-AND-A", "source": "sihsalus", "owner": "PeruHCE", "owner_type": "Organization", "from_concept_code": "20", "from_concept_name": null, "from_concept_url": "/orgs/PeruHCE/sources/sihsalus/concepts/20/", "to_concept_code": "22", "to_concept_name": null, "to_concept_url": "/orgs/PeruHCE/sources/sihsalus/concepts/22/", "from_source_owner": "PeruHCE", "from_source_owner_type": "Organization", "from_source_url": "/orgs/PeruHCE/sources/PERUHCE/", "from_source_name": "sihsalus", "to_source_owner": "PeruHCE", "to_source_owner_type": "Organization", "to_source_url": "/orgs/PeruHCE/sources/PERUHCE/", "to_source_name": "sihsalus", "url": "/orgs/PeruHCE/sources/sihsalus/mappings/46f391ee-4698-4a09-aa17-9756e26c08fd/", "version": "9716755", "id": "46f391ee-4698-4a09-aa17-9756e26c08fd", "versioned_object_id": 9716754, "versioned_object_url": "/orgs/PeruHCE/sources/sihsalus/mappings/46f391ee-4698-4a09-aa17-9756e26c08fd/", "is_latest_version": true, "update_comment": null, "version_url": "/orgs/PeruHCE/sources/sihsalus/mappings/46f391ee-4698-4a09-aa17-9756e26c08fd/9716755/", "uuid": "9716755", "version_created_on": "2025-01-18T21:16:52.554743Z", "from_source_version": null, "to_source_version": null, "from_concept_name_resolved": "Esquema de Vacunaci\u00f3n", "to_concept_name_resolved": "Esquema de Vacunaci\u00f3n para Personas Mayores", "type": "Mapping", "sort_weight": null, "version_updated_on": "2025-01-18T21:16:52.569480Z", "version_updated_by": "duvet05", "latest_source_version": "2025-02-18-04", "created_on": "2025-01-18T21:16:52.554743Z", "updated_on": "2025-01-18T21:16:52.569480Z", "created_by": "duvet05", "updated_by": "duvet05", "public_can_view": true}, {"extras": {}, "checksums": {"smart": "c7cec12d75f64cbecacf270aa6c3a174", "standard": "5cd41b2cb467223d942d2c5bf918d35b"}, "external_id": "fc9ffc98-4f17-4aa4-9954-bb54fce56e28", "retired": false, "map_type": "Q-AND-A", "source": "sihsalus", "owner": "PeruHCE", "owner_type": "Organization", "from_concept_code": "20", "from_concept_name": null, "from_concept_url": "/orgs/PeruHCE/sources/sihsalus/concepts/20/", "to_concept_code": "21", "to_concept_name": null, "to_concept_url": "/orgs/PeruHCE/sources/sihsalus/concepts/21/", "from_source_owner": "PeruHCE", "from_source_owner_type": "Organization", "from_source_url": "/orgs/PeruHCE/sources/PERUHCE/", "from_source_name": "sihsalus", "to_source_owner": "PeruHCE", "to_source_owner_type": "Organization", "to_source_url": "/orgs/PeruHCE/sources/PERUHCE/", "to_source_name": "sihsalus", "url": "/orgs/PeruHCE/sources/sihsalus/mappings/c04bf1f3-85b6-4593-af67-969e362f816a/", "version": "9716753", "id": "c04bf1f3-85b6-4593-af67-969e362f816a", "versioned_object_id": 9716752, "versioned_object_url": "/orgs/PeruHCE/sources/sihsalus/mappings/c04bf1f3-85b6-4593-af67-969e362f816a/", "is_latest_version": true, "update_comment": null, "version_url": "/orgs/PeruHCE/sources/sihsalus/mappings/c04bf1f3-85b6-4593-af67-969e362f816a/9716753/", "uuid": "9716753", "version_created_on": "2025-01-18T21:16:52.356551Z", "from_source_version": null, "to_source_version": null, "from_concept_name_resolved": "Esquema de Vacunaci\u00f3n", "to_concept_name_resolved": "Esquema de Vacunaci\u00f3n Infantil", "type": "Mapping", "sort_weight": null, "version_updated_on": "2025-01-18T21:16:52.377991Z", "version_updated_by": "duvet05", "latest_source_version": "2025-02-18-04", "created_on": "2025-01-18T21:16:52.356551Z", "updated_on": "2025-01-18T21:16:52.377991Z", "created_by": "duvet05", "updated_by": "duvet05", "public_can_view": true}], "export_time": "7.63secs"}